country,year,category,trade_usd,weight_kg
Afghanistan,2015,38_miscellaneous_chemical_products,46919,0.0
Albania,1996,28_inorganic_chemicals_precious_metal_compound_isotope,471460,2371302.0
Albania,1996,29_organic_chemicals,72849,775232.0
Albania,1996,30_pharmaceutical_products,254085,31952.0
Albania,1996,31_fertilizers,1146506,20438339.0
Albania,1996,38_miscellaneous_chemical_products,21451,27593.0
Albania,1996,39_plastics_and_articles_thereof,971674,1154591.0
Albania,1997,28_inorganic_chemicals_precious_metal_compound_isotope,358660,525039.0
Albania,1997,29_organic_chemicals,36493,46347.0
Albania,1997,30_pharmaceutical_products,16,100.0
Albania,1997,31_fertilizers,363362,5667699.0
Albania,1997,38_miscellaneous_chemical_products,23332,2500.0
Albania,1997,39_plastics_and_articles_thereof,394598,578772.0
Albania,1998,28_inorganic_chemicals_precious_metal_compound_isotope,352883,1559289.0
Albania,1998,29_organic_chemicals,1306,2312.0
Albania,1998,30_pharmaceutical_products,64631,9462.0
Albania,1998,38_miscellaneous_chemical_products,51632,12451.0
Albania,1998,39_plastics_and_articles_thereof,1085157,540309.0
Albania,1999,28_inorganic_chemicals_precious_metal_compound_isotope,192696,787668.0
Albania,1999,29_organic_chemicals,18196,187.0
Albania,1999,30_pharmaceutical_products,60162,55286.0
Albania,1999,38_miscellaneous_chemical_products,9042,25803.0
Albania,1999,39_plastics_and_articles_thereof,1478386,526136.0
Albania,2000,28_inorganic_chemicals_precious_metal_compound_isotope,357017,967665.0
Albania,2000,29_organic_chemicals,55948,11855.0
Albania,2000,30_pharmaceutical_products,285662,27729.0
Albania,2000,38_miscellaneous_chemical_products,4088,26800.0
Albania,2000,39_plastics_and_articles_thereof,888622,927035.0
Albania,2001,28_inorganic_chemicals_precious_metal_compound_isotope,1660618,5676214.0
Albania,2001,29_organic_chemicals,56593,3381.0
Albania,2001,30_pharmaceutical_products,822600,24920.0
Albania,2001,31_fertilizers,6822,49250.0
Albania,2001,38_miscellaneous_chemical_products,74640,257802.0
Albania,2001,39_plastics_and_articles_thereof,755658,546952.0
Albania,2002,28_inorganic_chemicals_precious_metal_compound_isotope,469665,773050.0
Albania,2002,29_organic_chemicals,6093,857.0
Albania,2002,30_pharmaceutical_products,586808,27888.0
Albania,2002,31_fertilizers,123318,2944324.0
Albania,2002,38_miscellaneous_chemical_products,164058,420592.0
Albania,2002,39_plastics_and_articles_thereof,572175,760243.0
Albania,2003,28_inorganic_chemicals_precious_metal_compound_isotope,1028415,1790275.0
Albania,2003,29_organic_chemicals,51361,71682.0
Albania,2003,30_pharmaceutical_products,825690,34029.0
Albania,2003,31_fertilizers,4809,30000.0
Albania,2003,38_miscellaneous_chemical_products,174560,163790.0
Albania,2003,39_plastics_and_articles_thereof,440430,719964.0
Albania,2004,28_inorganic_chemicals_precious_metal_compound_isotope,424953,709256.0
Albania,2004,29_organic_chemicals,7185,4784.0
Albania,2004,30_pharmaceutical_products,661581,29033.0
Albania,2004,31_fertilizers,37211,159976.0
Albania,2004,38_miscellaneous_chemical_products,173664,35784.0
Albania,2004,39_plastics_and_articles_thereof,1288660,1134762.0
Albania,2005,28_inorganic_chemicals_precious_metal_compound_isotope,865091,4136975.0
Albania,2005,29_organic_chemicals,8069,25685.0
Albania,2005,30_pharmaceutical_products,677831,34577.0
Albania,2005,31_fertilizers,226873,1101677.0
Albania,2005,38_miscellaneous_chemical_products,376883,318789.0
Albania,2005,39_plastics_and_articles_thereof,2923611,3358311.0
Albania,2006,28_inorganic_chemicals_precious_metal_compound_isotope,440498,957417.0
Albania,2006,29_organic_chemicals,23465,18685.0
Albania,2006,30_pharmaceutical_products,449090,35441.0
Albania,2006,31_fertilizers,34566,215403.0
Albania,2006,38_miscellaneous_chemical_products,116555,506077.0
Albania,2006,39_plastics_and_articles_thereof,5917983,5053245.0
Albania,2007,28_inorganic_chemicals_precious_metal_compound_isotope,840772,1136748.0
Albania,2007,29_organic_chemicals,15895,4425.0
Albania,2007,30_pharmaceutical_products,891868,58455.0
Albania,2007,38_miscellaneous_chemical_products,172787,31929.0
Albania,2007,39_plastics_and_articles_thereof,4678939,24248693.0
Albania,2008,28_inorganic_chemicals_precious_metal_compound_isotope,730398,806096.0
Albania,2008,29_organic_chemicals,43682,10755.0
Albania,2008,30_pharmaceutical_products,1016217,64301.0
Albania,2008,31_fertilizers,15074,85000.0
Albania,2008,38_miscellaneous_chemical_products,197410,153892.0
Albania,2008,39_plastics_and_articles_thereof,9278883,5305225.0
Albania,2009,28_inorganic_chemicals_precious_metal_compound_isotope,727781,752908.0
Albania,2009,29_organic_chemicals,6139,1025.0
Albania,2009,30_pharmaceutical_products,1471836,85334.0
Albania,2009,31_fertilizers,12675,50000.0
Albania,2009,38_miscellaneous_chemical_products,1143903,1223011.0
Albania,2009,39_plastics_and_articles_thereof,9854089,5602809.0
Albania,2010,28_inorganic_chemicals_precious_metal_compound_isotope,417648,419950.0
Albania,2010,29_organic_chemicals,34748,123745.0
Albania,2010,30_pharmaceutical_products,1621071,28866.0
Albania,2010,31_fertilizers,379379,1002122.0
Albania,2010,38_miscellaneous_chemical_products,778703,1179185.0
Albania,2010,39_plastics_and_articles_thereof,9317979,6885353.0
Albania,2011,28_inorganic_chemicals_precious_metal_compound_isotope,439314,565955.0
Albania,2011,29_organic_chemicals,410076,852185.0
Albania,2011,30_pharmaceutical_products,2072052,149070.0
Albania,2011,31_fertilizers,879947,2239400.0
Albania,2011,38_miscellaneous_chemical_products,7800511,6324803.0
Albania,2011,39_plastics_and_articles_thereof,10795623,8517511.0
Albania,2012,28_inorganic_chemicals_precious_metal_compound_isotope,533298,2497957.0
Albania,2012,29_organic_chemicals,38303,13385.0
Albania,2012,30_pharmaceutical_products,1383208,59325.0
Albania,2012,31_fertilizers,246921,233404.0
Albania,2012,38_miscellaneous_chemical_products,681725,1195377.0
Albania,2012,39_plastics_and_articles_thereof,8662161,6937373.0
Albania,2013,28_inorganic_chemicals_precious_metal_compound_isotope,901119,4959387.0
Albania,2013,29_organic_chemicals,393590,389068.0
Albania,2013,30_pharmaceutical_products,1546720,90691.0
Albania,2013,31_fertilizers,71837,127946.0
Albania,2013,38_miscellaneous_chemical_products,1766499,11655294.0
Albania,2013,39_plastics_and_articles_thereof,12972103,9268226.0
Albania,2014,30_pharmaceutical_products,1668151,114627.0
Albania,2014,38_miscellaneous_chemical_products,1589679,17509881.0
Albania,2014,39_plastics_and_articles_thereof,2832730,1172013.0
Albania,2015,28_inorganic_chemicals_precious_metal_compound_isotope,405326,9892553.0
Albania,2015,30_pharmaceutical_products,1749391,98514.0
Albania,2015,38_miscellaneous_chemical_products,1656663,12272906.0
Albania,2015,39_plastics_and_articles_thereof,7015190,4728085.0
Albania,2016,28_inorganic_chemicals_precious_metal_compound_isotope,1121759,2360842.0
Albania,2016,29_organic_chemicals,1097,173503.0
Albania,2016,30_pharmaceutical_products,4904329,101284.0
Albania,2016,31_fertilizers,49680,121550.0
Albania,2016,38_miscellaneous_chemical_products,1415595,4598035.0
Albania,2016,39_plastics_and_articles_thereof,12779522,9331350.0
Algeria,1992,28_inorganic_chemicals_precious_metal_compound_isotope,32862646,401091575.0
Algeria,1992,29_organic_chemicals,26025229,162809073.0
Algeria,1992,30_pharmaceutical_products,294278,22677.0
Algeria,1992,31_fertilizers,6232150,61325500.0
Algeria,1992,38_miscellaneous_chemical_products,5174359,681388.0
Algeria,1992,39_plastics_and_articles_thereof,299552,153324.0
Algeria,1993,28_inorganic_chemicals_precious_metal_compound_isotope,112786236,339441327.0
Algeria,1993,29_organic_chemicals,19401888,107028202.0
Algeria,1993,30_pharmaceutical_products,460615,490893.0
Algeria,1993,31_fertilizers,3360850,41083000.0
Algeria,1993,38_miscellaneous_chemical_products,4791363,719408.0
Algeria,1993,39_plastics_and_articles_thereof,6598881,999015.0
Algeria,1994,28_inorganic_chemicals_precious_metal_compound_isotope,27616935,200193818.0
Algeria,1994,29_organic_chemicals,43624123,139886752.0
Algeria,1994,30_pharmaceutical_products,90732,7202.0
Algeria,1994,31_fertilizers,1515619,20310000.0
Algeria,1994,38_miscellaneous_chemical_products,1004626,181083.0
Algeria,1994,39_plastics_and_articles_thereof,68619,9991.0
Algeria,1995,28_inorganic_chemicals_precious_metal_compound_isotope,43609499,181095997.0
Algeria,1995,29_organic_chemicals,45749270,160657635.0
Algeria,1995,30_pharmaceutical_products,1367780,196272.0
Algeria,1995,31_fertilizers,261593,3000000.0
Algeria,1995,38_miscellaneous_chemical_products,2410594,366175.0
Algeria,1995,39_plastics_and_articles_thereof,183659,61328.0
Algeria,1996,28_inorganic_chemicals_precious_metal_compound_isotope,41609362,157518005.0
Algeria,1996,29_organic_chemicals,38806528,106359404.0
Algeria,1996,30_pharmaceutical_products,1950608,214181.0
Algeria,1996,31_fertilizers,873797,7962000.0
Algeria,1996,38_miscellaneous_chemical_products,113851,22684.0
Algeria,1996,39_plastics_and_articles_thereof,93470290,21829471.0
Algeria,1997,28_inorganic_chemicals_precious_metal_compound_isotope,78538911,297666978.0
Algeria,1997,29_organic_chemicals,50690068,158600061.0
Algeria,1997,30_pharmaceutical_products,3943233,176878.0
Algeria,1997,31_fertilizers,3990302,49412212.0
Algeria,1997,38_miscellaneous_chemical_products,9679,18000.0
Algeria,1997,39_plastics_and_articles_thereof,1178835,1172670.0
Algeria,1998,28_inorganic_chemicals_precious_metal_compound_isotope,57198764,234430670.0
Algeria,1998,29_organic_chemicals,27487805,216517033.0
Algeria,1998,30_pharmaceutical_products,1100246,51884.0
Algeria,1998,31_fertilizers,11960486,151073464.0
Algeria,1998,38_miscellaneous_chemical_products,2554042,259193.0
Algeria,1998,39_plastics_and_articles_thereof,571825,722510.0
Algeria,1999,28_inorganic_chemicals_precious_metal_compound_isotope,65012568,350221592.0
Algeria,1999,29_organic_chemicals,41799128,197685974.0
Algeria,1999,30_pharmaceutical_products,2202287,234405.0
Algeria,1999,31_fertilizers,6588833,98323631.0
Algeria,1999,38_miscellaneous_chemical_products,33506,38804.0
Algeria,1999,39_plastics_and_articles_thereof,1105239,453398.0
Algeria,2000,28_inorganic_chemicals_precious_metal_compound_isotope,77989446,241903307.0
Algeria,2000,29_organic_chemicals,60862991,209826287.0
Algeria,2000,30_pharmaceutical_products,289427,47142.0
Algeria,2000,31_fertilizers,16145251,159904529.0
Algeria,2000,38_miscellaneous_chemical_products,3505,5650.0
Algeria,2000,39_plastics_and_articles_thereof,1006400,644754.0
Algeria,2001,28_inorganic_chemicals_precious_metal_compound_isotope,77703198,417192123.0
Algeria,2001,29_organic_chemicals,65969822,258306759.0
Algeria,2001,30_pharmaceutical_products,465789,28987.0
Algeria,2001,31_fertilizers,45244965,388244838.0
Algeria,2001,38_miscellaneous_chemical_products,85292,111637.0
Algeria,2001,39_plastics_and_articles_thereof,371848,438212.0
Algeria,2002,28_inorganic_chemicals_precious_metal_compound_isotope,147198305,469168394.0
Algeria,2002,29_organic_chemicals,39272445,184658939.0
Algeria,2002,30_pharmaceutical_products,563792,111035.0
Algeria,2002,31_fertilizers,19273755,208652068.0
Algeria,2002,38_miscellaneous_chemical_products,233731,111059.0
Algeria,2002,39_plastics_and_articles_thereof,544168,462244.0
Algeria,2003,28_inorganic_chemicals_precious_metal_compound_isotope,116423952,426301053.0
Algeria,2003,29_organic_chemicals,38891446,162139456.0
Algeria,2003,30_pharmaceutical_products,813751,193186.0
Algeria,2003,31_fertilizers,43994944,342630315.0
Algeria,2003,38_miscellaneous_chemical_products,561650,72955.0
Algeria,2003,39_plastics_and_articles_thereof,1310251,848626.0
Algeria,2004,28_inorganic_chemicals_precious_metal_compound_isotope,135347024,468913740.0
Algeria,2004,29_organic_chemicals,18728621,86279705.0
Algeria,2004,30_pharmaceutical_products,1108587,142441.0
Algeria,2004,31_fertilizers,44617131,358844358.0
Algeria,2004,38_miscellaneous_chemical_products,947564,283678.0
Algeria,2004,39_plastics_and_articles_thereof,2094146,3045284.0
Algeria,2005,28_inorganic_chemicals_precious_metal_compound_isotope,191420181,662365397.0
Algeria,2005,29_organic_chemicals,37926762,122130296.0
Algeria,2005,30_pharmaceutical_products,952987,127395.0
Algeria,2005,31_fertilizers,54380088,360998124.0
Algeria,2005,38_miscellaneous_chemical_products,1516642,1884825.0
Algeria,2005,39_plastics_and_articles_thereof,18774365,20698649.0
Algeria,2006,28_inorganic_chemicals_precious_metal_compound_isotope,186316461,680676255.0
Algeria,2006,29_organic_chemicals,97435786,177856027.0
Algeria,2006,30_pharmaceutical_products,4745123,2717556.0
Algeria,2006,31_fertilizers,8375213,53489895.0
Algeria,2006,38_miscellaneous_chemical_products,3165475,40750278.0
Algeria,2006,39_plastics_and_articles_thereof,50636124,30395548.0
Algeria,2007,28_inorganic_chemicals_precious_metal_compound_isotope,197773703,632082805.0
Algeria,2007,29_organic_chemicals,58502224,123485630.0
Algeria,2007,30_pharmaceutical_products,2936675,233525.0
Algeria,2007,31_fertilizers,2657124,19950000.0
Algeria,2007,38_miscellaneous_chemical_products,742580,396760.0
Algeria,2007,39_plastics_and_articles_thereof,22896777,11879958.0
Algeria,2008,28_inorganic_chemicals_precious_metal_compound_isotope,355993579,642210083.0
Algeria,2008,29_organic_chemicals,135252531,163495205.0
Algeria,2008,30_pharmaceutical_products,1754774,135826.0
Algeria,2008,31_fertilizers,3632690,12610000.0
Algeria,2008,38_miscellaneous_chemical_products,1598708,488554.0
Algeria,2008,39_plastics_and_articles_thereof,8974597,3997483.0
Algeria,2009,28_inorganic_chemicals_precious_metal_compound_isotope,194487778,627611783.0
Algeria,2009,29_organic_chemicals,53680464,150587761.0
Algeria,2009,30_pharmaceutical_products,2610192,197897.0
Algeria,2009,31_fertilizers,144363,120000.0
Algeria,2009,38_miscellaneous_chemical_products,353610,388639.0
Algeria,2009,39_plastics_and_articles_thereof,6789582,3075813.0
Algeria,2010,28_inorganic_chemicals_precious_metal_compound_isotope,240990621,572438715.0
Algeria,2010,29_organic_chemicals,59545359,134732000.0
Algeria,2010,30_pharmaceutical_products,1331939,141169.0
Algeria,2010,31_fertilizers,2593890,13040000.0
Algeria,2010,38_miscellaneous_chemical_products,860601,280156.0
Algeria,2010,39_plastics_and_articles_thereof,5089090,2490486.0
Algeria,2011,28_inorganic_chemicals_precious_metal_compound_isotope,412481500,719205157.0
Algeria,2011,29_organic_chemicals,45432656,135189313.0
Algeria,2011,30_pharmaceutical_products,931445,47266.0
Algeria,2011,31_fertilizers,9664813,35404302.0
Algeria,2011,38_miscellaneous_chemical_products,2008924,1878231.0
Algeria,2011,39_plastics_and_articles_thereof,4238431,2339609.0
Algeria,2012,28_inorganic_chemicals_precious_metal_compound_isotope,447968939,761027526.0
Algeria,2012,29_organic_chemicals,40193202,94894904.0
Algeria,2012,30_pharmaceutical_products,1787875,124008.0
Algeria,2012,31_fertilizers,9362363,44319932.0
Algeria,2012,38_miscellaneous_chemical_products,859210,738787.0
Algeria,2012,39_plastics_and_articles_thereof,6009916,4237606.0
Algeria,2013,28_inorganic_chemicals_precious_metal_compound_isotope,343778157,609901481.0
Algeria,2013,29_organic_chemicals,52997374,109835791.0
Algeria,2013,30_pharmaceutical_products,3473787,276783.0
Algeria,2013,31_fertilizers,38442843,133896416.0
Algeria,2013,38_miscellaneous_chemical_products,2024322,798312.0
Algeria,2013,39_plastics_and_articles_thereof,7192922,7210287.0
Algeria,2014,28_inorganic_chemicals_precious_metal_compound_isotope,634907126,1119891166.0
Algeria,2014,29_organic_chemicals,170899646,219098780.0
Algeria,2014,30_pharmaceutical_products,1881023,68799.0
Algeria,2014,31_fertilizers,311125814,888612196.0
Algeria,2014,38_miscellaneous_chemical_products,2432873,1208562.0
Algeria,2014,39_plastics_and_articles_thereof,4448474,5075405.0
Algeria,2015,28_inorganic_chemicals_precious_metal_compound_isotope,506950423,1178437240.0
Algeria,2015,29_organic_chemicals,84901004,171245709.0
Algeria,2015,30_pharmaceutical_products,2489432,796274.0
Algeria,2015,31_fertilizers,420989612,1424953033.0
Algeria,2015,38_miscellaneous_chemical_products,2176469,2236810.0
Algeria,2015,39_plastics_and_articles_thereof,3699311,3037629.0
Algeria,2016,28_inorganic_chemicals_precious_metal_compound_isotope,347657314,1307243783.0
Algeria,2016,29_organic_chemicals,79844295,197177990.0
Algeria,2016,30_pharmaceutical_products,6288272,1325001.0
Algeria,2016,31_fertilizers,447564192,2079266161.0
Algeria,2016,38_miscellaneous_chemical_products,2342174,1387023.0
Algeria,2016,39_plastics_and_articles_thereof,4460410,2437099.0
Andorra,1995,28_inorganic_chemicals_precious_metal_compound_isotope,24408,2116.0
Andorra,1995,30_pharmaceutical_products,4980,619.0
Andorra,1995,31_fertilizers,737,500.0
Andorra,1995,38_miscellaneous_chemical_products,28064,4985.0
Andorra,1995,39_plastics_and_articles_thereof,947412,114459.0
Andorra,1996,28_inorganic_chemicals_precious_metal_compound_isotope,15505,1343.0
Andorra,1996,29_organic_chemicals,2250,148.0
Andorra,1996,30_pharmaceutical_products,9117,203.0
Andorra,1996,38_miscellaneous_chemical_products,32304,7788.0
Andorra,1996,39_plastics_and_articles_thereof,1299384,156462.0
Andorra,1997,28_inorganic_chemicals_precious_metal_compound_isotope,12989,5187.0
Andorra,1997,30_pharmaceutical_products,4116,132.0
Andorra,1997,38_miscellaneous_chemical_products,10719,1432.0
Andorra,1997,39_plastics_and_articles_thereof,1167983,130201.0
Andorra,1998,28_inorganic_chemicals_precious_metal_compound_isotope,475,1750.0
Andorra,1998,29_organic_chemicals,394,50.0
Andorra,1998,30_pharmaceutical_products,107162,16156.0
Andorra,1998,31_fertilizers,1358,97.0
Andorra,1998,38_miscellaneous_chemical_products,31770,26949.0
Andorra,1998,39_plastics_and_articles_thereof,1192439,207538.0
Andorra,1999,28_inorganic_chemicals_precious_metal_compound_isotope,33578,6358.0
Andorra,1999,29_organic_chemicals,3759,976.0
Andorra,1999,30_pharmaceutical_products,239691,27315.0
Andorra,1999,38_miscellaneous_chemical_products,18346,10642.0
Andorra,1999,39_plastics_and_articles_thereof,2011434,301475.0
Andorra,2000,28_inorganic_chemicals_precious_metal_compound_isotope,1412,2759.0
Andorra,2000,29_organic_chemicals,280,185.0
Andorra,2000,30_pharmaceutical_products,464156,90711.0
Andorra,2000,38_miscellaneous_chemical_products,65213,26052.0
Andorra,2000,39_plastics_and_articles_thereof,2563023,401027.0
Andorra,2001,28_inorganic_chemicals_precious_metal_compound_isotope,689,80.0
Andorra,2001,29_organic_chemicals,1903,32.0
Andorra,2001,30_pharmaceutical_products,678082,47269.0
Andorra,2001,38_miscellaneous_chemical_products,304163,2398.0
Andorra,2001,39_plastics_and_articles_thereof,1086267,264781.0
Andorra,2002,28_inorganic_chemicals_precious_metal_compound_isotope,1433,22960.0
Andorra,2002,29_organic_chemicals,13918,1126.0
Andorra,2002,30_pharmaceutical_products,509764,78007.0
Andorra,2002,38_miscellaneous_chemical_products,111231,6284828.0
Andorra,2002,39_plastics_and_articles_thereof,1037149,252158.0
Andorra,2003,28_inorganic_chemicals_precious_metal_compound_isotope,98,60.0
Andorra,2003,29_organic_chemicals,288,52.0
Andorra,2003,30_pharmaceutical_products,744193,49331.0
Andorra,2003,38_miscellaneous_chemical_products,554089,33253300.0
Andorra,2003,39_plastics_and_articles_thereof,1067797,282072.0
Andorra,2004,29_organic_chemicals,740,76.0
Andorra,2004,30_pharmaceutical_products,341965,22351.0
Andorra,2004,38_miscellaneous_chemical_products,570083,39195294.0
Andorra,2004,39_plastics_and_articles_thereof,1960357,478725.0
Andorra,2005,28_inorganic_chemicals_precious_metal_compound_isotope,1434,23560.0
Andorra,2005,30_pharmaceutical_products,53169,1627.0
Andorra,2005,38_miscellaneous_chemical_products,639404,38049101.0
Andorra,2005,39_plastics_and_articles_thereof,542944,1494881.0
Andorra,2006,28_inorganic_chemicals_precious_metal_compound_isotope,4582,2302.0
Andorra,2006,29_organic_chemicals,604,2.0
Andorra,2006,30_pharmaceutical_products,39932,1666.0
Andorra,2006,38_miscellaneous_chemical_products,431188,25552119.0
Andorra,2006,39_plastics_and_articles_thereof,755274,3004770.0
Andorra,2007,28_inorganic_chemicals_precious_metal_compound_isotope,187,125.0
Andorra,2007,30_pharmaceutical_products,39975,79171.0
Andorra,2007,38_miscellaneous_chemical_products,48305,1451221.0
Andorra,2007,39_plastics_and_articles_thereof,799263,3574261.0
Andorra,2008,30_pharmaceutical_products,20429,1923.0
Andorra,2008,38_miscellaneous_chemical_products,60046,1344247.0
Andorra,2008,39_plastics_and_articles_thereof,1230982,2583112.0
Andorra,2009,28_inorganic_chemicals_precious_metal_compound_isotope,3138,26.0
Andorra,2009,30_pharmaceutical_products,5261,1681.0
Andorra,2009,38_miscellaneous_chemical_products,97688,2142971.0
Andorra,2009,39_plastics_and_articles_thereof,1195641,2439407.0
Andorra,2010,30_pharmaceutical_products,22708,6516.0
Andorra,2010,31_fertilizers,30,1.0
Andorra,2010,38_miscellaneous_chemical_products,36458,729499.0
Andorra,2010,39_plastics_and_articles_thereof,1130998,2813075.0
Andorra,2011,28_inorganic_chemicals_precious_metal_compound_isotope,3987,361.0
Andorra,2011,29_organic_chemicals,11350,294.0
Andorra,2011,30_pharmaceutical_products,306094,5574.0
Andorra,2011,38_miscellaneous_chemical_products,42642,1743242.0
Andorra,2011,39_plastics_and_articles_thereof,1397210,3120955.0
Andorra,2012,28_inorganic_chemicals_precious_metal_compound_isotope,3398,132.0
Andorra,2012,29_organic_chemicals,2677,28.0
Andorra,2012,30_pharmaceutical_products,26397,6152.0
Andorra,2012,38_miscellaneous_chemical_products,9803,827490.0
Andorra,2012,39_plastics_and_articles_thereof,1430013,1609678.0
Andorra,2013,28_inorganic_chemicals_precious_metal_compound_isotope,264,13.0
Andorra,2013,29_organic_chemicals,22638,79.0
Andorra,2013,30_pharmaceutical_products,43032,958.0
Andorra,2013,38_miscellaneous_chemical_products,39941,627625.0
Andorra,2013,39_plastics_and_articles_thereof,1720309,863462.0
Andorra,2014,28_inorganic_chemicals_precious_metal_compound_isotope,1112,132.0
Andorra,2014,29_organic_chemicals,124998,358.0
Andorra,2014,30_pharmaceutical_products,49348,5844.0
Andorra,2014,31_fertilizers,53,19.0
Andorra,2014,38_miscellaneous_chemical_products,45600,2372185.0
Andorra,2014,39_plastics_and_articles_thereof,2179559,904034.0
Anguilla,2000,28_inorganic_chemicals_precious_metal_compound_isotope,2239,8407.0
Anguilla,2000,39_plastics_and_articles_thereof,5443,1341.0
Anguilla,2001,30_pharmaceutical_products,1036,32.0
Anguilla,2001,38_miscellaneous_chemical_products,34318,5892.0
Anguilla,2001,39_plastics_and_articles_thereof,5763,1389.0
Anguilla,2002,28_inorganic_chemicals_precious_metal_compound_isotope,1236,3144.0
Anguilla,2002,30_pharmaceutical_products,736,19.0
Anguilla,2002,38_miscellaneous_chemical_products,1234,518.0
Anguilla,2002,39_plastics_and_articles_thereof,12576,2809.0
Anguilla,2003,38_miscellaneous_chemical_products,15310,3310.0
Anguilla,2003,39_plastics_and_articles_thereof,6067,1371.0
Anguilla,2004,28_inorganic_chemicals_precious_metal_compound_isotope,1424,4850.0
Anguilla,2004,30_pharmaceutical_products,3122,102.0
Anguilla,2004,38_miscellaneous_chemical_products,22083,3366.0
Anguilla,2004,39_plastics_and_articles_thereof,9931,2431.0
Anguilla,2006,28_inorganic_chemicals_precious_metal_compound_isotope,5861,2360.0
Anguilla,2006,30_pharmaceutical_products,4459,3265.0
Anguilla,2006,38_miscellaneous_chemical_products,114,77.0
Anguilla,2006,39_plastics_and_articles_thereof,8933,1402.0
Anguilla,2007,30_pharmaceutical_products,80,51.0
Anguilla,2007,39_plastics_and_articles_thereof,32528,3080.0
Anguilla,2008,30_pharmaceutical_products,10609,918.0
Anguilla,2008,38_miscellaneous_chemical_products,1426,336.0
Anguilla,2008,39_plastics_and_articles_thereof,25116,3026.0
Antigua and Barbuda,1999,28_inorganic_chemicals_precious_metal_compound_isotope,25296,39059.0
Antigua and Barbuda,1999,29_organic_chemicals,253901,127889.0
Antigua and Barbuda,1999,30_pharmaceutical_products,109497,8980.0
Antigua and Barbuda,1999,31_fertilizers,230,124.0
Antigua and Barbuda,1999,38_miscellaneous_chemical_products,12507,3344.0
Antigua and Barbuda,1999,39_plastics_and_articles_thereof,118449,19203.0
Antigua and Barbuda,2000,28_inorganic_chemicals_precious_metal_compound_isotope,21413,30479.0
Antigua and Barbuda,2000,29_organic_chemicals,249376,113114.0
Antigua and Barbuda,2000,30_pharmaceutical_products,117874,11530.0
Antigua and Barbuda,2000,31_fertilizers,74,5.0
Antigua and Barbuda,2000,38_miscellaneous_chemical_products,13882,5577.0
Antigua and Barbuda,2000,39_plastics_and_articles_thereof,76741,34057.0
Antigua and Barbuda,2005,28_inorganic_chemicals_precious_metal_compound_isotope,51396,168470.0
Antigua and Barbuda,2005,29_organic_chemicals,112427,115754.0
Antigua and Barbuda,2005,30_pharmaceutical_products,97181,3856.0
Antigua and Barbuda,2005,31_fertilizers,3704,1800.0
Antigua and Barbuda,2005,38_miscellaneous_chemical_products,45195,9446.0
Antigua and Barbuda,2005,39_plastics_and_articles_thereof,207588,100856.0
Antigua and Barbuda,2007,28_inorganic_chemicals_precious_metal_compound_isotope,36677,137733.0
Antigua and Barbuda,2007,29_organic_chemicals,97857,58623.0
Antigua and Barbuda,2007,30_pharmaceutical_products,152100,6526.0
Antigua and Barbuda,2007,31_fertilizers,7737,2433.0
Antigua and Barbuda,2007,38_miscellaneous_chemical_products,40912,8411.0
Antigua and Barbuda,2007,39_plastics_and_articles_thereof,934156,22748.0
Antigua and Barbuda,2009,28_inorganic_chemicals_precious_metal_compound_isotope,98595,209702.0
Antigua and Barbuda,2009,29_organic_chemicals,113419,122229.0
Antigua and Barbuda,2009,30_pharmaceutical_products,50600,6504.0
Antigua and Barbuda,2009,31_fertilizers,9211,1208.0
Antigua and Barbuda,2009,38_miscellaneous_chemical_products,69128,4690.0
Antigua and Barbuda,2009,39_plastics_and_articles_thereof,180795,98233.0
Antigua and Barbuda,2010,28_inorganic_chemicals_precious_metal_compound_isotope,80659,218433.0
Antigua and Barbuda,2010,29_organic_chemicals,78504,117836.0
Antigua and Barbuda,2010,30_pharmaceutical_products,75322,3891.0
Antigua and Barbuda,2010,31_fertilizers,2221,1064.0
Antigua and Barbuda,2010,38_miscellaneous_chemical_products,17051,5029.0
Antigua and Barbuda,2010,39_plastics_and_articles_thereof,157243,197332.0
Antigua and Barbuda,2011,28_inorganic_chemicals_precious_metal_compound_isotope,60841,163983.0
Antigua and Barbuda,2011,29_organic_chemicals,65817,76971.0
Antigua and Barbuda,2011,30_pharmaceutical_products,63162,5451.0
Antigua and Barbuda,2011,38_miscellaneous_chemical_products,19482,2459.0
Antigua and Barbuda,2011,39_plastics_and_articles_thereof,125766,78328.0
Antigua and Barbuda,2012,28_inorganic_chemicals_precious_metal_compound_isotope,53805,162290.0
Antigua and Barbuda,2012,29_organic_chemicals,35057,60207.0
Antigua and Barbuda,2012,30_pharmaceutical_products,70466,4351.0
Antigua and Barbuda,2012,31_fertilizers,356,68.0
Antigua and Barbuda,2012,38_miscellaneous_chemical_products,20628,2386.0
Antigua and Barbuda,2012,39_plastics_and_articles_thereof,236302,111819.0
Antigua and Barbuda,2013,28_inorganic_chemicals_precious_metal_compound_isotope,59366,152868.0
Antigua and Barbuda,2013,29_organic_chemicals,33624,46687.0
Antigua and Barbuda,2013,30_pharmaceutical_products,80970,6740.0
Antigua and Barbuda,2013,31_fertilizers,648,593.0
Antigua and Barbuda,2013,38_miscellaneous_chemical_products,18006,2915.0
Antigua and Barbuda,2013,39_plastics_and_articles_thereof,340623,161000.0
Antigua and Barbuda,2014,28_inorganic_chemicals_precious_metal_compound_isotope,33670,80835.0
Antigua and Barbuda,2014,29_organic_chemicals,21416,60807.0
Antigua and Barbuda,2014,30_pharmaceutical_products,98820,4427.0
Antigua and Barbuda,2014,31_fertilizers,8893,19160.0
Antigua and Barbuda,2014,38_miscellaneous_chemical_products,4509,600.0
Antigua and Barbuda,2014,39_plastics_and_articles_thereof,134812,116404.0
Antigua and Barbuda,2015,28_inorganic_chemicals_precious_metal_compound_isotope,38897,135441.0
Antigua and Barbuda,2015,29_organic_chemicals,16061,42327.0
Antigua and Barbuda,2015,30_pharmaceutical_products,105459,2473.0
Antigua and Barbuda,2015,31_fertilizers,128,69.0
Antigua and Barbuda,2015,38_miscellaneous_chemical_products,3104,828.0
Antigua and Barbuda,2015,39_plastics_and_articles_thereof,229702,436324.0
Antigua and Barbuda,2016,28_inorganic_chemicals_precious_metal_compound_isotope,40930,87557.0
Antigua and Barbuda,2016,29_organic_chemicals,16328,37149.0
Antigua and Barbuda,2016,30_pharmaceutical_products,84729,5860.0
Antigua and Barbuda,2016,31_fertilizers,415,434.0
Antigua and Barbuda,2016,38_miscellaneous_chemical_products,8876,15841.0
Antigua and Barbuda,2016,39_plastics_and_articles_thereof,90922,66815.0
Argentina,1993,28_inorganic_chemicals_precious_metal_compound_isotope,62184089,98937892.0
Argentina,1993,29_organic_chemicals,166736112,169963476.0
Argentina,1993,30_pharmaceutical_products,74058510,2523783.0
Argentina,1993,31_fertilizers,1453542,5904544.0
Argentina,1993,38_miscellaneous_chemical_products,68753912,46650886.0
Argentina,1993,39_plastics_and_articles_thereof,132960104,110073312.0
Argentina,1994,28_inorganic_chemicals_precious_metal_compound_isotope,97954164,124343426.0
Argentina,1994,29_organic_chemicals,211901157,221115987.0
Argentina,1994,30_pharmaceutical_products,91359620,2630528.0
Argentina,1994,31_fertilizers,959319,4197062.0
Argentina,1994,38_miscellaneous_chemical_products,93831968,56936997.0
Argentina,1994,39_plastics_and_articles_thereof,180648187,160102997.0
Argentina,1995,28_inorganic_chemicals_precious_metal_compound_isotope,124510819,178523386.0
Argentina,1995,29_organic_chemicals,302587432,243223431.0
Argentina,1995,30_pharmaceutical_products,131302659,3931336.0
Argentina,1995,31_fertilizers,765477,2664534.0
Argentina,1995,38_miscellaneous_chemical_products,123621732,64262452.0
Argentina,1995,39_plastics_and_articles_thereof,340664659,245557415.0
Argentina,1996,28_inorganic_chemicals_precious_metal_compound_isotope,77124901,165678510.0
Argentina,1996,29_organic_chemicals,299286302,262427117.0
Argentina,1996,30_pharmaceutical_products,179060681,4489629.0
Argentina,1996,31_fertilizers,2015063,7123283.0
Argentina,1996,38_miscellaneous_chemical_products,144995439,78544525.0
Argentina,1996,39_plastics_and_articles_thereof,339848642,251513140.0
Argentina,1997,28_inorganic_chemicals_precious_metal_compound_isotope,85683669,216084700.0
Argentina,1997,29_organic_chemicals,304068437,275506902.0
Argentina,1997,30_pharmaceutical_products,256625881,5873720.0
Argentina,1997,31_fertilizers,2064718,8480262.0
Argentina,1997,38_miscellaneous_chemical_products,173123293,89411749.0
Argentina,1997,39_plastics_and_articles_thereof,349169592,228461079.0
Argentina,1998,28_inorganic_chemicals_precious_metal_compound_isotope,200267530,226375912.0
Argentina,1998,29_organic_chemicals,311690490,276454296.0
Argentina,1998,30_pharmaceutical_products,292843991,7716047.0
Argentina,1998,31_fertilizers,805112,4680466.0
Argentina,1998,38_miscellaneous_chemical_products,192301370,100813014.0
Argentina,1998,39_plastics_and_articles_thereof,379970946,279323887.0
Argentina,1999,28_inorganic_chemicals_precious_metal_compound_isotope,171406017,241855680.0
Argentina,1999,29_organic_chemicals,283180744,316307804.0
Argentina,1999,30_pharmaceutical_products,305326363,7595622.0
Argentina,1999,31_fertilizers,1003351,5146501.0
Argentina,1999,38_miscellaneous_chemical_products,215011129,108431003.0
Argentina,1999,39_plastics_and_articles_thereof,368818400,303290112.0
Argentina,2000,28_inorganic_chemicals_precious_metal_compound_isotope,174816353,378815234.0
Argentina,2000,29_organic_chemicals,290929503,299334798.0
Argentina,2000,30_pharmaceutical_products,290391062,8262440.0
Argentina,2000,31_fertilizers,1140494,3125287.0
Argentina,2000,38_miscellaneous_chemical_products,200329173,118260614.0
Argentina,2000,39_plastics_and_articles_thereof,518631855,420860221.0
Argentina,2001,28_inorganic_chemicals_precious_metal_compound_isotope,161615303,459523706.0
Argentina,2001,29_organic_chemicals,274537378,329565619.0
Argentina,2001,30_pharmaceutical_products,311365362,8157390.0
Argentina,2001,31_fertilizers,32811857,250820608.0
Argentina,2001,38_miscellaneous_chemical_products,219277064,120084644.0
Argentina,2001,39_plastics_and_articles_thereof,626722885,646210814.0
Argentina,2002,28_inorganic_chemicals_precious_metal_compound_isotope,130602905,400293672.0
Argentina,2002,29_organic_chemicals,289465335,441883594.0
Argentina,2002,30_pharmaceutical_products,281610587,8207509.0
Argentina,2002,31_fertilizers,53531245,495155040.0
Argentina,2002,38_miscellaneous_chemical_products,192657186,120844269.0
Argentina,2002,39_plastics_and_articles_thereof,639657937,754493251.0
Argentina,2003,28_inorganic_chemicals_precious_metal_compound_isotope,158871072,492393200.0
Argentina,2003,29_organic_chemicals,412055392,763819682.0
Argentina,2003,30_pharmaceutical_products,266450287,10774306.0
Argentina,2003,31_fertilizers,81764156,509583161.0
Argentina,2003,38_miscellaneous_chemical_products,249846834,140316472.0
Argentina,2003,39_plastics_and_articles_thereof,695887484,744265034.0
Argentina,2004,28_inorganic_chemicals_precious_metal_compound_isotope,193928244,458320158.0
Argentina,2004,29_organic_chemicals,498352154,707896075.0
Argentina,2004,30_pharmaceutical_products,341978912,15586273.0
Argentina,2004,31_fertilizers,86809640,436061192.0
Argentina,2004,38_miscellaneous_chemical_products,395877777,198522039.0
Argentina,2004,39_plastics_and_articles_thereof,932664517,797294466.0
Argentina,2005,28_inorganic_chemicals_precious_metal_compound_isotope,241717313,467163297.0
Argentina,2005,29_organic_chemicals,595346531,745684461.0
Argentina,2005,30_pharmaceutical_products,351173675,17516103.0
Argentina,2005,31_fertilizers,124881485,517346433.0
Argentina,2005,38_miscellaneous_chemical_products,376696127,188695074.0
Argentina,2005,39_plastics_and_articles_thereof,1147085888,808669831.0
Argentina,2006,28_inorganic_chemicals_precious_metal_compound_isotope,273516837,484785723.0
Argentina,2006,29_organic_chemicals,648897033,675021723.0
Argentina,2006,30_pharmaceutical_products,436672212,20992413.0
Argentina,2006,31_fertilizers,138701215,571644206.0
Argentina,2006,38_miscellaneous_chemical_products,405158039,218563371.0
Argentina,2006,39_plastics_and_articles_thereof,1224306483,801834269.0
Argentina,2007,28_inorganic_chemicals_precious_metal_compound_isotope,276106957,493528721.0
Argentina,2007,29_organic_chemicals,587410835,567990249.0
Argentina,2007,30_pharmaceutical_products,512205496,21768910.0
Argentina,2007,31_fertilizers,91989515,258531241.0
Argentina,2007,38_miscellaneous_chemical_products,641866514,416770961.0
Argentina,2007,39_plastics_and_articles_thereof,1202600751,683239417.0
Argentina,2008,28_inorganic_chemicals_precious_metal_compound_isotope,356071617,423118747.0
Argentina,2008,29_organic_chemicals,591373241,472047355.0
Argentina,2008,30_pharmaceutical_products,627881460,22530318.0
Argentina,2008,31_fertilizers,79199590,176962997.0
Argentina,2008,38_miscellaneous_chemical_products,1680085668,994372229.0
Argentina,2008,39_plastics_and_articles_thereof,1478555346,715390390.0
Argentina,2009,28_inorganic_chemicals_precious_metal_compound_isotope,272168482,356479208.0
Argentina,2009,29_organic_chemicals,384304371,311020337.0
Argentina,2009,30_pharmaceutical_products,662886716,24326271.0
Argentina,2009,31_fertilizers,128359170,489364627.0
Argentina,2009,38_miscellaneous_chemical_products,1483676377,1411072072.0
Argentina,2009,39_plastics_and_articles_thereof,1225534653,797591973.0
Argentina,2010,28_inorganic_chemicals_precious_metal_compound_isotope,284864122,339991704.0
Argentina,2010,29_organic_chemicals,490016894,360889363.0
Argentina,2010,30_pharmaceutical_products,693160275,25076427.0
Argentina,2010,31_fertilizers,61671929,179294447.0
Argentina,2010,38_miscellaneous_chemical_products,1874376182,1672719523.0
Argentina,2010,39_plastics_and_articles_thereof,1346615449,709178937.0
Argentina,2011,28_inorganic_chemicals_precious_metal_compound_isotope,352805503,401445746.0
Argentina,2011,29_organic_chemicals,478028103,274259732.0
Argentina,2011,30_pharmaceutical_products,809619750,26550315.0
Argentina,2011,31_fertilizers,99404937,224292900.0
Argentina,2011,38_miscellaneous_chemical_products,2765863171,1947173568.0
Argentina,2011,39_plastics_and_articles_thereof,1536427015,700598942.0
Argentina,2012,28_inorganic_chemicals_precious_metal_compound_isotope,358929275,373340553.0
Argentina,2012,29_organic_chemicals,456877565,261917873.0
Argentina,2012,30_pharmaceutical_products,902776438,28625562.0
Argentina,2012,31_fertilizers,174316424,402115545.0
Argentina,2012,38_miscellaneous_chemical_products,2453105688,1799046090.0
Argentina,2012,39_plastics_and_articles_thereof,1390105402,641326014.0
Argentina,2013,28_inorganic_chemicals_precious_metal_compound_isotope,328513444,352919918.0
Argentina,2013,29_organic_chemicals,447387058,273418659.0
Argentina,2013,30_pharmaceutical_products,912913034,30954325.0
Argentina,2013,31_fertilizers,87935863,228515837.0
Argentina,2013,38_miscellaneous_chemical_products,1869129937,1405733364.0
Argentina,2013,39_plastics_and_articles_thereof,1287327599,578919095.0
Argentina,2014,28_inorganic_chemicals_precious_metal_compound_isotope,328251654,356982270.0
Argentina,2014,29_organic_chemicals,492352510,389978587.0
Argentina,2014,30_pharmaceutical_products,851186250,30530924.0
Argentina,2014,31_fertilizers,40899772,111112946.0
Argentina,2014,38_miscellaneous_chemical_products,2146821241,1869638620.0
Argentina,2014,39_plastics_and_articles_thereof,1293451623,589252660.0
Argentina,2015,28_inorganic_chemicals_precious_metal_compound_isotope,276927988,304231048.0
Argentina,2015,29_organic_chemicals,395133318,453524889.0
Argentina,2015,30_pharmaceutical_products,1046984639,30694029.0
Argentina,2015,31_fertilizers,51345691,187355648.0
Argentina,2015,38_miscellaneous_chemical_products,1305671072,1044600241.0
Argentina,2015,39_plastics_and_articles_thereof,950119689,483126491.0
Argentina,2016,28_inorganic_chemicals_precious_metal_compound_isotope,334894490,257810341.0
Argentina,2016,29_organic_chemicals,435282003,401899199.0
Argentina,2016,30_pharmaceutical_products,906197481,30303597.0
Argentina,2016,31_fertilizers,48199815,243453687.0
Argentina,2016,38_miscellaneous_chemical_products,1829094259,1837765730.0
Argentina,2016,39_plastics_and_articles_thereof,973271714,650475615.0
Armenia,1997,28_inorganic_chemicals_precious_metal_compound_isotope,735191,2583187.0
Armenia,1997,29_organic_chemicals,451576,162126.0
Armenia,1997,30_pharmaceutical_products,1071433,130000.0
Armenia,1997,31_fertilizers,849180,5608375.0
Armenia,1997,38_miscellaneous_chemical_products,361523,439692.0
Armenia,1997,39_plastics_and_articles_thereof,485181,260303.0
Armenia,1999,28_inorganic_chemicals_precious_metal_compound_isotope,178904,1016778.0
Armenia,1999,29_organic_chemicals,359144,82101.0
Armenia,1999,30_pharmaceutical_products,858448,99619.0
Armenia,1999,31_fertilizers,33041,251.0
Armenia,1999,38_miscellaneous_chemical_products,140601,60457.0
Armenia,1999,39_plastics_and_articles_thereof,212546,102993.0
Armenia,2000,28_inorganic_chemicals_precious_metal_compound_isotope,56714,491648.0
Armenia,2000,29_organic_chemicals,731129,138630.0
Armenia,2000,30_pharmaceutical_products,1240907,88259.0
Armenia,2000,31_fertilizers,48356,306.0
Armenia,2000,38_miscellaneous_chemical_products,78176,424768.0
Armenia,2000,39_plastics_and_articles_thereof,226360,109564.0
Armenia,2001,28_inorganic_chemicals_precious_metal_compound_isotope,221655,1415882.0
Armenia,2001,29_organic_chemicals,367109,113376.0
Armenia,2001,30_pharmaceutical_products,1607909,181641.0
Armenia,2001,31_fertilizers,4719,15700.0
Armenia,2001,38_miscellaneous_chemical_products,62347,93783.0
Armenia,2001,39_plastics_and_articles_thereof,652738,271728.0
Armenia,2002,28_inorganic_chemicals_precious_metal_compound_isotope,63559,947165.0
Armenia,2002,29_organic_chemicals,389745,47133.0
Armenia,2002,30_pharmaceutical_products,800381,180648.0
Armenia,2002,31_fertilizers,13007,114.0
Armenia,2002,38_miscellaneous_chemical_products,41299,81544.0
Armenia,2002,39_plastics_and_articles_thereof,1017475,366375.0
Armenia,2003,28_inorganic_chemicals_precious_metal_compound_isotope,974402,928272.0
Armenia,2003,29_organic_chemicals,243704,51923.0
Armenia,2003,30_pharmaceutical_products,1114626,291777.0
Armenia,2003,31_fertilizers,2500,3.0
Armenia,2003,38_miscellaneous_chemical_products,65228,91657.0
Armenia,2003,39_plastics_and_articles_thereof,818593,330969.0
Armenia,2004,28_inorganic_chemicals_precious_metal_compound_isotope,458265,752799.0
Armenia,2004,29_organic_chemicals,363130,102447.0
Armenia,2004,30_pharmaceutical_products,879040,262524.0
Armenia,2004,38_miscellaneous_chemical_products,62960,72750.0
Armenia,2004,39_plastics_and_articles_thereof,649022,430753.0
Armenia,2005,28_inorganic_chemicals_precious_metal_compound_isotope,401952,1500354.0
Armenia,2005,29_organic_chemicals,440581,67370.0
Armenia,2005,30_pharmaceutical_products,1352041,358202.0
Armenia,2005,38_miscellaneous_chemical_products,65966,176660.0
Armenia,2005,39_plastics_and_articles_thereof,1021401,545089.0
Armenia,2006,28_inorganic_chemicals_precious_metal_compound_isotope,749495,2376205.0
Armenia,2006,29_organic_chemicals,642595,72986.0
Armenia,2006,30_pharmaceutical_products,2410742,596914.0
Armenia,2006,31_fertilizers,113,6.0
Armenia,2006,38_miscellaneous_chemical_products,77320,79989.0
Armenia,2006,39_plastics_and_articles_thereof,3214350,1411432.0
Armenia,2007,28_inorganic_chemicals_precious_metal_compound_isotope,4780199,20574610.0
Armenia,2007,29_organic_chemicals,698710,122761.0
Armenia,2007,30_pharmaceutical_products,3077969,690375.0
Armenia,2007,31_fertilizers,107,102.0
Armenia,2007,38_miscellaneous_chemical_products,177956,204500.0
Armenia,2007,39_plastics_and_articles_thereof,7227485,2883958.0
Armenia,2008,28_inorganic_chemicals_precious_metal_compound_isotope,10372313,27483953.0
Armenia,2008,29_organic_chemicals,746914,179357.0
Armenia,2008,30_pharmaceutical_products,3674900,971004.0
Armenia,2008,31_fertilizers,14535,22800.0
Armenia,2008,38_miscellaneous_chemical_products,65451,129289.0
Armenia,2008,39_plastics_and_articles_thereof,5518200,2337033.0
Armenia,2009,28_inorganic_chemicals_precious_metal_compound_isotope,1220787,2798821.0
Armenia,2009,29_organic_chemicals,316156,26751.0
Armenia,2009,30_pharmaceutical_products,3848934,1205391.0
Armenia,2009,31_fertilizers,97188,971880.0
Armenia,2009,38_miscellaneous_chemical_products,34871,12804.0
Armenia,2009,39_plastics_and_articles_thereof,5226986,2732543.0
Armenia,2010,28_inorganic_chemicals_precious_metal_compound_isotope,1887848,853073.0
Armenia,2010,29_organic_chemicals,481625,29433.0
Armenia,2010,30_pharmaceutical_products,5013631,1159404.0
Armenia,2010,31_fertilizers,41455,200255.0
Armenia,2010,38_miscellaneous_chemical_products,115832,105219.0
Armenia,2010,39_plastics_and_articles_thereof,6540684,3827900.0
Armenia,2011,28_inorganic_chemicals_precious_metal_compound_isotope,1770343,73294.0
Armenia,2011,29_organic_chemicals,450188,23978.0
Armenia,2011,30_pharmaceutical_products,5790061,1228167.0
Armenia,2011,31_fertilizers,615998,2892563.0
Armenia,2011,38_miscellaneous_chemical_products,107923,12713.0
Armenia,2011,39_plastics_and_articles_thereof,8447884,4138395.0
Armenia,2012,28_inorganic_chemicals_precious_metal_compound_isotope,1644043,23423.0
Armenia,2012,29_organic_chemicals,388512,24002.0
Armenia,2012,30_pharmaceutical_products,6881165,1700941.0
Armenia,2012,31_fertilizers,1015999,4398370.0
Armenia,2012,38_miscellaneous_chemical_products,300490,1355881.0
Armenia,2012,39_plastics_and_articles_thereof,11262839,5898141.0
Armenia,2013,28_inorganic_chemicals_precious_metal_compound_isotope,2355759,636340.0
Armenia,2013,29_organic_chemicals,256070,30629.0
Armenia,2013,30_pharmaceutical_products,7818962,1841770.0
Armenia,2013,31_fertilizers,1306341,4214003.0
Armenia,2013,38_miscellaneous_chemical_products,1193254,7439352.0
Armenia,2013,39_plastics_and_articles_thereof,11539257,5882833.0
Armenia,2014,28_inorganic_chemicals_precious_metal_compound_isotope,409424,343917.0
Armenia,2014,29_organic_chemicals,292806,16414.0
Armenia,2014,30_pharmaceutical_products,9697605,2449019.0
Armenia,2014,31_fertilizers,676587,2154558.0
Armenia,2014,38_miscellaneous_chemical_products,842476,5178324.0
Armenia,2014,39_plastics_and_articles_thereof,11135616,5742455.0
Armenia,2015,28_inorganic_chemicals_precious_metal_compound_isotope,257110,559728.0
Armenia,2015,29_organic_chemicals,493917,46708.0
Armenia,2015,30_pharmaceutical_products,11368411,3171616.0
Armenia,2015,31_fertilizers,33259,60100.0
Armenia,2015,38_miscellaneous_chemical_products,826718,4283441.0
Armenia,2015,39_plastics_and_articles_thereof,10787326,7493901.0
Armenia,2016,28_inorganic_chemicals_precious_metal_compound_isotope,423815,984843.0
Armenia,2016,29_organic_chemicals,298058,61761.0
Armenia,2016,30_pharmaceutical_products,14853038,3026775.0
Armenia,2016,31_fertilizers,2545,334.0
Armenia,2016,38_miscellaneous_chemical_products,289387,644553.0
Armenia,2016,39_plastics_and_articles_thereof,8770399,5595933.0
Aruba,2005,29_organic_chemicals,412,99.0
Aruba,2005,39_plastics_and_articles_thereof,296859,161189.0
Aruba,2009,28_inorganic_chemicals_precious_metal_compound_isotope,297139,140838.0
Aruba,2009,29_organic_chemicals,10536,715.0
Aruba,2009,30_pharmaceutical_products,395751,4137.0
Aruba,2009,38_miscellaneous_chemical_products,230605,66600.0
Aruba,2009,39_plastics_and_articles_thereof,922740,149950.0
Aruba,2010,28_inorganic_chemicals_precious_metal_compound_isotope,349505,134190.0
Aruba,2010,29_organic_chemicals,4655,922.0
Aruba,2010,30_pharmaceutical_products,259354,2123.0
Aruba,2010,31_fertilizers,7005,9350.0
Aruba,2010,38_miscellaneous_chemical_products,265698,29538.0
Aruba,2010,39_plastics_and_articles_thereof,119965,175383.0
Aruba,2011,28_inorganic_chemicals_precious_metal_compound_isotope,361344,102464.0
Aruba,2011,29_organic_chemicals,16354,2565.0
Aruba,2011,30_pharmaceutical_products,359202,2398.0
Aruba,2011,31_fertilizers,5039,6136.0
Aruba,2011,38_miscellaneous_chemical_products,105789,20071.0
Aruba,2011,39_plastics_and_articles_thereof,207930,647334.0
Aruba,2012,28_inorganic_chemicals_precious_metal_compound_isotope,3980315,1348365.0
Aruba,2012,29_organic_chemicals,33125,35667.0
Aruba,2012,30_pharmaceutical_products,597020,5252.0
Aruba,2012,38_miscellaneous_chemical_products,793688,1072544.0
Aruba,2012,39_plastics_and_articles_thereof,405271,195398.0
Aruba,2013,28_inorganic_chemicals_precious_metal_compound_isotope,941565,265277.0
Aruba,2013,29_organic_chemicals,263524,109274.0
Aruba,2013,30_pharmaceutical_products,116887,3451.0
Aruba,2013,38_miscellaneous_chemical_products,1765396,631032.0
Aruba,2013,39_plastics_and_articles_thereof,254288,112562.0
Aruba,2014,28_inorganic_chemicals_precious_metal_compound_isotope,33598,7340.0
Aruba,2014,29_organic_chemicals,239078,77712.0
Aruba,2014,30_pharmaceutical_products,1030740,16321.0
Aruba,2014,38_miscellaneous_chemical_products,214999,69838.0
Aruba,2014,39_plastics_and_articles_thereof,522545,144662.0
Aruba,2015,28_inorganic_chemicals_precious_metal_compound_isotope,56854,52573.0
Aruba,2015,29_organic_chemicals,219086,68233.0
Aruba,2015,30_pharmaceutical_products,84716,1655.0
Aruba,2015,38_miscellaneous_chemical_products,352833,153580.0
Aruba,2015,39_plastics_and_articles_thereof,233115,22577.0
Aruba,2016,28_inorganic_chemicals_precious_metal_compound_isotope,18055,3974.0
Aruba,2016,29_organic_chemicals,131595,41985.0
Aruba,2016,30_pharmaceutical_products,108306,3646.0
Aruba,2016,31_fertilizers,21,5.0
Aruba,2016,38_miscellaneous_chemical_products,60272,125020.0
Aruba,2016,39_plastics_and_articles_thereof,327301,24310.0
Australia,1988,28_inorganic_chemicals_precious_metal_compound_isotope,1484722797,8617131625.0
Australia,1988,29_organic_chemicals,102736584,53267206.0
Australia,1988,30_pharmaceutical_products,153545465,8653120.0
Australia,1988,31_fertilizers,6559780,46742666.0
Australia,1988,38_miscellaneous_chemical_products,72797656,29262696.0
Australia,1988,39_plastics_and_articles_thereof,215697531,107561838.0
Australia,1989,28_inorganic_chemicals_precious_metal_compound_isotope,2195067270,8753362383.0
Australia,1989,29_organic_chemicals,99371651,63873118.0
Australia,1989,30_pharmaceutical_products,159606113,10424862.0
Australia,1989,31_fertilizers,7543230,54915912.0
Australia,1989,38_miscellaneous_chemical_products,59821582,28149922.0
Australia,1989,39_plastics_and_articles_thereof,213813596,121258675.0
Australia,1990,28_inorganic_chemicals_precious_metal_compound_isotope,2385262811,8877658752.0
Australia,1990,29_organic_chemicals,114346268,66275272.0
Australia,1990,30_pharmaceutical_products,190851054,10598618.0
Australia,1990,31_fertilizers,10345793,73512033.0
Australia,1990,38_miscellaneous_chemical_products,67019411,30638337.0
Australia,1990,39_plastics_and_articles_thereof,225557964,121043529.0
Australia,1991,28_inorganic_chemicals_precious_metal_compound_isotope,2092503905,9564813303.0
Australia,1991,29_organic_chemicals,136177000,66758485.0
Australia,1991,30_pharmaceutical_products,230481130,11785241.0
Australia,1991,31_fertilizers,14256206,86396906.0
Australia,1991,38_miscellaneous_chemical_products,84885596,43838135.0
Australia,1991,39_plastics_and_articles_thereof,278612551,170870680.0
Australia,1992,28_inorganic_chemicals_precious_metal_compound_isotope,1768101685,9747784447.0
Australia,1992,29_organic_chemicals,132417017,32087149.0
Australia,1992,30_pharmaceutical_products,298613044,14977309.0
Australia,1992,31_fertilizers,10506696,72130829.0
Australia,1992,38_miscellaneous_chemical_products,113134351,43530210.0
Australia,1992,39_plastics_and_articles_thereof,290469444,189448801.0
Australia,1993,28_inorganic_chemicals_precious_metal_compound_isotope,1738015939,9930425161.0
Australia,1993,29_organic_chemicals,127132828,32911439.0
Australia,1993,30_pharmaceutical_products,350221557,16049631.0
Australia,1993,31_fertilizers,9719024,59478588.0
Australia,1993,38_miscellaneous_chemical_products,139423118,45301412.0
Australia,1993,39_plastics_and_articles_thereof,296310231,202744062.0
Australia,1994,28_inorganic_chemicals_precious_metal_compound_isotope,1779938746,10735301278.0
Australia,1994,29_organic_chemicals,131369212,24472458.0
Australia,1994,30_pharmaceutical_products,447576591,15790609.0
Australia,1994,31_fertilizers,18055732,93726199.0
Australia,1994,38_miscellaneous_chemical_products,164142763,55115405.0
Australia,1994,39_plastics_and_articles_thereof,348588948,210303216.0
Australia,1995,28_inorganic_chemicals_precious_metal_compound_isotope,2073180943,10922839014.0
Australia,1995,29_organic_chemicals,128925276,33477080.0
Australia,1995,30_pharmaceutical_products,533763009,17004711.0
Australia,1995,31_fertilizers,21413615,111052805.0
Australia,1995,38_miscellaneous_chemical_products,156033838,58530952.0
Australia,1995,39_plastics_and_articles_thereof,498595164,271287725.0
Australia,1996,28_inorganic_chemicals_precious_metal_compound_isotope,2254739284,10895804663.0
Australia,1996,29_organic_chemicals,133164161,52751826.0
Australia,1996,30_pharmaceutical_products,653477700,18384281.0
Australia,1996,31_fertilizers,18632449,65170911.0
Australia,1996,38_miscellaneous_chemical_products,183235981,65638115.0
Australia,1996,39_plastics_and_articles_thereof,498137147,258789549.0
Australia,1997,28_inorganic_chemicals_precious_metal_compound_isotope,2225926188,11052138486.0
Australia,1997,29_organic_chemicals,183952378,84787808.0
Australia,1997,30_pharmaceutical_products,687912883,19848864.0
Australia,1997,31_fertilizers,17056107,46674036.0
Australia,1997,38_miscellaneous_chemical_products,185474333,65465542.0
Australia,1997,39_plastics_and_articles_thereof,481089886,290601955.0
Australia,1998,28_inorganic_chemicals_precious_metal_compound_isotope,2077239773,10941633983.0
Australia,1998,29_organic_chemicals,195457155,48707782.0
Australia,1998,30_pharmaceutical_products,644527940,20293662.0
Australia,1998,31_fertilizers,21466829,83055143.0
Australia,1998,38_miscellaneous_chemical_products,151504654,55660938.0
Australia,1998,39_plastics_and_articles_thereof,365148125,265105682.0
Australia,1999,28_inorganic_chemicals_precious_metal_compound_isotope,2056659303,11315711792.0
Australia,1999,29_organic_chemicals,212683907,34964886.0
Australia,1999,30_pharmaceutical_products,832483839,23765034.0
Australia,1999,31_fertilizers,21850384,69920106.0
Australia,1999,38_miscellaneous_chemical_products,162283017,64099542.0
Australia,1999,39_plastics_and_articles_thereof,397140805,267575722.0
Australia,2000,28_inorganic_chemicals_precious_metal_compound_isotope,2669155453,12797043095.0
Australia,2000,29_organic_chemicals,185956505,28875565.0
Australia,2000,30_pharmaceutical_products,1034078484,25429048.0
Australia,2000,31_fertilizers,45790065,237699231.0
Australia,2000,38_miscellaneous_chemical_products,170499769,81765851.0
Australia,2000,39_plastics_and_articles_thereof,376823805,240348397.0
Australia,2001,28_inorganic_chemicals_precious_metal_compound_isotope,2528548757,13365757759.0
Australia,2001,29_organic_chemicals,203269528,26487540.0
Australia,2001,30_pharmaceutical_products,1108431708,27668153.0
Australia,2001,31_fertilizers,80384648,481264388.0
Australia,2001,38_miscellaneous_chemical_products,166929236,105430307.0
Australia,2001,39_plastics_and_articles_thereof,370011984,336420843.0
Australia,2002,28_inorganic_chemicals_precious_metal_compound_isotope,2308505321,13381656096.0
Australia,2002,29_organic_chemicals,106443215,27470070.0
Australia,2002,30_pharmaceutical_products,1001972495,27934296.0
Australia,2002,31_fertilizers,66195476,392896383.0
Australia,2002,38_miscellaneous_chemical_products,191331126,114602932.0
Australia,2002,39_plastics_and_articles_thereof,409358865,281337076.0
Australia,2003,28_inorganic_chemicals_precious_metal_compound_isotope,2679120514,13943033207.0
Australia,2003,29_organic_chemicals,114545695,33098266.0
Australia,2003,30_pharmaceutical_products,1415137224,38594154.0
Australia,2003,31_fertilizers,99504449,481410271.0
Australia,2003,38_miscellaneous_chemical_products,196472509,75562825.0
Australia,2003,39_plastics_and_articles_thereof,480368348,305760730.0
Australia,2004,28_inorganic_chemicals_precious_metal_compound_isotope,3341548794,14147316984.0
Australia,2004,29_organic_chemicals,115114340,33039235.0
Australia,2004,30_pharmaceutical_products,1868146313,32642843.0
Australia,2004,31_fertilizers,101471360,393673207.0
Australia,2004,38_miscellaneous_chemical_products,216561448,86620130.0
Australia,2004,39_plastics_and_articles_thereof,589969221,275256940.0
Australia,2005,28_inorganic_chemicals_precious_metal_compound_isotope,3896956056,14698051725.0
Australia,2005,29_organic_chemicals,127579460,31595316.0
Australia,2005,30_pharmaceutical_products,2401184577,32852946.0
Australia,2005,31_fertilizers,144997877,562289845.0
Australia,2005,38_miscellaneous_chemical_products,244072229,82549787.0
Australia,2005,39_plastics_and_articles_thereof,719872097,388872796.0
Australia,2006,28_inorganic_chemicals_precious_metal_compound_isotope,5006119449,15590929442.0
Australia,2006,29_organic_chemicals,128549470,29103459.0
Australia,2006,30_pharmaceutical_products,2536007655,32886980.0
Australia,2006,31_fertilizers,115737228,467099821.0
Australia,2006,38_miscellaneous_chemical_products,257969349,83879425.0
Australia,2006,39_plastics_and_articles_thereof,722020569,334996373.0
Australia,2007,28_inorganic_chemicals_precious_metal_compound_isotope,5618406336,16215511907.0
Australia,2007,29_organic_chemicals,134239609,32904315.0
Australia,2007,30_pharmaceutical_products,3250979115,35605182.0
Australia,2007,31_fertilizers,221157889,746184322.0
Australia,2007,38_miscellaneous_chemical_products,309941938,111316463.0
Australia,2007,39_plastics_and_articles_thereof,949649129,379496597.0
Australia,2008,28_inorganic_chemicals_precious_metal_compound_isotope,5909530375,16541556188.0
Australia,2008,29_organic_chemicals,145229164,37167558.0
Australia,2008,30_pharmaceutical_products,3287127025,33409483.0
Australia,2008,31_fertilizers,551396145,729024330.0
Australia,2008,38_miscellaneous_chemical_products,319922212,115984163.0
Australia,2008,39_plastics_and_articles_thereof,908403598,378560349.0
Australia,2009,28_inorganic_chemicals_precious_metal_compound_isotope,4067216871,17606063685.0
Australia,2009,29_organic_chemicals,118121394,28539261.0
Australia,2009,30_pharmaceutical_products,3146166407,32626309.0
Australia,2009,31_fertilizers,320663439,975020895.0
Australia,2009,38_miscellaneous_chemical_products,303773628,125718270.0
Australia,2009,39_plastics_and_articles_thereof,796483165,426551543.0
Australia,2010,28_inorganic_chemicals_precious_metal_compound_isotope,5201292422,17565249342.0
Australia,2010,29_organic_chemicals,161680492,50743323.0
Australia,2010,30_pharmaceutical_products,3608836075,33093771.0
Australia,2010,31_fertilizers,303825303,679324452.0
Australia,2010,38_miscellaneous_chemical_products,341387639,127016461.0
Australia,2010,39_plastics_and_articles_thereof,930768405,423950102.0
Australia,2011,28_inorganic_chemicals_precious_metal_compound_isotope,5930983473,16624530931.0
Australia,2011,29_organic_chemicals,192086581,54124846.0
Australia,2011,30_pharmaceutical_products,3785354999,39705890.0
Australia,2011,31_fertilizers,413168261,705885052.0
Australia,2011,38_miscellaneous_chemical_products,442519017,122055089.0
Australia,2011,39_plastics_and_articles_thereof,976847032,387275340.0
Australia,2012,28_inorganic_chemicals_precious_metal_compound_isotope,5877089922,18996475764.0
Australia,2012,29_organic_chemicals,232261775,54466694.0
Australia,2012,30_pharmaceutical_products,4374567532,37197772.0
Australia,2012,31_fertilizers,323353543,571163229.0
Australia,2012,38_miscellaneous_chemical_products,432780447,111114749.0
Australia,2012,39_plastics_and_articles_thereof,995003539,412772129.0
Australia,2013,28_inorganic_chemicals_precious_metal_compound_isotope,5995470096,19488587476.0
Australia,2013,29_organic_chemicals,211539429,60352853.0
Australia,2013,30_pharmaceutical_products,3347695327,37144296.0
Australia,2013,31_fertilizers,206348178,394183571.0
Australia,2013,38_miscellaneous_chemical_products,390345834,88864605.0
Australia,2013,39_plastics_and_articles_thereof,884862242,379063680.0
Australia,2014,28_inorganic_chemicals_precious_metal_compound_isotope,5824101405,18626936433.0
Australia,2014,29_organic_chemicals,233482681,37005667.0
Australia,2014,30_pharmaceutical_products,2538255159,36275134.0
Australia,2014,31_fertilizers,226932426,456682667.0
Australia,2014,38_miscellaneous_chemical_products,357880484,91926820.0
Australia,2014,39_plastics_and_articles_thereof,890266049,403796242.0
Australia,2015,28_inorganic_chemicals_precious_metal_compound_isotope,5480341942,18171107643.0
Australia,2015,29_organic_chemicals,250774471,32152812.0
Australia,2015,30_pharmaceutical_products,1738358766,34501461.0
Australia,2015,31_fertilizers,279377648,572611731.0
Australia,2015,38_miscellaneous_chemical_products,354013331,149894142.0
Australia,2015,39_plastics_and_articles_thereof,811945798,443167054.0
Australia,2016,28_inorganic_chemicals_precious_metal_compound_isotope,4592488195,18477214454.0
Australia,2016,29_organic_chemicals,347856081,36008677.0
Australia,2016,30_pharmaceutical_products,2359249829,38188748.0
Australia,2016,31_fertilizers,285174614,770518009.0
Australia,2016,38_miscellaneous_chemical_products,359148889,161810761.0
Australia,2016,39_plastics_and_articles_thereof,831946331,448252105.0
Austria,1994,28_inorganic_chemicals_precious_metal_compound_isotope,260026897,599697320.0
Austria,1994,29_organic_chemicals,661083913,263516125.0
Austria,1994,30_pharmaceutical_products,883300432,23875678.0
Austria,1994,31_fertilizers,118040951,908922307.0
Austria,1994,38_miscellaneous_chemical_products,375186301,400244771.0
Austria,1994,39_plastics_and_articles_thereof,2073743882,1176051433.0
Austria,1995,28_inorganic_chemicals_precious_metal_compound_isotope,114256984,263714543.0
Austria,1995,29_organic_chemicals,546537763,115232236.0
Austria,1995,30_pharmaceutical_products,1150537282,24483240.0
Austria,1995,31_fertilizers,14208790,83859264.0
Austria,1995,38_miscellaneous_chemical_products,442073504,384701147.0
Austria,1995,39_plastics_and_articles_thereof,1991136450,498767112.0
Austria,1996,28_inorganic_chemicals_precious_metal_compound_isotope,122018151,262741128.0
Austria,1996,29_organic_chemicals,598952351,141142247.0
Austria,1996,30_pharmaceutical_products,1181581842,26034864.0
Austria,1996,31_fertilizers,13371184,90871199.0
Austria,1996,38_miscellaneous_chemical_products,425920006,359708338.0
Austria,1996,39_plastics_and_articles_thereof,1957309128,503531993.0
Austria,1997,28_inorganic_chemicals_precious_metal_compound_isotope,83956480,133150378.0
Austria,1997,29_organic_chemicals,399073858,122768286.0
Austria,1997,30_pharmaceutical_products,1309748172,28113043.0
Austria,1997,31_fertilizers,16288366,132700400.0
Austria,1997,38_miscellaneous_chemical_products,411986531,244719680.0
Austria,1997,39_plastics_and_articles_thereof,1788887611,500408983.0
Austria,1998,28_inorganic_chemicals_precious_metal_compound_isotope,77279845,158164766.0
Austria,1998,29_organic_chemicals,467189413,146039469.0
Austria,1998,30_pharmaceutical_products,1326097050,34316630.0
Austria,1998,31_fertilizers,18854418,142155060.0
Austria,1998,38_miscellaneous_chemical_products,404200323,274620048.0
Austria,1998,39_plastics_and_articles_thereof,1949915045,551123144.0
Austria,1999,28_inorganic_chemicals_precious_metal_compound_isotope,76533586,195903148.0
Austria,1999,29_organic_chemicals,593228772,124741220.0
Austria,1999,30_pharmaceutical_products,1541854055,28230703.0
Austria,1999,31_fertilizers,13211796,112570626.0
Austria,1999,38_miscellaneous_chemical_products,389532129,293997887.0
Austria,1999,39_plastics_and_articles_thereof,1902709000,619775478.0
Austria,2000,28_inorganic_chemicals_precious_metal_compound_isotope,77806592,172049864.0
Austria,2000,29_organic_chemicals,492320549,110746262.0
Austria,2000,30_pharmaceutical_products,1616205660,34998201.0
Austria,2000,31_fertilizers,14038050,126296113.0
Austria,2000,38_miscellaneous_chemical_products,296389926,277251292.0
Austria,2000,39_plastics_and_articles_thereof,1949668013,658790841.0
Austria,2001,28_inorganic_chemicals_precious_metal_compound_isotope,75423650,153417411.0
Austria,2001,29_organic_chemicals,490480588,143025454.0
Austria,2001,30_pharmaceutical_products,1831560031,39117209.0
Austria,2001,31_fertilizers,16395734,136543532.0
Austria,2001,38_miscellaneous_chemical_products,303589228,286017064.0
Austria,2001,39_plastics_and_articles_thereof,2001365590,675571455.0
Austria,2002,28_inorganic_chemicals_precious_metal_compound_isotope,82304961,202447260.0
Austria,2002,29_organic_chemicals,557771458,152528786.0
Austria,2002,30_pharmaceutical_products,2610100373,42553435.0
Austria,2002,31_fertilizers,16982976,123573551.0
Austria,2002,38_miscellaneous_chemical_products,356390987,334828836.0
Austria,2002,39_plastics_and_articles_thereof,2159195753,719086700.0
Austria,2003,28_inorganic_chemicals_precious_metal_compound_isotope,146669694,413682659.0
Austria,2003,29_organic_chemicals,814194375,177653998.0
Austria,2003,30_pharmaceutical_products,3076355699,41636878.0
Austria,2003,31_fertilizers,51780446,284029181.0
Austria,2003,38_miscellaneous_chemical_products,552290234,375633914.0
Austria,2003,39_plastics_and_articles_thereof,3119250982,1137761621.0
Austria,2004,28_inorganic_chemicals_precious_metal_compound_isotope,173093528,400246918.0
Austria,2004,29_organic_chemicals,831264667,172063590.0
Austria,2004,30_pharmaceutical_products,3263270506,45699561.0
Austria,2004,31_fertilizers,65625105,336902595.0
Austria,2004,38_miscellaneous_chemical_products,665278949,460823562.0
Austria,2004,39_plastics_and_articles_thereof,3655853619,1185276936.0
Austria,2005,28_inorganic_chemicals_precious_metal_compound_isotope,198606928,440858024.0
Austria,2005,29_organic_chemicals,823617898,150000910.0
Austria,2005,30_pharmaceutical_products,4235696148,47765754.0
Austria,2005,31_fertilizers,13395704,52433948.0
Austria,2005,38_miscellaneous_chemical_products,760144242,529844944.0
Austria,2005,39_plastics_and_articles_thereof,4314608678,1457194068.0
Austria,2006,28_inorganic_chemicals_precious_metal_compound_isotope,242655703,468737305.0
Austria,2006,29_organic_chemicals,969013298,174597423.0
Austria,2006,30_pharmaceutical_products,5085478948,53902797.0
Austria,2006,31_fertilizers,26634923,114148867.0
Austria,2006,38_miscellaneous_chemical_products,947515105,845507896.0
Austria,2006,39_plastics_and_articles_thereof,5210013039,1762033024.0
Austria,2007,28_inorganic_chemicals_precious_metal_compound_isotope,288903750,504867067.0
Austria,2007,29_organic_chemicals,1052038053,179398981.0
Austria,2007,30_pharmaceutical_products,5948223083,65840999.0
Austria,2007,31_fertilizers,21508213,83830850.0
Austria,2007,38_miscellaneous_chemical_products,1296237149,1043181557.0
Austria,2007,39_plastics_and_articles_thereof,6660276932,2054331793.0
Austria,2008,28_inorganic_chemicals_precious_metal_compound_isotope,335289734,575886852.0
Austria,2008,29_organic_chemicals,1081504068,182568836.0
Austria,2008,30_pharmaceutical_products,6921105450,77578053.0
Austria,2008,31_fertilizers,43986243,120804881.0
Austria,2008,38_miscellaneous_chemical_products,1529901202,1223155760.0
Austria,2008,39_plastics_and_articles_thereof,7218956180,1963746565.0
Austria,2009,28_inorganic_chemicals_precious_metal_compound_isotope,275820532,490621992.0
Austria,2009,29_organic_chemicals,1098800570,179745934.0
Austria,2009,30_pharmaceutical_products,7292986771,85115938.0
Austria,2009,31_fertilizers,35775833,77505115.0
Austria,2009,38_miscellaneous_chemical_products,1266281754,1023992019.0
Austria,2009,39_plastics_and_articles_thereof,5579974144,1816096294.0
Austria,2010,28_inorganic_chemicals_precious_metal_compound_isotope,349551400,571661237.0
Austria,2010,29_organic_chemicals,1124520109,162423514.0
Austria,2010,30_pharmaceutical_products,7632544753,82231570.0
Austria,2010,31_fertilizers,41563006,139900407.0
Austria,2010,38_miscellaneous_chemical_products,1446894279,1065515263.0
Austria,2010,39_plastics_and_articles_thereof,6440058827,1968573747.0
Austria,2011,28_inorganic_chemicals_precious_metal_compound_isotope,539537661,598465788.0
Austria,2011,29_organic_chemicals,1053461532,168396844.0
Austria,2011,30_pharmaceutical_products,8741186433,94456333.0
Austria,2011,31_fertilizers,45788963,127385023.0
Austria,2011,38_miscellaneous_chemical_products,1739142698,1268342618.0
Austria,2011,39_plastics_and_articles_thereof,7378801720,1993892024.0
Austria,2012,28_inorganic_chemicals_precious_metal_compound_isotope,441543885,650283967.0
Austria,2012,29_organic_chemicals,1669356299,187321414.0
Austria,2012,30_pharmaceutical_products,8350528817,92444088.0
Austria,2012,31_fertilizers,51595369,152073250.0
Austria,2012,38_miscellaneous_chemical_products,1673138983,1229083953.0
Austria,2012,39_plastics_and_articles_thereof,6896488308,2103717296.0
Austria,2013,28_inorganic_chemicals_precious_metal_compound_isotope,436057767,779487471.0
Austria,2013,29_organic_chemicals,1989748546,194861833.0
Austria,2013,30_pharmaceutical_products,8789996886,114688537.0
Austria,2013,31_fertilizers,58900846,154056314.0
Austria,2013,38_miscellaneous_chemical_products,1784429497,1229358400.0
Austria,2013,39_plastics_and_articles_thereof,7334748052,2151073938.0
Austria,2014,28_inorganic_chemicals_precious_metal_compound_isotope,437679563,710993453.0
Austria,2014,29_organic_chemicals,2853189272,263592734.0
Austria,2014,30_pharmaceutical_products,9205497812,93552065.0
Austria,2014,31_fertilizers,71406708,199442106.0
Austria,2014,38_miscellaneous_chemical_products,1822647591,1252112923.0
Austria,2014,39_plastics_and_articles_thereof,7450364227,2149911603.0
Austria,2015,28_inorganic_chemicals_precious_metal_compound_isotope,356123717,831044708.0
Austria,2015,29_organic_chemicals,1916823740,234510152.0
Austria,2015,30_pharmaceutical_products,8049257341,94463100.0
Austria,2015,31_fertilizers,167923516,751957400.0
Austria,2015,38_miscellaneous_chemical_products,1663414273,1287244529.0
Austria,2015,39_plastics_and_articles_thereof,6451922773,2123832979.0
Azerbaijan,1996,28_inorganic_chemicals_precious_metal_compound_isotope,6255742,25120878.0
Azerbaijan,1996,29_organic_chemicals,11208679,24930516.0
Azerbaijan,1996,30_pharmaceutical_products,244800,65973.0
Azerbaijan,1996,31_fertilizers,134749,1649000.0
Azerbaijan,1996,38_miscellaneous_chemical_products,882082,979978.0
Azerbaijan,1996,39_plastics_and_articles_thereof,23294487,119983544.0
Azerbaijan,1997,28_inorganic_chemicals_precious_metal_compound_isotope,5461831,35755886.0
Azerbaijan,1997,29_organic_chemicals,9265798,25841621.0
Azerbaijan,1997,30_pharmaceutical_products,152378,32059.0
Azerbaijan,1997,31_fertilizers,1074589,10931339.0
Azerbaijan,1997,38_miscellaneous_chemical_products,1592627,1386525.0
Azerbaijan,1997,39_plastics_and_articles_thereof,17996438,48453251.0
Azerbaijan,1998,28_inorganic_chemicals_precious_metal_compound_isotope,3299976,11205134.0
Azerbaijan,1998,29_organic_chemicals,5295000,8888073.0
Azerbaijan,1998,30_pharmaceutical_products,175533,22671.0
Azerbaijan,1998,31_fertilizers,178628,3409500.0
Azerbaijan,1998,38_miscellaneous_chemical_products,1192555,1086567.0
Azerbaijan,1998,39_plastics_and_articles_thereof,8114978,16456711.0
Azerbaijan,1999,28_inorganic_chemicals_precious_metal_compound_isotope,13685478,87234188.0
Azerbaijan,1999,29_organic_chemicals,6624466,28777331.0
Azerbaijan,1999,30_pharmaceutical_products,617816,142790.0
Azerbaijan,1999,31_fertilizers,423936,2453187.0
Azerbaijan,1999,38_miscellaneous_chemical_products,976199,2062369.0
Azerbaijan,1999,39_plastics_and_articles_thereof,12535893,61725904.0
Azerbaijan,2000,28_inorganic_chemicals_precious_metal_compound_isotope,24292199,233332183.0
Azerbaijan,2000,29_organic_chemicals,9902503,33258864.0
Azerbaijan,2000,30_pharmaceutical_products,308968,34050.0
Azerbaijan,2000,31_fertilizers,64970,135500.0
Azerbaijan,2000,38_miscellaneous_chemical_products,1132065,1662428.0
Azerbaijan,2000,39_plastics_and_articles_thereof,20020738,66251030.0
Azerbaijan,2001,28_inorganic_chemicals_precious_metal_compound_isotope,11408239,102916985.0
Azerbaijan,2001,29_organic_chemicals,6769475,24251879.0
Azerbaijan,2001,30_pharmaceutical_products,432403,71114.0
Azerbaijan,2001,31_fertilizers,380227,1103350.0
Azerbaijan,2001,38_miscellaneous_chemical_products,2146516,2112492.0
Azerbaijan,2001,39_plastics_and_articles_thereof,13165336,24291166.0
Azerbaijan,2002,28_inorganic_chemicals_precious_metal_compound_isotope,18972602,104815297.0
Azerbaijan,2002,29_organic_chemicals,11252563,48981084.0
Azerbaijan,2002,30_pharmaceutical_products,3585065,214704.0
Azerbaijan,2002,31_fertilizers,131528,391500.0
Azerbaijan,2002,38_miscellaneous_chemical_products,1247782,3766301.0
Azerbaijan,2002,39_plastics_and_articles_thereof,22363001,99107156.0
Azerbaijan,2003,28_inorganic_chemicals_precious_metal_compound_isotope,34005242,176262695.0
Azerbaijan,2003,29_organic_chemicals,12219236,45506014.0
Azerbaijan,2003,30_pharmaceutical_products,1250969,63689.0
Azerbaijan,2003,31_fertilizers,102400,430000.0
Azerbaijan,2003,38_miscellaneous_chemical_products,2077192,9143500.0
Azerbaijan,2003,39_plastics_and_articles_thereof,33950454,104798453.0
Azerbaijan,2004,28_inorganic_chemicals_precious_metal_compound_isotope,51017715,238877046.0
Azerbaijan,2004,29_organic_chemicals,20957423,48263968.0
Azerbaijan,2004,30_pharmaceutical_products,2162189,69617.0
Azerbaijan,2004,31_fertilizers,10180,25850.0
Azerbaijan,2004,38_miscellaneous_chemical_products,1201112,3137177.0
Azerbaijan,2004,39_plastics_and_articles_thereof,67073422,125975325.0
Azerbaijan,2005,28_inorganic_chemicals_precious_metal_compound_isotope,101270962,330416079.0
Azerbaijan,2005,29_organic_chemicals,25106786,39287933.0
Azerbaijan,2005,30_pharmaceutical_products,573708,64760.0
Azerbaijan,2005,38_miscellaneous_chemical_products,3316021,12613454.0
Azerbaijan,2005,39_plastics_and_articles_thereof,71658640,120426567.0
Azerbaijan,2006,28_inorganic_chemicals_precious_metal_compound_isotope,157087569,372479528.0
Azerbaijan,2006,29_organic_chemicals,28283356,44033325.0
Azerbaijan,2006,30_pharmaceutical_products,575176,86255.0
Azerbaijan,2006,31_fertilizers,1250,5000.0
Azerbaijan,2006,38_miscellaneous_chemical_products,5238943,13277322.0
Azerbaijan,2006,39_plastics_and_articles_thereof,99869899,166658847.0
Azerbaijan,2007,28_inorganic_chemicals_precious_metal_compound_isotope,65139885,198201316.0
Azerbaijan,2007,29_organic_chemicals,21353529,40617519.0
Azerbaijan,2007,30_pharmaceutical_products,488099,42665.0
Azerbaijan,2007,31_fertilizers,26744,139880.0
Azerbaijan,2007,38_miscellaneous_chemical_products,3888042,5775200.0
Azerbaijan,2007,39_plastics_and_articles_thereof,70898548,98317643.0
Azerbaijan,2008,28_inorganic_chemicals_precious_metal_compound_isotope,60822577,192516650.0
Azerbaijan,2008,29_organic_chemicals,36393265,55589768.0
Azerbaijan,2008,30_pharmaceutical_products,950027,99783.0
Azerbaijan,2008,31_fertilizers,689424,2559200.0
Azerbaijan,2008,38_miscellaneous_chemical_products,6503580,11725389.0
Azerbaijan,2008,39_plastics_and_articles_thereof,123096021,131230973.0
Azerbaijan,2009,28_inorganic_chemicals_precious_metal_compound_isotope,8280314,61375230.0
Azerbaijan,2009,29_organic_chemicals,19551726,44604359.0
Azerbaijan,2009,30_pharmaceutical_products,447038,66575.0
Azerbaijan,2009,31_fertilizers,554616,2584955.0
Azerbaijan,2009,38_miscellaneous_chemical_products,3730891,3641278.0
Azerbaijan,2009,39_plastics_and_articles_thereof,60722539,112416684.0
Azerbaijan,2010,28_inorganic_chemicals_precious_metal_compound_isotope,6952973,15031984.0
Azerbaijan,2010,29_organic_chemicals,33279824,53811516.0
Azerbaijan,2010,30_pharmaceutical_products,1314277,48699.0
Azerbaijan,2010,31_fertilizers,18058,60040.0
Azerbaijan,2010,38_miscellaneous_chemical_products,4940076,5333367.0
Azerbaijan,2010,39_plastics_and_articles_thereof,84509483,114289675.0
Azerbaijan,2011,28_inorganic_chemicals_precious_metal_compound_isotope,6057664,6973271.0
Azerbaijan,2011,29_organic_chemicals,53221330,66128870.0
Azerbaijan,2011,30_pharmaceutical_products,55105883,178974.0
Azerbaijan,2011,31_fertilizers,414940,1068500.0
Azerbaijan,2011,38_miscellaneous_chemical_products,4441593,5118413.0
Azerbaijan,2011,39_plastics_and_articles_thereof,123892621,136923903.0
Azerbaijan,2012,28_inorganic_chemicals_precious_metal_compound_isotope,49029847,107139440.0
Azerbaijan,2012,29_organic_chemicals,39719203,55652947.0
Azerbaijan,2012,30_pharmaceutical_products,78185135,155007.0
Azerbaijan,2012,31_fertilizers,618240,1472000.0
Azerbaijan,2012,38_miscellaneous_chemical_products,5678855,8746838.0
Azerbaijan,2012,39_plastics_and_articles_thereof,108827246,127420318.0
Azerbaijan,2013,28_inorganic_chemicals_precious_metal_compound_isotope,10195044,2895922.0
Azerbaijan,2013,29_organic_chemicals,34704729,45972398.0
Azerbaijan,2013,30_pharmaceutical_products,3508765,50119.0
Azerbaijan,2013,31_fertilizers,354440,852000.0
Azerbaijan,2013,38_miscellaneous_chemical_products,6699270,17504635.0
Azerbaijan,2013,39_plastics_and_articles_thereof,122103677,125614081.0
Azerbaijan,2014,28_inorganic_chemicals_precious_metal_compound_isotope,6979792,231004.0
Azerbaijan,2014,29_organic_chemicals,49458752,84621182.0
Azerbaijan,2014,30_pharmaceutical_products,12030695,72129.0
Azerbaijan,2014,31_fertilizers,967265,1974010.0
Azerbaijan,2014,38_miscellaneous_chemical_products,4760246,11318658.0
Azerbaijan,2014,39_plastics_and_articles_thereof,156984407,173414758.0
Azerbaijan,2015,28_inorganic_chemicals_precious_metal_compound_isotope,5599899,1048294.0
Azerbaijan,2015,29_organic_chemicals,59931715,24129298.0
Azerbaijan,2015,30_pharmaceutical_products,579494,14773.0
Azerbaijan,2015,31_fertilizers,1859741,2181029.0
Azerbaijan,2015,38_miscellaneous_chemical_products,10849637,6760494.0
Azerbaijan,2015,39_plastics_and_articles_thereof,112288850,27784233.0
Bahamas,1997,28_inorganic_chemicals_precious_metal_compound_isotope,546146,1053.0
Bahamas,1997,29_organic_chemicals,25865525,1085872.0
Bahamas,1997,30_pharmaceutical_products,153358,5306.0
Bahamas,1997,31_fertilizers,50,45.0
Bahamas,1997,38_miscellaneous_chemical_products,44462,6552.0
Bahamas,1997,39_plastics_and_articles_thereof,914410,287260.0
Bahamas,1998,28_inorganic_chemicals_precious_metal_compound_isotope,813990,95122.0
Bahamas,1998,29_organic_chemicals,28347918,2470533.0
Bahamas,1998,30_pharmaceutical_products,129785,3992.0
Bahamas,1998,31_fertilizers,5,45.0
Bahamas,1998,38_miscellaneous_chemical_products,265460,38332.0
Bahamas,1998,39_plastics_and_articles_thereof,29077152,16633188.0
Bahamas,1999,28_inorganic_chemicals_precious_metal_compound_isotope,4953167,435718.0
Bahamas,1999,29_organic_chemicals,30163561,2659624.0
Bahamas,1999,30_pharmaceutical_products,450274,18789.0
Bahamas,1999,31_fertilizers,1987,24944.0
Bahamas,1999,38_miscellaneous_chemical_products,5079795,879003.0
Bahamas,1999,39_plastics_and_articles_thereof,38557378,30226205.0
Bahamas,2000,28_inorganic_chemicals_precious_metal_compound_isotope,3487271,263505.0
Bahamas,2000,29_organic_chemicals,46023019,3306049.0
Bahamas,2000,30_pharmaceutical_products,263966,6038.0
Bahamas,2000,31_fertilizers,185089,1010014.0
Bahamas,2000,38_miscellaneous_chemical_products,4059624,1089472.0
Bahamas,2000,39_plastics_and_articles_thereof,56045277,32108031.0
Bahamas,2001,28_inorganic_chemicals_precious_metal_compound_isotope,789837,258593.0
Bahamas,2001,29_organic_chemicals,14905278,2611018.0
Bahamas,2001,30_pharmaceutical_products,577270,15659.0
Bahamas,2001,38_miscellaneous_chemical_products,214246,45410.0
Bahamas,2001,39_plastics_and_articles_thereof,71989209,6227324.0
Bahamas,2002,28_inorganic_chemicals_precious_metal_compound_isotope,1456428,509016.0
Bahamas,2002,29_organic_chemicals,192474,56552.0
Bahamas,2002,30_pharmaceutical_products,2940988,193807.0
Bahamas,2002,38_miscellaneous_chemical_products,882222,17606.0
Bahamas,2002,39_plastics_and_articles_thereof,77481011,48861100.0
Bahamas,2003,28_inorganic_chemicals_precious_metal_compound_isotope,13511,9338.0
Bahamas,2003,29_organic_chemicals,49592,98917.0
Bahamas,2003,30_pharmaceutical_products,3840264,460640.0
Bahamas,2003,31_fertilizers,31,90.0
Bahamas,2003,38_miscellaneous_chemical_products,67851,6001.0
Bahamas,2003,39_plastics_and_articles_thereof,85738844,56328315.0
Bahamas,2004,28_inorganic_chemicals_precious_metal_compound_isotope,13751,7331.0
Bahamas,2004,29_organic_chemicals,175965,11985.0
Bahamas,2004,30_pharmaceutical_products,3488844,102813.0
Bahamas,2004,31_fertilizers,254,20412.0
Bahamas,2004,38_miscellaneous_chemical_products,24162,3995.0
Bahamas,2004,39_plastics_and_articles_thereof,96990246,56811482.0
Bahamas,2005,28_inorganic_chemicals_precious_metal_compound_isotope,17660,9687.0
Bahamas,2005,29_organic_chemicals,43458053,2137834.0
Bahamas,2005,30_pharmaceutical_products,2700,340.0
Bahamas,2005,39_plastics_and_articles_thereof,115692062,58182510.0
Bahamas,2006,28_inorganic_chemicals_precious_metal_compound_isotope,61520,17112.0
Bahamas,2006,29_organic_chemicals,45418519,593185.0
Bahamas,2006,30_pharmaceutical_products,12512640,104534.0
Bahamas,2006,38_miscellaneous_chemical_products,37483,21514.0
Bahamas,2006,39_plastics_and_articles_thereof,139574796,68577442.0
Bahamas,2007,28_inorganic_chemicals_precious_metal_compound_isotope,121012,91655.0
Bahamas,2007,29_organic_chemicals,85350716,509439.0
Bahamas,2007,30_pharmaceutical_products,3270808,96616.0
Bahamas,2007,38_miscellaneous_chemical_products,11780,889.0
Bahamas,2007,39_plastics_and_articles_thereof,143352837,60361611.0
Bahamas,2008,28_inorganic_chemicals_precious_metal_compound_isotope,813636,280164.0
Bahamas,2008,29_organic_chemicals,75501593,1717518.0
Bahamas,2008,30_pharmaceutical_products,1834761,114852.0
Bahamas,2008,31_fertilizers,883,23360.0
Bahamas,2008,38_miscellaneous_chemical_products,269528,63146.0
Bahamas,2008,39_plastics_and_articles_thereof,152892849,63527550.0
Bahamas,2009,28_inorganic_chemicals_precious_metal_compound_isotope,1212701,210266.0
Bahamas,2009,29_organic_chemicals,106896044,134423.0
Bahamas,2009,30_pharmaceutical_products,1113746,21291.0
Bahamas,2009,31_fertilizers,7998,15241.0
Bahamas,2009,38_miscellaneous_chemical_products,289414,65668.0
Bahamas,2009,39_plastics_and_articles_thereof,123383371,52621348.0
Bahamas,2010,28_inorganic_chemicals_precious_metal_compound_isotope,351686,204796.0
Bahamas,2010,29_organic_chemicals,81698889,148722.0
Bahamas,2010,30_pharmaceutical_products,658108,29260.0
Bahamas,2010,31_fertilizers,1706,1814.0
Bahamas,2010,38_miscellaneous_chemical_products,86669,16125.0
Bahamas,2010,39_plastics_and_articles_thereof,105004705,47762194.0
Bahamas,2011,28_inorganic_chemicals_precious_metal_compound_isotope,437656,195196.0
Bahamas,2011,29_organic_chemicals,73804854,99496.0
Bahamas,2011,30_pharmaceutical_products,71079,5876.0
Bahamas,2011,31_fertilizers,15317,79824.0
Bahamas,2011,38_miscellaneous_chemical_products,31514,6467.0
Bahamas,2011,39_plastics_and_articles_thereof,137505395,40501017.0
Bahamas,2012,28_inorganic_chemicals_precious_metal_compound_isotope,468883,585346.0
Bahamas,2012,29_organic_chemicals,75682075,129639.0
Bahamas,2012,30_pharmaceutical_products,98181,3562.0
Bahamas,2012,38_miscellaneous_chemical_products,233935,16818.0
Bahamas,2012,39_plastics_and_articles_thereof,156836464,72175352.0
Bahamas,2013,28_inorganic_chemicals_precious_metal_compound_isotope,902478,190212.0
Bahamas,2013,29_organic_chemicals,61628356,98247.0
Bahamas,2013,30_pharmaceutical_products,85603,3735.0
Bahamas,2013,31_fertilizers,21,91.0
Bahamas,2013,38_miscellaneous_chemical_products,107307,16936.0
Bahamas,2013,39_plastics_and_articles_thereof,187112693,83239174.0
Bahamas,2014,28_inorganic_chemicals_precious_metal_compound_isotope,753629,46090.0
Bahamas,2014,29_organic_chemicals,75260497,98719.0
Bahamas,2014,30_pharmaceutical_products,156631,5999.0
Bahamas,2014,31_fertilizers,1005,1542.0
Bahamas,2014,38_miscellaneous_chemical_products,269480,17631.0
Bahamas,2014,39_plastics_and_articles_thereof,171770359,45768259.0
Bahamas,2015,28_inorganic_chemicals_precious_metal_compound_isotope,278912,651322.0
Bahamas,2015,29_organic_chemicals,48987776,55066.0
Bahamas,2015,30_pharmaceutical_products,88082,8146.0
Bahamas,2015,38_miscellaneous_chemical_products,183578,641088.0
Bahamas,2015,39_plastics_and_articles_thereof,87365126,54861792.0
Bahrain,2000,28_inorganic_chemicals_precious_metal_compound_isotope,18464997,119392635.0
Bahrain,2000,29_organic_chemicals,39421243,353267940.0
Bahrain,2000,30_pharmaceutical_products,358720,43720.0
Bahrain,2000,31_fertilizers,68706268,412230000.0
Bahrain,2000,38_miscellaneous_chemical_products,2680810,6779336.0
Bahrain,2000,39_plastics_and_articles_thereof,27760256,13686882.0
Bahrain,2001,28_inorganic_chemicals_precious_metal_compound_isotope,16610847,125458978.0
Bahrain,2001,29_organic_chemicals,47133844,421176815.0
Bahrain,2001,30_pharmaceutical_products,478194,73679.0
Bahrain,2001,31_fertilizers,62353619,331220000.0
Bahrain,2001,38_miscellaneous_chemical_products,2616330,8659483.0
Bahrain,2001,39_plastics_and_articles_thereof,30673531,16270676.0
Bahrain,2002,28_inorganic_chemicals_precious_metal_compound_isotope,11511238,107394711.0
Bahrain,2002,29_organic_chemicals,41710829,410403739.0
Bahrain,2002,30_pharmaceutical_products,204534,35750.0
Bahrain,2002,31_fertilizers,67677825,634100650.0
Bahrain,2002,38_miscellaneous_chemical_products,2088871,7202940.0
Bahrain,2002,39_plastics_and_articles_thereof,31882071,16334528.0
Bahrain,2003,28_inorganic_chemicals_precious_metal_compound_isotope,14479303,82158751.0
Bahrain,2003,29_organic_chemicals,62634430,360358853.0
Bahrain,2003,30_pharmaceutical_products,302135,41389.0
Bahrain,2003,31_fertilizers,88667404,591600000.0
Bahrain,2003,38_miscellaneous_chemical_products,2145943,4639676.0
Bahrain,2003,39_plastics_and_articles_thereof,31658816,17677521.0
Bahrain,2004,28_inorganic_chemicals_precious_metal_compound_isotope,20073501,98545708.0
Bahrain,2004,29_organic_chemicals,72364580,407707285.0
Bahrain,2004,30_pharmaceutical_products,326021,60046.0
Bahrain,2004,31_fertilizers,97543985,547000000.0
Bahrain,2004,38_miscellaneous_chemical_products,5774495,13628004.0
Bahrain,2004,39_plastics_and_articles_thereof,38930253,19943898.0
Bahrain,2005,28_inorganic_chemicals_precious_metal_compound_isotope,26967558,93588123.0
Bahrain,2005,29_organic_chemicals,67327736,370062907.0
Bahrain,2005,30_pharmaceutical_products,286221,46599.0
Bahrain,2005,31_fertilizers,131129128,557506174.0
Bahrain,2005,38_miscellaneous_chemical_products,12027098,23779821.0
Bahrain,2005,39_plastics_and_articles_thereof,52973929,25525681.0
Bahrain,2006,28_inorganic_chemicals_precious_metal_compound_isotope,31104840,108265793.0
Bahrain,2006,29_organic_chemicals,86108225,408246064.0
Bahrain,2006,30_pharmaceutical_products,211933,33563.0
Bahrain,2006,31_fertilizers,132852841,600605138.0
Bahrain,2006,38_miscellaneous_chemical_products,12124292,23970339.0
Bahrain,2006,39_plastics_and_articles_thereof,49224819,25238189.0
Bahrain,2007,28_inorganic_chemicals_precious_metal_compound_isotope,40095891,91253202.0
Bahrain,2007,29_organic_chemicals,181201554,368795645.0
Bahrain,2007,30_pharmaceutical_products,550713,47535.0
Bahrain,2007,31_fertilizers,321391662,594348600.0
Bahrain,2007,38_miscellaneous_chemical_products,18030170,34981702.0
Bahrain,2007,39_plastics_and_articles_thereof,56719568,28218756.0
Bahrain,2008,28_inorganic_chemicals_precious_metal_compound_isotope,48716689,108726898.0
Bahrain,2008,29_organic_chemicals,121864966,407315480.0
Bahrain,2008,30_pharmaceutical_products,1360223,158947.0
Bahrain,2008,31_fertilizers,300422192,621993298.0
Bahrain,2008,38_miscellaneous_chemical_products,28414393,53614558.0
Bahrain,2008,39_plastics_and_articles_thereof,111202560,41879487.0
Bahrain,2009,28_inorganic_chemicals_precious_metal_compound_isotope,32141152,115477687.0
Bahrain,2009,29_organic_chemicals,35152736,301312112.0
Bahrain,2009,30_pharmaceutical_products,588713,54252.0
Bahrain,2009,31_fertilizers,150959411,563796500.0
Bahrain,2009,38_miscellaneous_chemical_products,16863065,28933729.0
Bahrain,2009,39_plastics_and_articles_thereof,80109536,34655465.0
Bahrain,2010,28_inorganic_chemicals_precious_metal_compound_isotope,20124719,46268532.0
Bahrain,2010,29_organic_chemicals,154242,81255.0
Bahrain,2010,30_pharmaceutical_products,368486,44085.0
Bahrain,2010,31_fertilizers,6406915,22000000.0
Bahrain,2010,38_miscellaneous_chemical_products,15064120,29639671.0
Bahrain,2010,39_plastics_and_articles_thereof,82858586,35751735.0
Bahrain,2011,28_inorganic_chemicals_precious_metal_compound_isotope,6481495,11263871.0
Bahrain,2011,29_organic_chemicals,47566749,125079093.0
Bahrain,2011,30_pharmaceutical_products,266322,22959.0
Bahrain,2011,31_fertilizers,99723,182916.0
Bahrain,2011,38_miscellaneous_chemical_products,16257152,27897613.0
Bahrain,2011,39_plastics_and_articles_thereof,111947595,44125914.0
Bahrain,2012,28_inorganic_chemicals_precious_metal_compound_isotope,20893416,33253049.0
Bahrain,2012,29_organic_chemicals,344927964,857429383.0
Bahrain,2012,30_pharmaceutical_products,851371,53309.0
Bahrain,2012,31_fertilizers,227636437,504843170.0
Bahrain,2012,38_miscellaneous_chemical_products,18076177,26081569.0
Bahrain,2012,39_plastics_and_articles_thereof,127421680,51478419.0
Bahrain,2013,28_inorganic_chemicals_precious_metal_compound_isotope,47960082,15200657.0
Bahrain,2013,29_organic_chemicals,202680689,818147.0
Bahrain,2013,30_pharmaceutical_products,1687825,131692.0
Bahrain,2013,31_fertilizers,272188842,4876205082.0
Bahrain,2013,38_miscellaneous_chemical_products,36910481,407874755.0
Bahrain,2013,39_plastics_and_articles_thereof,161631167,103685449.0
Bahrain,2014,28_inorganic_chemicals_precious_metal_compound_isotope,117847331,204079301.0
Bahrain,2014,29_organic_chemicals,208799288,571315448.0
Bahrain,2014,30_pharmaceutical_products,1327021,149345.0
Bahrain,2014,31_fertilizers,253272100,763690345.0
Bahrain,2014,38_miscellaneous_chemical_products,145242524,84497762.0
Bahrain,2014,39_plastics_and_articles_thereof,229863538,114513654.0
Bahrain,2015,28_inorganic_chemicals_precious_metal_compound_isotope,67341177,263097696.0
Bahrain,2015,29_organic_chemicals,184548719,640671765.0
Bahrain,2015,30_pharmaceutical_products,1366895,133804.0
Bahrain,2015,31_fertilizers,204910439,701492075.0
Bahrain,2015,38_miscellaneous_chemical_products,81602309,154659840.0
Bahrain,2015,39_plastics_and_articles_thereof,276038059,108376689.0
Bahrain,2016,28_inorganic_chemicals_precious_metal_compound_isotope,62576929,232685169.0
Bahrain,2016,29_organic_chemicals,136669351,612125844.0
Bahrain,2016,30_pharmaceutical_products,745412,139468.0
Bahrain,2016,31_fertilizers,157765695,778567633.0
Bahrain,2016,38_miscellaneous_chemical_products,58034561,48576802.0
Bahrain,2016,39_plastics_and_articles_thereof,217216780,116313133.0
Bangladesh,1989,28_inorganic_chemicals_precious_metal_compound_isotope,30721,350.0
Bangladesh,1989,29_organic_chemicals,21677,2419.0
Bangladesh,1989,30_pharmaceutical_products,28781,5017.0
Bangladesh,1989,31_fertilizers,47989129,369686000.0
Bangladesh,1989,39_plastics_and_articles_thereof,82909,26578.0
Bangladesh,1990,28_inorganic_chemicals_precious_metal_compound_isotope,2322,2000.0
Bangladesh,1990,30_pharmaceutical_products,235628,7240.0
Bangladesh,1990,31_fertilizers,15243942,115045000.0
Bangladesh,1990,38_miscellaneous_chemical_products,1705,2750.0
Bangladesh,1990,39_plastics_and_articles_thereof,105278,29568.0
Bangladesh,1991,28_inorganic_chemicals_precious_metal_compound_isotope,48816,0.0
Bangladesh,1991,30_pharmaceutical_products,342608,38106.0
Bangladesh,1991,31_fertilizers,33718094,240593000.0
Bangladesh,1991,38_miscellaneous_chemical_products,3810,4245.0
Bangladesh,1992,28_inorganic_chemicals_precious_metal_compound_isotope,12966,456.0
Bangladesh,1992,29_organic_chemicals,448620,6520.0
Bangladesh,1992,30_pharmaceutical_products,644220,757730.0
Bangladesh,1992,31_fertilizers,19286382,140100000.0
Bangladesh,1992,38_miscellaneous_chemical_products,889,281.0
Bangladesh,1992,39_plastics_and_articles_thereof,48156,30453.0
Bangladesh,1993,28_inorganic_chemicals_precious_metal_compound_isotope,22167,0.0
Bangladesh,1993,29_organic_chemicals,171511,2400.0
Bangladesh,1993,30_pharmaceutical_products,1801748,67674.0
Bangladesh,1993,31_fertilizers,55984095,424032000.0
Bangladesh,1993,39_plastics_and_articles_thereof,455202,247040.0
Bangladesh,1994,28_inorganic_chemicals_precious_metal_compound_isotope,3457,0.0
Bangladesh,1994,29_organic_chemicals,259078,25758.0
Bangladesh,1994,30_pharmaceutical_products,444550,31946.0
Bangladesh,1994,31_fertilizers,41423234,353000992.0
Bangladesh,1994,38_miscellaneous_chemical_products,52166,84148.0
Bangladesh,1994,39_plastics_and_articles_thereof,589817,239714.0
Bangladesh,1995,28_inorganic_chemicals_precious_metal_compound_isotope,2510634,226.0
Bangladesh,1995,29_organic_chemicals,403764,17976.0
Bangladesh,1995,30_pharmaceutical_products,52561,7463.0
Bangladesh,1995,31_fertilizers,98959000,613367000.0
Bangladesh,1995,38_miscellaneous_chemical_products,103856,31546.0
Bangladesh,1995,39_plastics_and_articles_thereof,4940379,1474195.0
Bangladesh,1996,28_inorganic_chemicals_precious_metal_compound_isotope,8277,18359.0
Bangladesh,1996,29_organic_chemicals,139451,45324.0
Bangladesh,1996,30_pharmaceutical_products,182829,99723.0
Bangladesh,1996,31_fertilizers,101444641,526542000.0
Bangladesh,1996,38_miscellaneous_chemical_products,1229354,31519.0
Bangladesh,1996,39_plastics_and_articles_thereof,10040127,5368535.0
Bangladesh,1997,28_inorganic_chemicals_precious_metal_compound_isotope,2624055,220800.0
Bangladesh,1997,29_organic_chemicals,30446,24499.0
Bangladesh,1997,30_pharmaceutical_products,240485,167309.0
Bangladesh,1997,31_fertilizers,64046220,370915000.0
Bangladesh,1997,38_miscellaneous_chemical_products,70526,4000.0
Bangladesh,1997,39_plastics_and_articles_thereof,15279812,9359036.0
Bangladesh,1998,28_inorganic_chemicals_precious_metal_compound_isotope,4681507,364341.0
Bangladesh,1998,29_organic_chemicals,18095,9125.0
Bangladesh,1998,30_pharmaceutical_products,388383,273709.0
Bangladesh,1998,31_fertilizers,36885558,243604000.0
Bangladesh,1998,38_miscellaneous_chemical_products,35210,2000.0
Bangladesh,1998,39_plastics_and_articles_thereof,19634088,9908503.0
Bangladesh,2000,28_inorganic_chemicals_precious_metal_compound_isotope,7258589,41240208.0
Bangladesh,2000,29_organic_chemicals,1308351,398883.0
Bangladesh,2000,30_pharmaceutical_products,2108212,644782.0
Bangladesh,2000,31_fertilizers,60676862,461878008.0
Bangladesh,2000,38_miscellaneous_chemical_products,80948,506108.0
Bangladesh,2000,39_plastics_and_articles_thereof,7873612,2720973.0
Bangladesh,2001,28_inorganic_chemicals_precious_metal_compound_isotope,17928450,79566090.0
Bangladesh,2001,29_organic_chemicals,82274,7935.0
Bangladesh,2001,30_pharmaceutical_products,3887854,2107770.0
Bangladesh,2001,31_fertilizers,38833898,319135500.0
Bangladesh,2001,38_miscellaneous_chemical_products,1128924,8905.0
Bangladesh,2001,39_plastics_and_articles_thereof,6934161,2488157.0
Bangladesh,2002,28_inorganic_chemicals_precious_metal_compound_isotope,5836628,11016046.0
Bangladesh,2002,29_organic_chemicals,90535,3607.0
Bangladesh,2002,30_pharmaceutical_products,6921425,1052054.0
Bangladesh,2002,31_fertilizers,41545701,165216449.0
Bangladesh,2002,38_miscellaneous_chemical_products,72393,71231.0
Bangladesh,2002,39_plastics_and_articles_thereof,5952628,4296148.0
Bangladesh,2003,28_inorganic_chemicals_precious_metal_compound_isotope,18036399,79144730.0
Bangladesh,2003,29_organic_chemicals,168757,5247.0
Bangladesh,2003,30_pharmaceutical_products,6411614,311012.0
Bangladesh,2003,31_fertilizers,60156719,646969417.0
Bangladesh,2003,38_miscellaneous_chemical_products,150184,112684.0
Bangladesh,2003,39_plastics_and_articles_thereof,10127197,9227206.0
Bangladesh,2004,28_inorganic_chemicals_precious_metal_compound_isotope,34851507,143056570.0
Bangladesh,2004,29_organic_chemicals,395168,10443.0
Bangladesh,2004,30_pharmaceutical_products,19468098,689275.0
Bangladesh,2004,31_fertilizers,56178100,396933292.0
Bangladesh,2004,38_miscellaneous_chemical_products,127886,89137.0
Bangladesh,2004,39_plastics_and_articles_thereof,28141220,29153264.0
Bangladesh,2005,28_inorganic_chemicals_precious_metal_compound_isotope,48718618,186918970.0
Bangladesh,2005,29_organic_chemicals,1031654,466786.0
Bangladesh,2005,30_pharmaceutical_products,18027558,834331.0
Bangladesh,2005,31_fertilizers,95418744,776260728.0
Bangladesh,2005,38_miscellaneous_chemical_products,114385,69392.0
Bangladesh,2005,39_plastics_and_articles_thereof,49381943,44061554.0
Bangladesh,2006,28_inorganic_chemicals_precious_metal_compound_isotope,41460393,167368011.0
Bangladesh,2006,29_organic_chemicals,711407,100061.0
Bangladesh,2006,30_pharmaceutical_products,26436790,1398165.0
Bangladesh,2006,31_fertilizers,61137242,518271224.0
Bangladesh,2006,38_miscellaneous_chemical_products,168877,72039.0
Bangladesh,2006,39_plastics_and_articles_thereof,41718714,41217366.0
Bangladesh,2007,28_inorganic_chemicals_precious_metal_compound_isotope,41093242,148087558.0
Bangladesh,2007,29_organic_chemicals,3242558,223444.0
Bangladesh,2007,30_pharmaceutical_products,37585717,1909427.0
Bangladesh,2007,31_fertilizers,70152432,354492789.0
Bangladesh,2007,38_miscellaneous_chemical_products,1898702,218392.0
Bangladesh,2007,39_plastics_and_articles_thereof,49145311,39742600.0
Bangladesh,2008,28_inorganic_chemicals_precious_metal_compound_isotope,63748188,134650731.0
Bangladesh,2008,29_organic_chemicals,535934,177560.0
Bangladesh,2008,30_pharmaceutical_products,36342424,1950260.0
Bangladesh,2008,31_fertilizers,92435435,303820559.0
Bangladesh,2008,38_miscellaneous_chemical_products,295775,9389753.0
Bangladesh,2008,39_plastics_and_articles_thereof,59618585,42621431.0
Bangladesh,2009,28_inorganic_chemicals_precious_metal_compound_isotope,19705503,94363553.0
Bangladesh,2009,29_organic_chemicals,412134,77917.0
Bangladesh,2009,30_pharmaceutical_products,39330864,2112071.0
Bangladesh,2009,31_fertilizers,65615726,377761850.0
Bangladesh,2009,38_miscellaneous_chemical_products,1371614,10860805.0
Bangladesh,2009,39_plastics_and_articles_thereof,45988910,46490149.0
Bangladesh,2010,28_inorganic_chemicals_precious_metal_compound_isotope,18316870,55799760.0
Bangladesh,2010,29_organic_chemicals,191700,75074.0
Bangladesh,2010,30_pharmaceutical_products,39818845,2870119.0
Bangladesh,2010,31_fertilizers,27447641,110568429.0
Bangladesh,2010,38_miscellaneous_chemical_products,1509201,243563.0
Bangladesh,2010,39_plastics_and_articles_thereof,58374419,55756403.0
Bangladesh,2011,28_inorganic_chemicals_precious_metal_compound_isotope,26627569,19237827.0
Bangladesh,2011,29_organic_chemicals,375366,103795.0
Bangladesh,2011,30_pharmaceutical_products,47969965,1693963.0
Bangladesh,2011,31_fertilizers,42849650,66375021.0
Bangladesh,2011,38_miscellaneous_chemical_products,932159,183630.0
Bangladesh,2011,39_plastics_and_articles_thereof,79323691,34189726.0
Bangladesh,2012,28_inorganic_chemicals_precious_metal_compound_isotope,41499484,45446504.0
Bangladesh,2012,29_organic_chemicals,258602,123232.0
Bangladesh,2012,30_pharmaceutical_products,49323699,2442836.0
Bangladesh,2012,31_fertilizers,28459,29.0
Bangladesh,2012,38_miscellaneous_chemical_products,1146110,468826.0
Bangladesh,2012,39_plastics_and_articles_thereof,88575503,47048714.0
Bangladesh,2013,28_inorganic_chemicals_precious_metal_compound_isotope,12982269,30597770.0
Bangladesh,2013,29_organic_chemicals,360259,85424.0
Bangladesh,2013,30_pharmaceutical_products,60269941,4015314.0
Bangladesh,2013,31_fertilizers,2074,1443.0
Bangladesh,2013,38_miscellaneous_chemical_products,3502673,1762616.0
Bangladesh,2013,39_plastics_and_articles_thereof,72214410,56604169.0
Bangladesh,2015,28_inorganic_chemicals_precious_metal_compound_isotope,22429237,58638997.0
Bangladesh,2015,29_organic_chemicals,701635,1096684.0
Bangladesh,2015,30_pharmaceutical_products,69166244,5170822.0
Bangladesh,2015,31_fertilizers,71897,13756.0
Bangladesh,2015,38_miscellaneous_chemical_products,3516305,1465276.0
Bangladesh,2015,39_plastics_and_articles_thereof,80221792,86048550.0
Barbados,1997,28_inorganic_chemicals_precious_metal_compound_isotope,59152,66506.0
Barbados,1997,29_organic_chemicals,69301,26200.0
Barbados,1997,30_pharmaceutical_products,11571879,755288.0
Barbados,1997,31_fertilizers,32348,852.0
Barbados,1997,38_miscellaneous_chemical_products,9162669,2408065.0
Barbados,1997,39_plastics_and_articles_thereof,3718765,1027002.0
Barbados,1998,28_inorganic_chemicals_precious_metal_compound_isotope,44877,59082.0
Barbados,1998,29_organic_chemicals,76296,48108.0
Barbados,1998,30_pharmaceutical_products,10905229,1087875.0
Barbados,1998,31_fertilizers,15735,45090.0
Barbados,1998,38_miscellaneous_chemical_products,12044447,4958582.0
Barbados,1998,39_plastics_and_articles_thereof,3482049,976582.0
Barbados,1999,28_inorganic_chemicals_precious_metal_compound_isotope,81883,104780.0
Barbados,1999,29_organic_chemicals,58330,18040.0
Barbados,1999,30_pharmaceutical_products,12989686,677815.0
Barbados,1999,31_fertilizers,46651,122686.0
Barbados,1999,38_miscellaneous_chemical_products,12518810,4671133.0
Barbados,1999,39_plastics_and_articles_thereof,3019959,1784289.0
Barbados,2000,28_inorganic_chemicals_precious_metal_compound_isotope,261644,572951.0
Barbados,2000,29_organic_chemicals,146094,80938.0
Barbados,2000,30_pharmaceutical_products,15368864,801558.0
Barbados,2000,31_fertilizers,16003,45042.0
Barbados,2000,38_miscellaneous_chemical_products,11342685,3017749.0
Barbados,2000,39_plastics_and_articles_thereof,3244408,1960328.0
Barbados,2001,28_inorganic_chemicals_precious_metal_compound_isotope,107043,88738.0
Barbados,2001,29_organic_chemicals,52147,8228.0
Barbados,2001,30_pharmaceutical_products,17561546,839006.0
Barbados,2001,31_fertilizers,30610,67172.0
Barbados,2001,38_miscellaneous_chemical_products,11523319,3328254.0
Barbados,2001,39_plastics_and_articles_thereof,3115551,1917912.0
Barbados,2002,28_inorganic_chemicals_precious_metal_compound_isotope,77639,99520.0
Barbados,2002,29_organic_chemicals,62903,24360.0
Barbados,2002,30_pharmaceutical_products,13778660,752962.0
Barbados,2002,31_fertilizers,32874,62915.0
Barbados,2002,38_miscellaneous_chemical_products,10580358,3073683.0
Barbados,2002,39_plastics_and_articles_thereof,2875488,1772846.0
Barbados,2003,28_inorganic_chemicals_precious_metal_compound_isotope,128841,104643.0
Barbados,2003,29_organic_chemicals,115608,33546.0
Barbados,2003,30_pharmaceutical_products,15713251,740151.0
Barbados,2003,31_fertilizers,56026,138708.0
Barbados,2003,38_miscellaneous_chemical_products,10473516,3248488.0
Barbados,2003,39_plastics_and_articles_thereof,2559983,2208921.0
Barbados,2004,28_inorganic_chemicals_precious_metal_compound_isotope,40668,16395.0
Barbados,2004,29_organic_chemicals,63777,15261.0
Barbados,2004,30_pharmaceutical_products,8932795,494480.0
Barbados,2004,31_fertilizers,278978,1825162.0
Barbados,2004,38_miscellaneous_chemical_products,12386322,3249739.0
Barbados,2004,39_plastics_and_articles_thereof,3390359,2275834.0
Barbados,2005,28_inorganic_chemicals_precious_metal_compound_isotope,54658,39887.0
Barbados,2005,29_organic_chemicals,48736,34001.0
Barbados,2005,30_pharmaceutical_products,19800175,854918.0
Barbados,2005,31_fertilizers,36128,76278.0
Barbados,2005,38_miscellaneous_chemical_products,15571344,4443407.0
Barbados,2005,39_plastics_and_articles_thereof,5049272,1591572.0
Barbados,2006,28_inorganic_chemicals_precious_metal_compound_isotope,124928,55039.0
Barbados,2006,29_organic_chemicals,50801,11398.0
Barbados,2006,30_pharmaceutical_products,21887937,817349.0
Barbados,2006,31_fertilizers,22763,4869.0
Barbados,2006,38_miscellaneous_chemical_products,13222719,3705541.0
Barbados,2006,39_plastics_and_articles_thereof,4995546,2224777.0
Barbados,2007,28_inorganic_chemicals_precious_metal_compound_isotope,63310,112992.0
Barbados,2007,29_organic_chemicals,30036,26771.0
Barbados,2007,30_pharmaceutical_products,25106007,735976.0
Barbados,2007,31_fertilizers,170907,260976.0
Barbados,2007,38_miscellaneous_chemical_products,9549339,2931937.0
Barbados,2007,39_plastics_and_articles_thereof,5440582,3109526.0
Barbados,2008,28_inorganic_chemicals_precious_metal_compound_isotope,58178,36681.0
Barbados,2008,29_organic_chemicals,48570,13393.0
Barbados,2008,30_pharmaceutical_products,42371484,1135671.0
Barbados,2008,31_fertilizers,191077,123933.0
Barbados,2008,38_miscellaneous_chemical_products,982827,646398.0
Barbados,2008,39_plastics_and_articles_thereof,5000714,2518224.0
Barbados,2009,28_inorganic_chemicals_precious_metal_compound_isotope,322250,107907.0
Barbados,2009,29_organic_chemicals,123838,37053.0
Barbados,2009,30_pharmaceutical_products,42345524,1071916.0
Barbados,2009,31_fertilizers,322723,299088.0
Barbados,2009,38_miscellaneous_chemical_products,4430515,39116299.0
Barbados,2009,39_plastics_and_articles_thereof,5935028,9618038.0
Barbados,2010,28_inorganic_chemicals_precious_metal_compound_isotope,354617,110605.0
Barbados,2010,29_organic_chemicals,62507,19713.0
Barbados,2010,30_pharmaceutical_products,66798976,1416395.0
Barbados,2010,31_fertilizers,217279,419253.0
Barbados,2010,38_miscellaneous_chemical_products,9802595,2019247.0
Barbados,2010,39_plastics_and_articles_thereof,6862955,4451174.0
Barbados,2011,28_inorganic_chemicals_precious_metal_compound_isotope,81711,95430.0
Barbados,2011,29_organic_chemicals,83809,30772.0
Barbados,2011,30_pharmaceutical_products,71857376,1197041.0
Barbados,2011,31_fertilizers,1940773,3119633.0
Barbados,2011,38_miscellaneous_chemical_products,10311569,2080048.0
Barbados,2011,39_plastics_and_articles_thereof,3174763,2365382.0
Barbados,2012,28_inorganic_chemicals_precious_metal_compound_isotope,136127,184110.0
Barbados,2012,29_organic_chemicals,57248,28694.0
Barbados,2012,30_pharmaceutical_products,69446074,1146218.0
Barbados,2012,31_fertilizers,1272841,1740591.0
Barbados,2012,38_miscellaneous_chemical_products,9043554,1993840.0
Barbados,2012,39_plastics_and_articles_thereof,3216360,2251015.0
Barbados,2013,28_inorganic_chemicals_precious_metal_compound_isotope,102938,96752.0
Barbados,2013,29_organic_chemicals,63139,21638.0
Barbados,2013,30_pharmaceutical_products,46808609,31514456.0
Barbados,2013,31_fertilizers,437464,663273.0
Barbados,2013,38_miscellaneous_chemical_products,9159332,2264855.0
Barbados,2013,39_plastics_and_articles_thereof,3509911,3348201.0
Barbados,2014,28_inorganic_chemicals_precious_metal_compound_isotope,83801,74361.0
Barbados,2014,29_organic_chemicals,32561,3471.0
Barbados,2014,30_pharmaceutical_products,47736038,1348279.0
Barbados,2014,31_fertilizers,194500,221809.0
Barbados,2014,38_miscellaneous_chemical_products,11867265,2725927.0
Barbados,2014,39_plastics_and_articles_thereof,3866188,41553895.0
Barbados,2015,28_inorganic_chemicals_precious_metal_compound_isotope,40675,70619.0
Barbados,2015,29_organic_chemicals,64249,8992.0
Barbados,2015,30_pharmaceutical_products,49302061,1276033.0
Barbados,2015,31_fertilizers,602286,988354.0
Barbados,2015,38_miscellaneous_chemical_products,10329506,2414848.0
Barbados,2015,39_plastics_and_articles_thereof,4277567,2058155.0
Barbados,2016,28_inorganic_chemicals_precious_metal_compound_isotope,367460,116204.0
Barbados,2016,29_organic_chemicals,65005,4276.0
Barbados,2016,30_pharmaceutical_products,45481429,69822851.0
Barbados,2016,31_fertilizers,248644,402110.0
Barbados,2016,38_miscellaneous_chemical_products,10705394,2716430.0
Barbados,2016,39_plastics_and_articles_thereof,4409673,2148364.0
Belarus,1998,28_inorganic_chemicals_precious_metal_compound_isotope,22097111,140605078.0
Belarus,1998,29_organic_chemicals,99157619,122885605.0
Belarus,1998,30_pharmaceutical_products,89269028,8590619.0
Belarus,1998,31_fertilizers,505071668,5762772867.0
Belarus,1998,38_miscellaneous_chemical_products,15705049,15245792.0
Belarus,1998,39_plastics_and_articles_thereof,165753188,144940840.0
Belarus,1999,28_inorganic_chemicals_precious_metal_compound_isotope,21609895,171182350.0
Belarus,1999,29_organic_chemicals,91314526,111088072.0
Belarus,1999,30_pharmaceutical_products,57944735,6581369.0
Belarus,1999,31_fertilizers,510578363,5914029560.0
Belarus,1999,38_miscellaneous_chemical_products,15400954,19152336.0
Belarus,1999,39_plastics_and_articles_thereof,174200846,177202988.0
Belarus,2000,28_inorganic_chemicals_precious_metal_compound_isotope,18305200,151507770.0
Belarus,2000,29_organic_chemicals,12939800,15492928.0
Belarus,2000,30_pharmaceutical_products,58903100,7203577.0
Belarus,2000,31_fertilizers,487069900,5681550368.0
Belarus,2000,38_miscellaneous_chemical_products,13113600,16079119.0
Belarus,2000,39_plastics_and_articles_thereof,213578300,187235253.0
Belarus,2001,28_inorganic_chemicals_precious_metal_compound_isotope,13294800,139903409.0
Belarus,2001,29_organic_chemicals,81953400,125264770.0
Belarus,2001,30_pharmaceutical_products,47481800,7059129.0
Belarus,2001,31_fertilizers,538190700,6548338114.0
Belarus,2001,38_miscellaneous_chemical_products,14685400,26204357.0
Belarus,2001,39_plastics_and_articles_thereof,219534000,201505556.0
Belarus,2002,28_inorganic_chemicals_precious_metal_compound_isotope,16619000,150741467.0
Belarus,2002,29_organic_chemicals,88102200,113648586.0
Belarus,2002,30_pharmaceutical_products,49750600,9008386.0
Belarus,2002,31_fertilizers,540542200,6608240160.0
Belarus,2002,38_miscellaneous_chemical_products,17191700,25175456.0
Belarus,2002,39_plastics_and_articles_thereof,221118700,224853807.0
Belarus,2003,28_inorganic_chemicals_precious_metal_compound_isotope,23068400,145550117.0
Belarus,2003,29_organic_chemicals,112425400,152839361.0
Belarus,2003,30_pharmaceutical_products,55884000,9805735.0
Belarus,2003,31_fertilizers,643478700,4296680787.0
Belarus,2003,38_miscellaneous_chemical_products,20365100,32110759.0
Belarus,2003,39_plastics_and_articles_thereof,261456300,228257589.0
Belarus,2004,28_inorganic_chemicals_precious_metal_compound_isotope,24797700,126306341.0
Belarus,2004,29_organic_chemicals,150504200,163892174.0
Belarus,2004,30_pharmaceutical_products,53848600,7335293.0
Belarus,2004,31_fertilizers,863439100,7801709554.0
Belarus,2004,38_miscellaneous_chemical_products,17523900,29822554.0
Belarus,2004,39_plastics_and_articles_thereof,331190100,226752488.0
Belarus,2005,28_inorganic_chemicals_precious_metal_compound_isotope,24073200,156715848.0
Belarus,2005,29_organic_chemicals,169118600,150711178.0
Belarus,2005,30_pharmaceutical_products,52064000,6721394.0
Belarus,2005,31_fertilizers,1117962700,7815753095.0
Belarus,2005,38_miscellaneous_chemical_products,15774100,25727706.0
Belarus,2005,39_plastics_and_articles_thereof,333907300,208056951.0
Belarus,2006,28_inorganic_chemicals_precious_metal_compound_isotope,30699200,167952412.0
Belarus,2006,29_organic_chemicals,203943400,191455344.0
Belarus,2006,30_pharmaceutical_products,54339700,7541691.0
Belarus,2006,31_fertilizers,1131737700,7347072923.0
Belarus,2006,38_miscellaneous_chemical_products,20231200,24262070.0
Belarus,2006,39_plastics_and_articles_thereof,458312500,273182442.0
Belarus,2007,28_inorganic_chemicals_precious_metal_compound_isotope,30549000,149817171.0
Belarus,2007,29_organic_chemicals,241958300,174404295.0
Belarus,2007,30_pharmaceutical_products,60517100,8929654.0
Belarus,2007,31_fertilizers,1527138200,8033575012.0
Belarus,2007,38_miscellaneous_chemical_products,41737500,45890771.0
Belarus,2007,39_plastics_and_articles_thereof,566845700,282410318.0
Belarus,2008,28_inorganic_chemicals_precious_metal_compound_isotope,36271700,157985093.0
Belarus,2008,29_organic_chemicals,270416100,219785317.0
Belarus,2008,30_pharmaceutical_products,76891300,8861053.0
Belarus,2008,31_fertilizers,3588841400,6845778552.0
Belarus,2008,38_miscellaneous_chemical_products,376271900,588278006.0
Belarus,2008,39_plastics_and_articles_thereof,656684300,293902653.0
Belarus,2009,28_inorganic_chemicals_precious_metal_compound_isotope,30178900,139923507.0
Belarus,2009,29_organic_chemicals,180564800,174041554.0
Belarus,2009,30_pharmaceutical_products,87568400,6856291.0
Belarus,2009,31_fertilizers,1569543400,3980789829.0
Belarus,2009,38_miscellaneous_chemical_products,573771100,1339994959.0
Belarus,2009,39_plastics_and_articles_thereof,548320000,316701327.0
Belarus,2010,28_inorganic_chemicals_precious_metal_compound_isotope,33765100,143514544.0
Belarus,2010,29_organic_chemicals,291289500,220322539.0
Belarus,2010,30_pharmaceutical_products,116043800,7103149.0
Belarus,2010,31_fertilizers,2445507500,7850812488.0
Belarus,2010,38_miscellaneous_chemical_products,199581400,287821187.0
Belarus,2010,39_plastics_and_articles_thereof,738344500,349114386.0
Belarus,2011,28_inorganic_chemicals_precious_metal_compound_isotope,48973900,164025125.0
Belarus,2011,29_organic_chemicals,373557200,215813798.0
Belarus,2011,30_pharmaceutical_products,123879600,8160552.0
Belarus,2011,31_fertilizers,3782329600,9037944358.0
Belarus,2011,38_miscellaneous_chemical_products,1658256300,2128345582.0
Belarus,2011,39_plastics_and_articles_thereof,864651900,357346711.0
Belarus,2012,28_inorganic_chemicals_precious_metal_compound_isotope,30858600,128817773.0
Belarus,2012,29_organic_chemicals,251294200,206519006.0
Belarus,2012,30_pharmaceutical_products,147125300,11014702.0
Belarus,2012,31_fertilizers,3007025700,7143069854.0
Belarus,2012,38_miscellaneous_chemical_products,2883720200,3314728900.0
Belarus,2012,39_plastics_and_articles_thereof,1066539500,468447540.0
Belarus,2013,28_inorganic_chemicals_precious_metal_compound_isotope,28122100,125343940.0
Belarus,2013,29_organic_chemicals,235926300,179807897.0
Belarus,2013,30_pharmaceutical_products,163319900,10275078.0
Belarus,2013,31_fertilizers,2464129200,7194832932.0
Belarus,2013,38_miscellaneous_chemical_products,164946200,59705209.0
Belarus,2013,39_plastics_and_articles_thereof,1136875000,484037530.0
Belarus,2014,28_inorganic_chemicals_precious_metal_compound_isotope,34926700,150694852.0
Belarus,2014,29_organic_chemicals,235329400,196558010.0
Belarus,2014,30_pharmaceutical_products,162284200,9861545.0
Belarus,2014,31_fertilizers,3053803200,10818181240.0
Belarus,2014,38_miscellaneous_chemical_products,486261100,498541433.0
Belarus,2014,39_plastics_and_articles_thereof,1114674800,480779144.0
Belarus,2015,28_inorganic_chemicals_precious_metal_compound_isotope,30235600,159849828.0
Belarus,2015,29_organic_chemicals,183739100,238306899.0
Belarus,2015,30_pharmaceutical_products,142645600,10154092.0
Belarus,2015,31_fertilizers,3182701300,11224021363.0
Belarus,2015,38_miscellaneous_chemical_products,388171000,668222488.0
Belarus,2015,39_plastics_and_articles_thereof,877472500,498854233.0
Belarus,2016,28_inorganic_chemicals_precious_metal_compound_isotope,38237900,198817149.0
Belarus,2016,29_organic_chemicals,119683100,184199179.0
Belarus,2016,30_pharmaceutical_products,156922200,10353458.0
Belarus,2016,31_fertilizers,2413955500,8650295786.0
Belarus,2016,38_miscellaneous_chemical_products,204803800,220472008.0
Belarus,2016,39_plastics_and_articles_thereof,913334900,573934142.0
Belgium,1999,28_inorganic_chemicals_precious_metal_compound_isotope,1009554615,5131164400.0
Belgium,1999,29_organic_chemicals,8218945929,6106783883.0
Belgium,1999,30_pharmaceutical_products,5857305587,113187851.0
Belgium,1999,31_fertilizers,693074272,6902517489.0
Belgium,1999,38_miscellaneous_chemical_products,2253317915,2021273640.0
Belgium,1999,39_plastics_and_articles_thereof,12252139898,9047431685.0
Belgium,2000,28_inorganic_chemicals_precious_metal_compound_isotope,1001883071,3861830161.0
Belgium,2000,29_organic_chemicals,8739779628,5901434551.0
Belgium,2000,30_pharmaceutical_products,6281774796,121036147.0
Belgium,2000,31_fertilizers,879464858,8232154118.0
Belgium,2000,38_miscellaneous_chemical_products,2149377280,2194753370.0
Belgium,2000,39_plastics_and_articles_thereof,13003798332,9399174163.0
Belgium,2001,28_inorganic_chemicals_precious_metal_compound_isotope,1078950227,3554730246.0
Belgium,2001,29_organic_chemicals,8580080643,6096299037.0
Belgium,2001,30_pharmaceutical_products,8844434947,132688282.0
Belgium,2001,31_fertilizers,781873767,5194185409.0
Belgium,2001,38_miscellaneous_chemical_products,2257836258,2080703906.0
Belgium,2001,39_plastics_and_articles_thereof,12694194449,9617004765.0
Belgium,2002,28_inorganic_chemicals_precious_metal_compound_isotope,1002676248,3554709626.0
Belgium,2002,29_organic_chemicals,12867436569,7805483824.0
Belgium,2002,30_pharmaceutical_products,21232655708,139421636.0
Belgium,2002,31_fertilizers,861732156,5805182611.0
Belgium,2002,38_miscellaneous_chemical_products,2608506959,1878874152.0
Belgium,2002,39_plastics_and_articles_thereof,13433624328,10257605040.0
Belgium,2003,28_inorganic_chemicals_precious_metal_compound_isotope,1116204331,3077112585.0
Belgium,2003,29_organic_chemicals,17096876661,8726751749.0
Belgium,2003,30_pharmaceutical_products,24704776111,156118253.0
Belgium,2003,31_fertilizers,984131559,4964494455.0
Belgium,2003,38_miscellaneous_chemical_products,2819323678,1773642095.0
Belgium,2003,39_plastics_and_articles_thereof,16382546364,10781110368.0
Belgium,2004,28_inorganic_chemicals_precious_metal_compound_isotope,1419842897,3362591645.0
Belgium,2004,29_organic_chemicals,21671858531,9233276682.0
Belgium,2004,30_pharmaceutical_products,29672029915,175626690.0
Belgium,2004,31_fertilizers,1122289579,4967141275.0
Belgium,2004,38_miscellaneous_chemical_products,3744866374,2207476724.0
Belgium,2004,39_plastics_and_articles_thereof,20088035972,11499175178.0
Belgium,2005,28_inorganic_chemicals_precious_metal_compound_isotope,1510341572,3930740882.0
Belgium,2005,29_organic_chemicals,25148751403,9448484250.0
Belgium,2005,30_pharmaceutical_products,33271480246,195182444.0
Belgium,2005,31_fertilizers,1226024475,5407352469.0
Belgium,2005,38_miscellaneous_chemical_products,4640664278,2335607174.0
Belgium,2005,39_plastics_and_articles_thereof,22809528738,12058872265.0
Belgium,2006,28_inorganic_chemicals_precious_metal_compound_isotope,1826930426,4298454161.0
Belgium,2006,29_organic_chemicals,25536319477,9878070621.0
Belgium,2006,30_pharmaceutical_products,36726025428,213482917.0
Belgium,2006,31_fertilizers,1252063696,5170123961.0
Belgium,2006,38_miscellaneous_chemical_products,4927545691,2100650367.0
Belgium,2006,39_plastics_and_articles_thereof,26047692994,12893066905.0
Belgium,2007,28_inorganic_chemicals_precious_metal_compound_isotope,2607270215,3914885141.0
Belgium,2007,29_organic_chemicals,29407558434,9416410349.0
Belgium,2007,30_pharmaceutical_products,44622074373,217259352.0
Belgium,2007,31_fertilizers,1605673393,6137688170.0
Belgium,2007,38_miscellaneous_chemical_products,6101771396,2354832459.0
Belgium,2007,39_plastics_and_articles_thereof,30712208799,13412167327.0
Belgium,2008,28_inorganic_chemicals_precious_metal_compound_isotope,3337051013,4456574045.0
Belgium,2008,29_organic_chemicals,27980873291,8614251604.0
Belgium,2008,30_pharmaceutical_products,47356421412,240557677.0
Belgium,2008,31_fertilizers,2904580843,4644308394.0
Belgium,2008,38_miscellaneous_chemical_products,8116287318,2982386388.0
Belgium,2008,39_plastics_and_articles_thereof,31743604902,12425038158.0
Belgium,2009,28_inorganic_chemicals_precious_metal_compound_isotope,2413072306,3181939790.0
Belgium,2009,29_organic_chemicals,24623965260,8359058305.0
Belgium,2009,30_pharmaceutical_products,50024362066,247066812.0
Belgium,2009,31_fertilizers,1583855983,2569877708.0
Belgium,2009,38_miscellaneous_chemical_products,6844065534,3076949137.0
Belgium,2009,39_plastics_and_articles_thereof,24117214833,12140906880.0
Belgium,2010,28_inorganic_chemicals_precious_metal_compound_isotope,2823331369,4532285811.0
Belgium,2010,29_organic_chemicals,27913611454,9887306969.0
Belgium,2010,30_pharmaceutical_products,48960199543,231465654.0
Belgium,2010,31_fertilizers,2050485632,5967158595.0
Belgium,2010,38_miscellaneous_chemical_products,6858591526,3394116886.0
Belgium,2010,39_plastics_and_articles_thereof,28967251207,13144008696.0
Belgium,2011,28_inorganic_chemicals_precious_metal_compound_isotope,3393056996,5545645261.0
Belgium,2011,29_organic_chemicals,32137600401,11058732443.0
Belgium,2011,30_pharmaceutical_products,47408454117,235422433.0
Belgium,2011,31_fertilizers,2665786395,7408176738.0
Belgium,2011,38_miscellaneous_chemical_products,7900577442,3502228165.0
Belgium,2011,39_plastics_and_articles_thereof,32768001113,12730013126.0
Belgium,2012,28_inorganic_chemicals_precious_metal_compound_isotope,3014332731,4167931519.0
Belgium,2012,29_organic_chemicals,32824816971,11029949955.0
Belgium,2012,30_pharmaceutical_products,44837483899,223353569.0
Belgium,2012,31_fertilizers,2502503852,4149389452.0
Belgium,2012,38_miscellaneous_chemical_products,7327329351,3306280411.0
Belgium,2012,39_plastics_and_articles_thereof,30415725577,12428791367.0
Belgium,2013,28_inorganic_chemicals_precious_metal_compound_isotope,3593762584,4917899698.0
Belgium,2013,29_organic_chemicals,39005176802,12037117371.0
Belgium,2013,30_pharmaceutical_products,50353947771,250223721.0
Belgium,2013,31_fertilizers,2970848528,5085069749.0
Belgium,2013,38_miscellaneous_chemical_products,8492950025,3443073780.0
Belgium,2013,39_plastics_and_articles_thereof,34339364405,13504432335.0
Belgium,2014,28_inorganic_chemicals_precious_metal_compound_isotope,3181719224,4389953704.0
Belgium,2014,29_organic_chemicals,31394703117,10099741964.0
Belgium,2014,30_pharmaceutical_products,49842306811,235118940.0
Belgium,2014,31_fertilizers,2423932634,4709203970.0
Belgium,2014,38_miscellaneous_chemical_products,7939875173,3339636248.0
Belgium,2014,39_plastics_and_articles_thereof,32314546471,12843424044.0
Belgium,2015,28_inorganic_chemicals_precious_metal_compound_isotope,2507236902,3806256362.0
Belgium,2015,29_organic_chemicals,29201801814,10258379562.0
Belgium,2015,30_pharmaceutical_products,43151073757,231389501.0
Belgium,2015,31_fertilizers,2224750490,5095265755.0
Belgium,2015,38_miscellaneous_chemical_products,6923580820,3512484241.0
Belgium,2015,39_plastics_and_articles_thereof,27529925760,13426358115.0
Belgium,2016,28_inorganic_chemicals_precious_metal_compound_isotope,2437588367,4107089902.0
Belgium,2016,29_organic_chemicals,29516137430,10646101389.0
Belgium,2016,30_pharmaceutical_products,41971354889,236515861.0
Belgium,2016,31_fertilizers,1860290878,4797938596.0
Belgium,2016,38_miscellaneous_chemical_products,6918061550,3642947331.0
Belgium,2016,39_plastics_and_articles_thereof,27232309486,14285226491.0
Belgium-Luxembourg,1995,28_inorganic_chemicals_precious_metal_compound_isotope,949410202,3930339485.0
Belgium-Luxembourg,1995,29_organic_chemicals,4927490664,3992653661.0
Belgium-Luxembourg,1995,30_pharmaceutical_products,3856766023,68163522.0
Belgium-Luxembourg,1995,31_fertilizers,834466247,6212979287.0
Belgium-Luxembourg,1995,38_miscellaneous_chemical_products,2881064217,2421106584.0
Belgium-Luxembourg,1995,39_plastics_and_articles_thereof,11905240355,6096441521.0
Belgium-Luxembourg,1996,28_inorganic_chemicals_precious_metal_compound_isotope,753599908,3893581893.0
Belgium-Luxembourg,1996,29_organic_chemicals,5055452735,4512988939.0
Belgium-Luxembourg,1996,30_pharmaceutical_products,3959102766,55379743.0
Belgium-Luxembourg,1996,31_fertilizers,888278056,6415946779.0
Belgium-Luxembourg,1996,38_miscellaneous_chemical_products,2923405729,1808765737.0
Belgium-Luxembourg,1996,39_plastics_and_articles_thereof,11362288243,6538421145.0
Belgium-Luxembourg,1997,28_inorganic_chemicals_precious_metal_compound_isotope,804231699,4293633720.0
Belgium-Luxembourg,1997,29_organic_chemicals,6290579230,5134438172.0
Belgium-Luxembourg,1997,30_pharmaceutical_products,4348104510,77043161.0
Belgium-Luxembourg,1997,31_fertilizers,794430057,6585559169.0
Belgium-Luxembourg,1997,38_miscellaneous_chemical_products,2196977032,1766482330.0
Belgium-Luxembourg,1997,39_plastics_and_articles_thereof,12109475539,7575307055.0
Belgium-Luxembourg,1998,28_inorganic_chemicals_precious_metal_compound_isotope,902756889,4600466910.0
Belgium-Luxembourg,1998,29_organic_chemicals,7554697687,5529263017.0
Belgium-Luxembourg,1998,30_pharmaceutical_products,4963182059,102423407.0
Belgium-Luxembourg,1998,31_fertilizers,751551252,7099844900.0
Belgium-Luxembourg,1998,38_miscellaneous_chemical_products,2210020879,1738521968.0
Belgium-Luxembourg,1998,39_plastics_and_articles_thereof,12304407885,8092847921.0
Belize,1992,28_inorganic_chemicals_precious_metal_compound_isotope,7265,29988.0
Belize,1992,30_pharmaceutical_products,205549,11761.0
Belize,1992,38_miscellaneous_chemical_products,146452,40760.0
Belize,1992,39_plastics_and_articles_thereof,10870,10671.0
Belize,1993,28_inorganic_chemicals_precious_metal_compound_isotope,449,679.0
Belize,1993,30_pharmaceutical_products,172195,12730.0
Belize,1993,38_miscellaneous_chemical_products,72162,20178.0
Belize,1993,39_plastics_and_articles_thereof,9146,2386.0
Belize,1994,28_inorganic_chemicals_precious_metal_compound_isotope,32,3.0
Belize,1994,29_organic_chemicals,54,1.0
Belize,1994,30_pharmaceutical_products,142782,7328.0
Belize,1994,38_miscellaneous_chemical_products,3649,717.0
Belize,1994,39_plastics_and_articles_thereof,18218,4949.0
Belize,1995,30_pharmaceutical_products,48588,5575.0
Belize,1995,31_fertilizers,5466,19507.0
Belize,1995,38_miscellaneous_chemical_products,673,84.0
Belize,1995,39_plastics_and_articles_thereof,21581,5951.0
Belize,1996,28_inorganic_chemicals_precious_metal_compound_isotope,1847,1236.0
Belize,1996,30_pharmaceutical_products,58938,4153.0
Belize,1996,38_miscellaneous_chemical_products,783,383.0
Belize,1996,39_plastics_and_articles_thereof,97530,23547.0
Belize,1997,28_inorganic_chemicals_precious_metal_compound_isotope,411,53.0
Belize,1997,30_pharmaceutical_products,65817,6078.0
Belize,1997,38_miscellaneous_chemical_products,5124,1216.0
Belize,1997,39_plastics_and_articles_thereof,230020,61450.0
Belize,1998,28_inorganic_chemicals_precious_metal_compound_isotope,2099,1375.0
Belize,1998,30_pharmaceutical_products,82152,7225.0
Belize,1998,31_fertilizers,5518,921.0
Belize,1998,38_miscellaneous_chemical_products,191737,24439.0
Belize,1998,39_plastics_and_articles_thereof,183884,79742.0
Belize,1999,28_inorganic_chemicals_precious_metal_compound_isotope,38881,216473.0
Belize,1999,29_organic_chemicals,6671,156899.0
Belize,1999,30_pharmaceutical_products,250920,35049800.0
Belize,1999,31_fertilizers,45297,125961.0
Belize,1999,38_miscellaneous_chemical_products,1730118,33797937.0
Belize,1999,39_plastics_and_articles_thereof,659995,8148066.0
Belize,2000,28_inorganic_chemicals_precious_metal_compound_isotope,11060,19218.0
Belize,2000,30_pharmaceutical_products,104977,5082.0
Belize,2000,38_miscellaneous_chemical_products,848,63.0
Belize,2000,39_plastics_and_articles_thereof,77015,86066.0
Belize,2001,28_inorganic_chemicals_precious_metal_compound_isotope,7148,18541.0
Belize,2001,30_pharmaceutical_products,2121,473.0
Belize,2001,39_plastics_and_articles_thereof,100,100.0
Belize,2002,28_inorganic_chemicals_precious_metal_compound_isotope,945,6683.0
Belize,2002,30_pharmaceutical_products,265,138.0
Belize,2002,39_plastics_and_articles_thereof,690,18000.0
Belize,2003,28_inorganic_chemicals_precious_metal_compound_isotope,5,47.0
Belize,2003,29_organic_chemicals,13635,21906.0
Belize,2003,30_pharmaceutical_products,32111,9345.0
Belize,2003,31_fertilizers,3539,530.0
Belize,2003,38_miscellaneous_chemical_products,3922,2440.0
Belize,2003,39_plastics_and_articles_thereof,148138,227690.0
Belize,2004,28_inorganic_chemicals_precious_metal_compound_isotope,14,33.0
Belize,2004,30_pharmaceutical_products,199576,36403.0
Belize,2004,38_miscellaneous_chemical_products,34713,383.0
Belize,2004,39_plastics_and_articles_thereof,105663,26723.0
Belize,2005,28_inorganic_chemicals_precious_metal_compound_isotope,1050,24.0
Belize,2005,30_pharmaceutical_products,349663,4272.0
Belize,2005,38_miscellaneous_chemical_products,19296,705.0
Belize,2005,39_plastics_and_articles_thereof,123778,17000.0
Belize,2006,30_pharmaceutical_products,21714,4563.0
Belize,2006,38_miscellaneous_chemical_products,827,132.0
Belize,2006,39_plastics_and_articles_thereof,59706,2823.0
Belize,2007,28_inorganic_chemicals_precious_metal_compound_isotope,38,45.0
Belize,2007,29_organic_chemicals,4367,1189.0
Belize,2007,30_pharmaceutical_products,2427,304.0
Belize,2007,38_miscellaneous_chemical_products,1370,1463.0
Belize,2007,39_plastics_and_articles_thereof,22896,3518.0
Belize,2008,30_pharmaceutical_products,170,56.0
Belize,2008,39_plastics_and_articles_thereof,799,27959.0
Belize,2009,30_pharmaceutical_products,20,5.0
Belize,2009,38_miscellaneous_chemical_products,13114,1297.0
Belize,2009,39_plastics_and_articles_thereof,13,23.0
Belize,2010,38_miscellaneous_chemical_products,9706,1996.0
Belize,2010,39_plastics_and_articles_thereof,45,27.0
Belize,2011,28_inorganic_chemicals_precious_metal_compound_isotope,128417,901.0
Belize,2011,29_organic_chemicals,3258,582.0
Belize,2011,30_pharmaceutical_products,43172,1973.0
Belize,2011,31_fertilizers,8796,7415.0
Belize,2011,38_miscellaneous_chemical_products,25564,14274.0
Belize,2011,39_plastics_and_articles_thereof,89767,821443.0
Belize,2012,29_organic_chemicals,12771,2362.0
Belize,2012,30_pharmaceutical_products,44936,2247.0
Belize,2012,38_miscellaneous_chemical_products,3061,29.0
Belize,2012,39_plastics_and_articles_thereof,188467,992793.0
Belize,2013,29_organic_chemicals,787,200.0
Belize,2013,30_pharmaceutical_products,179860,9703.0
Belize,2013,38_miscellaneous_chemical_products,17901,40000.0
Belize,2013,39_plastics_and_articles_thereof,304550,1340189.0
Belize,2014,28_inorganic_chemicals_precious_metal_compound_isotope,8679,20167.0
Belize,2014,29_organic_chemicals,11251,2377.0
Belize,2014,30_pharmaceutical_products,280237,47502.0
Belize,2014,38_miscellaneous_chemical_products,17450,15026.0
Belize,2014,39_plastics_and_articles_thereof,1224916,2466298.0
Belize,2015,28_inorganic_chemicals_precious_metal_compound_isotope,87857,383161.0
Belize,2015,30_pharmaceutical_products,118005,17619.0
Belize,2015,31_fertilizers,13252,5963.0
Belize,2015,38_miscellaneous_chemical_products,155988,111792.0
Belize,2015,39_plastics_and_articles_thereof,2861931,1434432.0
Belize,2016,28_inorganic_chemicals_precious_metal_compound_isotope,426,2419.0
Belize,2016,29_organic_chemicals,489,180.0
Belize,2016,30_pharmaceutical_products,1140306,31406.0
Belize,2016,31_fertilizers,114837,181235.0
Belize,2016,38_miscellaneous_chemical_products,220012,97794.0
Belize,2016,39_plastics_and_articles_thereof,5023946,1077718.0
Benin,1998,28_inorganic_chemicals_precious_metal_compound_isotope,100289,30893.0
Benin,1998,30_pharmaceutical_products,82899,60434.0
Benin,1998,38_miscellaneous_chemical_products,6197,2276.0
Benin,1998,39_plastics_and_articles_thereof,60962,197333.0
Benin,1999,28_inorganic_chemicals_precious_metal_compound_isotope,114390,46472.0
Benin,1999,30_pharmaceutical_products,134813,50625.0
Benin,1999,38_miscellaneous_chemical_products,635,92.0
Benin,1999,39_plastics_and_articles_thereof,15500,72986.0
Benin,2000,28_inorganic_chemicals_precious_metal_compound_isotope,90013,83655.0
Benin,2000,30_pharmaceutical_products,158749,49812.0
Benin,2000,31_fertilizers,437845,2070000.0
Benin,2000,38_miscellaneous_chemical_products,771,1000.0
Benin,2000,39_plastics_and_articles_thereof,46258,79584.0
Benin,2001,28_inorganic_chemicals_precious_metal_compound_isotope,47594,265138.0
Benin,2001,30_pharmaceutical_products,254433,34502.0
Benin,2001,38_miscellaneous_chemical_products,32869,26289.0
Benin,2001,39_plastics_and_articles_thereof,28787,42640.0
Benin,2002,28_inorganic_chemicals_precious_metal_compound_isotope,102484,32593.0
Benin,2002,30_pharmaceutical_products,245388,100044.0
Benin,2002,38_miscellaneous_chemical_products,30353,21191.0
Benin,2002,39_plastics_and_articles_thereof,18185,161705.0
Benin,2003,28_inorganic_chemicals_precious_metal_compound_isotope,109781,106471.0
Benin,2003,30_pharmaceutical_products,221023,57916.0
Benin,2003,38_miscellaneous_chemical_products,15614,9600.0
Benin,2003,39_plastics_and_articles_thereof,177078,269380.0
Benin,2004,28_inorganic_chemicals_precious_metal_compound_isotope,132340,73265.0
Benin,2004,30_pharmaceutical_products,279579,44556.0
Benin,2004,31_fertilizers,1845128,5978130.0
Benin,2004,38_miscellaneous_chemical_products,109101,32606.0
Benin,2004,39_plastics_and_articles_thereof,145736,302978.0
Benin,2005,28_inorganic_chemicals_precious_metal_compound_isotope,52452,10802.0
Benin,2005,30_pharmaceutical_products,311280,110495.0
Benin,2005,38_miscellaneous_chemical_products,121158,35103.0
Benin,2005,39_plastics_and_articles_thereof,146482,171728.0
Benin,2006,28_inorganic_chemicals_precious_metal_compound_isotope,53378,8327.0
Benin,2006,30_pharmaceutical_products,150354,37852.0
Benin,2006,38_miscellaneous_chemical_products,5649,18340.0
Benin,2006,39_plastics_and_articles_thereof,619142,834255.0
Benin,2007,28_inorganic_chemicals_precious_metal_compound_isotope,4027,105.0
Benin,2007,30_pharmaceutical_products,227439,64071.0
Benin,2007,38_miscellaneous_chemical_products,12588,7560.0
Benin,2007,39_plastics_and_articles_thereof,1265605,875708.0
Benin,2008,28_inorganic_chemicals_precious_metal_compound_isotope,4644,202.0
Benin,2008,30_pharmaceutical_products,223183,67972.0
Benin,2008,38_miscellaneous_chemical_products,2014,5000.0
Benin,2008,39_plastics_and_articles_thereof,1530905,744568.0
Benin,2009,28_inorganic_chemicals_precious_metal_compound_isotope,18558,7171.0
Benin,2009,30_pharmaceutical_products,958744,127865.0
Benin,2009,38_miscellaneous_chemical_products,91806,53925.0
Benin,2009,39_plastics_and_articles_thereof,1409218,721088.0
Benin,2010,28_inorganic_chemicals_precious_metal_compound_isotope,4464,2150.0
Benin,2010,30_pharmaceutical_products,1970325,101107.0
Benin,2010,31_fertilizers,16394,20000.0
Benin,2010,38_miscellaneous_chemical_products,169359,146297.0
Benin,2010,39_plastics_and_articles_thereof,1593931,1512170.0
Benin,2011,28_inorganic_chemicals_precious_metal_compound_isotope,19004,6000.0
Benin,2011,30_pharmaceutical_products,1549543,61156.0
Benin,2011,38_miscellaneous_chemical_products,109602,115375.0
Benin,2011,39_plastics_and_articles_thereof,3359658,23594274.0
Benin,2012,28_inorganic_chemicals_precious_metal_compound_isotope,7719,3400.0
Benin,2012,30_pharmaceutical_products,2283322,134470.0
Benin,2012,38_miscellaneous_chemical_products,199160,159300.0
Benin,2012,39_plastics_and_articles_thereof,1621466,1015133.0
Benin,2013,28_inorganic_chemicals_precious_metal_compound_isotope,38499,81600.0
Benin,2013,30_pharmaceutical_products,702487,78837.0
Benin,2013,31_fertilizers,31403,15500.0
Benin,2013,38_miscellaneous_chemical_products,51470,79400.0
Benin,2013,39_plastics_and_articles_thereof,2874595,1466581.0
Benin,2014,28_inorganic_chemicals_precious_metal_compound_isotope,316869,54077.0
Benin,2014,30_pharmaceutical_products,1436553,59628.0
Benin,2014,38_miscellaneous_chemical_products,1944575,2275824.0
Benin,2014,39_plastics_and_articles_thereof,2733765,1340742.0
Benin,2015,28_inorganic_chemicals_precious_metal_compound_isotope,43445,1990.0
Benin,2015,30_pharmaceutical_products,810797,38068.0
Benin,2015,31_fertilizers,432,907.0
Benin,2015,38_miscellaneous_chemical_products,296501,746380.0
Benin,2015,39_plastics_and_articles_thereof,2606816,1263865.0
Benin,2016,28_inorganic_chemicals_precious_metal_compound_isotope,10841,7113.0
Benin,2016,29_organic_chemicals,8771,3425.0
Benin,2016,30_pharmaceutical_products,390284,69738.0
Benin,2016,38_miscellaneous_chemical_products,272961,229654.0
Benin,2016,39_plastics_and_articles_thereof,3346319,2065718.0
Bermuda,2012,30_pharmaceutical_products,112581,0.0
Bermuda,2012,38_miscellaneous_chemical_products,27427,0.0
Bermuda,2012,39_plastics_and_articles_thereof,18171,0.0
Bermuda,2013,30_pharmaceutical_products,289,46.0
Bermuda,2013,39_plastics_and_articles_thereof,129157,10288.0
Bermuda,2014,28_inorganic_chemicals_precious_metal_compound_isotope,6069,15545.0
Bermuda,2014,30_pharmaceutical_products,17,2.0
Bermuda,2014,38_miscellaneous_chemical_products,183,19.0
Bermuda,2014,39_plastics_and_articles_thereof,411371,25071.0
Bermuda,2015,28_inorganic_chemicals_precious_metal_compound_isotope,3365,3720.0
Bermuda,2015,30_pharmaceutical_products,551,31.0
Bermuda,2015,38_miscellaneous_chemical_products,210,6.0
Bermuda,2015,39_plastics_and_articles_thereof,54380,175773.0
Bermuda,2016,28_inorganic_chemicals_precious_metal_compound_isotope,6468,5177.0
Bermuda,2016,30_pharmaceutical_products,245,5.0
Bermuda,2016,38_miscellaneous_chemical_products,702,398.0
Bermuda,2016,39_plastics_and_articles_thereof,50382,156944.0
Bhutan,1993,28_inorganic_chemicals_precious_metal_compound_isotope,11789426,25403600.0
Bhutan,1993,30_pharmaceutical_products,46,1616.0
Bhutan,1993,38_miscellaneous_chemical_products,328213,303882.0
Bhutan,1993,39_plastics_and_articles_thereof,201551,224114.0
Bhutan,1994,28_inorganic_chemicals_precious_metal_compound_isotope,13279887,26314037.0
Bhutan,1994,30_pharmaceutical_products,3561,0.0
Bhutan,1994,38_miscellaneous_chemical_products,231717,300503.0
Bhutan,1994,39_plastics_and_articles_thereof,358109,229643.0
Bhutan,1998,28_inorganic_chemicals_precious_metal_compound_isotope,14454142,27286446.0
Bhutan,1998,30_pharmaceutical_products,11469,460.0
Bhutan,1998,38_miscellaneous_chemical_products,193491,280167.0
Bhutan,1998,39_plastics_and_articles_thereof,422359,300840.0
Bhutan,1999,28_inorganic_chemicals_precious_metal_compound_isotope,12572131,24884460.0
Bhutan,1999,31_fertilizers,9704,471984.0
Bhutan,1999,38_miscellaneous_chemical_products,318159,630823.0
Bhutan,1999,39_plastics_and_articles_thereof,307222,281493.0
Bhutan,2005,28_inorganic_chemicals_precious_metal_compound_isotope,16613665,31050645.0
Bhutan,2005,30_pharmaceutical_products,3,1.0
Bhutan,2005,31_fertilizers,9994,146560.0
Bhutan,2005,38_miscellaneous_chemical_products,136234,210735.0
Bhutan,2005,39_plastics_and_articles_thereof,6752077,7797934.0
Bhutan,2006,28_inorganic_chemicals_precious_metal_compound_isotope,12691670,23403635.0
Bhutan,2006,31_fertilizers,18824,275339.0
Bhutan,2006,38_miscellaneous_chemical_products,120429,171056.0
Bhutan,2006,39_plastics_and_articles_thereof,5751991,4086935.0
Bhutan,2007,28_inorganic_chemicals_precious_metal_compound_isotope,18788261,29375430.0
Bhutan,2007,30_pharmaceutical_products,2983,50.0
Bhutan,2007,31_fertilizers,605,25000.0
Bhutan,2007,38_miscellaneous_chemical_products,157248,245170.0
Bhutan,2007,39_plastics_and_articles_thereof,6900500,3042867.0
Bhutan,2008,30_pharmaceutical_products,32,3.0
Bhutan,2008,39_plastics_and_articles_thereof,2046,4.0
Bhutan,2009,28_inorganic_chemicals_precious_metal_compound_isotope,21531168,31452634.0
Bhutan,2009,30_pharmaceutical_products,24,8.0
Bhutan,2009,38_miscellaneous_chemical_products,131472,653755.0
Bhutan,2009,39_plastics_and_articles_thereof,6345247,17807823.0
Bhutan,2010,28_inorganic_chemicals_precious_metal_compound_isotope,31498499,41465778.0
Bhutan,2010,38_miscellaneous_chemical_products,112311,127523.0
Bhutan,2010,39_plastics_and_articles_thereof,5340608,3430930.0
Bhutan,2011,28_inorganic_chemicals_precious_metal_compound_isotope,31395421,38464846.0
Bhutan,2011,30_pharmaceutical_products,926,4500.0
Bhutan,2011,31_fertilizers,2029,18850.0
Bhutan,2011,38_miscellaneous_chemical_products,89913,113881.0
Bhutan,2011,39_plastics_and_articles_thereof,6621997,3990944.0
Bhutan,2012,28_inorganic_chemicals_precious_metal_compound_isotope,30445608,46306683.0
Bhutan,2012,30_pharmaceutical_products,3126,34500.0
Bhutan,2012,38_miscellaneous_chemical_products,124626,175686.0
Bhutan,2012,39_plastics_and_articles_thereof,6053438,4237953.0
Bolivia (Plurinational State of),1992,28_inorganic_chemicals_precious_metal_compound_isotope,1319150,2064196.0
Bolivia (Plurinational State of),1992,30_pharmaceutical_products,15863,420.0
Bolivia (Plurinational State of),1992,39_plastics_and_articles_thereof,178359,174566.0
Bolivia (Plurinational State of),1993,28_inorganic_chemicals_precious_metal_compound_isotope,2056242,3392450.0
Bolivia (Plurinational State of),1993,30_pharmaceutical_products,178335,10601.0
Bolivia (Plurinational State of),1993,38_miscellaneous_chemical_products,19723,11260.0
Bolivia (Plurinational State of),1993,39_plastics_and_articles_thereof,125516,59274.0
Bolivia (Plurinational State of),1994,28_inorganic_chemicals_precious_metal_compound_isotope,2009959,4659134.0
Bolivia (Plurinational State of),1994,30_pharmaceutical_products,180595,12420.0
Bolivia (Plurinational State of),1994,31_fertilizers,379649,64253.0
Bolivia (Plurinational State of),1994,38_miscellaneous_chemical_products,38661,8250.0
Bolivia (Plurinational State of),1994,39_plastics_and_articles_thereof,118289,66187.0
Bolivia (Plurinational State of),1995,28_inorganic_chemicals_precious_metal_compound_isotope,7961477,9353708.0
Bolivia (Plurinational State of),1995,30_pharmaceutical_products,243459,43831.0
Bolivia (Plurinational State of),1995,38_miscellaneous_chemical_products,112206,91459.0
Bolivia (Plurinational State of),1995,39_plastics_and_articles_thereof,430517,236724.0
Bolivia (Plurinational State of),1996,28_inorganic_chemicals_precious_metal_compound_isotope,8629244,11846279.0
Bolivia (Plurinational State of),1996,30_pharmaceutical_products,451781,73469.0
Bolivia (Plurinational State of),1996,38_miscellaneous_chemical_products,526468,24141.0
Bolivia (Plurinational State of),1996,39_plastics_and_articles_thereof,461833,183544.0
Bolivia (Plurinational State of),1997,28_inorganic_chemicals_precious_metal_compound_isotope,9549862,12971954.0
Bolivia (Plurinational State of),1997,30_pharmaceutical_products,215127,15894.0
Bolivia (Plurinational State of),1997,31_fertilizers,43,6.0
Bolivia (Plurinational State of),1997,38_miscellaneous_chemical_products,237386,25039.0
Bolivia (Plurinational State of),1997,39_plastics_and_articles_thereof,1654362,571993.0
Bolivia (Plurinational State of),1998,28_inorganic_chemicals_precious_metal_compound_isotope,8864184,13870326.0
Bolivia (Plurinational State of),1998,30_pharmaceutical_products,520796,50939.0
Bolivia (Plurinational State of),1998,31_fertilizers,817,20238.0
Bolivia (Plurinational State of),1998,38_miscellaneous_chemical_products,343964,64435.0
Bolivia (Plurinational State of),1998,39_plastics_and_articles_thereof,2551447,887286.0
Bolivia (Plurinational State of),1999,28_inorganic_chemicals_precious_metal_compound_isotope,7655245,13636195.0
Bolivia (Plurinational State of),1999,30_pharmaceutical_products,618017,61682.0
Bolivia (Plurinational State of),1999,38_miscellaneous_chemical_products,721594,228526.0
Bolivia (Plurinational State of),1999,39_plastics_and_articles_thereof,2307356,741782.0
Bolivia (Plurinational State of),2000,28_inorganic_chemicals_precious_metal_compound_isotope,3944984,9185626.0
Bolivia (Plurinational State of),2000,30_pharmaceutical_products,1248610,102682.0
Bolivia (Plurinational State of),2000,38_miscellaneous_chemical_products,651909,166156.0
Bolivia (Plurinational State of),2000,39_plastics_and_articles_thereof,1168544,800750.0
Bolivia (Plurinational State of),2001,28_inorganic_chemicals_precious_metal_compound_isotope,2487797,7453155.0
Bolivia (Plurinational State of),2001,30_pharmaceutical_products,1438485,130891.0
Bolivia (Plurinational State of),2001,38_miscellaneous_chemical_products,1123183,219120.0
Bolivia (Plurinational State of),2001,39_plastics_and_articles_thereof,2321925,1991178.0
Bolivia (Plurinational State of),2002,28_inorganic_chemicals_precious_metal_compound_isotope,3986672,9222261.0
Bolivia (Plurinational State of),2002,30_pharmaceutical_products,1167953,55598.0
Bolivia (Plurinational State of),2002,38_miscellaneous_chemical_products,322933,61051.0
Bolivia (Plurinational State of),2002,39_plastics_and_articles_thereof,1851040,1346041.0
Bolivia (Plurinational State of),2003,28_inorganic_chemicals_precious_metal_compound_isotope,7846886,13933744.0
Bolivia (Plurinational State of),2003,30_pharmaceutical_products,1513343,105791.0
Bolivia (Plurinational State of),2003,38_miscellaneous_chemical_products,107909,32646.0
Bolivia (Plurinational State of),2003,39_plastics_and_articles_thereof,1934572,1211441.0
Bolivia (Plurinational State of),2004,28_inorganic_chemicals_precious_metal_compound_isotope,10371267,16797640.0
Bolivia (Plurinational State of),2004,30_pharmaceutical_products,1719003,101274.0
Bolivia (Plurinational State of),2004,31_fertilizers,18904,189040.0
Bolivia (Plurinational State of),2004,38_miscellaneous_chemical_products,391376,183650.0
Bolivia (Plurinational State of),2004,39_plastics_and_articles_thereof,3757342,3024508.0
Bolivia (Plurinational State of),2005,28_inorganic_chemicals_precious_metal_compound_isotope,13094490,17328006.0
Bolivia (Plurinational State of),2005,30_pharmaceutical_products,1713610,104891.0
Bolivia (Plurinational State of),2005,31_fertilizers,250,125.0
Bolivia (Plurinational State of),2005,38_miscellaneous_chemical_products,813410,272483.0
Bolivia (Plurinational State of),2005,39_plastics_and_articles_thereof,6709880,6229998.0
Bolivia (Plurinational State of),2006,28_inorganic_chemicals_precious_metal_compound_isotope,16275236,15838179.0
Bolivia (Plurinational State of),2006,30_pharmaceutical_products,1744686,130999.0
Bolivia (Plurinational State of),2006,31_fertilizers,1622,75000.0
Bolivia (Plurinational State of),2006,38_miscellaneous_chemical_products,417212,99809.0
Bolivia (Plurinational State of),2006,39_plastics_and_articles_thereof,7058937,7915666.0
Bolivia (Plurinational State of),2007,28_inorganic_chemicals_precious_metal_compound_isotope,19423955,18330450.0
Bolivia (Plurinational State of),2007,30_pharmaceutical_products,1750271,148183.0
Bolivia (Plurinational State of),2007,38_miscellaneous_chemical_products,109222,47989.0
Bolivia (Plurinational State of),2007,39_plastics_and_articles_thereof,7124058,8140610.0
Bolivia (Plurinational State of),2008,28_inorganic_chemicals_precious_metal_compound_isotope,32488986,14154357.0
Bolivia (Plurinational State of),2008,30_pharmaceutical_products,2266376,220150.0
Bolivia (Plurinational State of),2008,38_miscellaneous_chemical_products,441920,536047.0
Bolivia (Plurinational State of),2008,39_plastics_and_articles_thereof,5289531,5107163.0
Bolivia (Plurinational State of),2009,28_inorganic_chemicals_precious_metal_compound_isotope,24310237,15140561.0
Bolivia (Plurinational State of),2009,30_pharmaceutical_products,2459639,212797.0
Bolivia (Plurinational State of),2009,31_fertilizers,152737,555800.0
Bolivia (Plurinational State of),2009,38_miscellaneous_chemical_products,622880,612008.0
Bolivia (Plurinational State of),2009,39_plastics_and_articles_thereof,4938265,5917043.0
Bolivia (Plurinational State of),2010,28_inorganic_chemicals_precious_metal_compound_isotope,82572024,18802724.0
Bolivia (Plurinational State of),2010,30_pharmaceutical_products,1544483,136593.0
Bolivia (Plurinational State of),2010,38_miscellaneous_chemical_products,628024,773323.0
Bolivia (Plurinational State of),2010,39_plastics_and_articles_thereof,9474880,6795623.0
Bolivia (Plurinational State of),2011,28_inorganic_chemicals_precious_metal_compound_isotope,68788256,18427913.0
Bolivia (Plurinational State of),2011,30_pharmaceutical_products,2599053,172907.0
Bolivia (Plurinational State of),2011,38_miscellaneous_chemical_products,995777,1205196.0
Bolivia (Plurinational State of),2011,39_plastics_and_articles_thereof,5147757,4473591.0
Bolivia (Plurinational State of),2012,28_inorganic_chemicals_precious_metal_compound_isotope,190860724,20252661.0
Bolivia (Plurinational State of),2012,30_pharmaceutical_products,1899756,105836.0
Bolivia (Plurinational State of),2012,31_fertilizers,1651025,77751.0
Bolivia (Plurinational State of),2012,38_miscellaneous_chemical_products,4601524,1308235.0
Bolivia (Plurinational State of),2012,39_plastics_and_articles_thereof,7496350,5629985.0
Bolivia (Plurinational State of),2013,28_inorganic_chemicals_precious_metal_compound_isotope,63439219,19906377.0
Bolivia (Plurinational State of),2013,30_pharmaceutical_products,3178877,190165.0
Bolivia (Plurinational State of),2013,31_fertilizers,1506794,42000.0
Bolivia (Plurinational State of),2013,38_miscellaneous_chemical_products,1338876,1046578.0
Bolivia (Plurinational State of),2013,39_plastics_and_articles_thereof,8545697,7039386.0
Bolivia (Plurinational State of),2014,28_inorganic_chemicals_precious_metal_compound_isotope,39496877,22390700.0
Bolivia (Plurinational State of),2014,30_pharmaceutical_products,3031533,184201.0
Bolivia (Plurinational State of),2014,38_miscellaneous_chemical_products,1233219,971520.0
Bolivia (Plurinational State of),2014,39_plastics_and_articles_thereof,7238284,7103389.0
Bolivia (Plurinational State of),2015,28_inorganic_chemicals_precious_metal_compound_isotope,32245707,22156923.0
Bolivia (Plurinational State of),2015,30_pharmaceutical_products,2321211,127608.0
Bolivia (Plurinational State of),2015,38_miscellaneous_chemical_products,293945,377581.0
Bolivia (Plurinational State of),2015,39_plastics_and_articles_thereof,4485263,5004149.0
Bosnia Herzegovina,2003,28_inorganic_chemicals_precious_metal_compound_isotope,1372097,5386048.0
Bosnia Herzegovina,2003,30_pharmaceutical_products,11242617,698223.0
Bosnia Herzegovina,2003,31_fertilizers,23075,232100.0
Bosnia Herzegovina,2003,38_miscellaneous_chemical_products,1099636,3497968.0
Bosnia Herzegovina,2003,39_plastics_and_articles_thereof,15060546,6383983.0
Bosnia Herzegovina,2004,28_inorganic_chemicals_precious_metal_compound_isotope,84286520,414787300.0
Bosnia Herzegovina,2004,30_pharmaceutical_products,8869630,1076905.0
Bosnia Herzegovina,2004,31_fertilizers,146648,1172169.0
Bosnia Herzegovina,2004,38_miscellaneous_chemical_products,4891309,10385543.0
Bosnia Herzegovina,2004,39_plastics_and_articles_thereof,24630151,14446296.0
Bosnia Herzegovina,2005,28_inorganic_chemicals_precious_metal_compound_isotope,142177574,594357386.0
Bosnia Herzegovina,2005,30_pharmaceutical_products,14576532,1263415.0
Bosnia Herzegovina,2005,31_fertilizers,270641,3464646.0
Bosnia Herzegovina,2005,38_miscellaneous_chemical_products,8175135,33037785.0
Bosnia Herzegovina,2005,39_plastics_and_articles_thereof,36851975,18317338.0
Bosnia Herzegovina,2006,28_inorganic_chemicals_precious_metal_compound_isotope,172555858,519169207.0
Bosnia Herzegovina,2006,30_pharmaceutical_products,20374986,1227569.0
Bosnia Herzegovina,2006,31_fertilizers,1124107,7591191.0
Bosnia Herzegovina,2006,38_miscellaneous_chemical_products,13522891,41995284.0
Bosnia Herzegovina,2006,39_plastics_and_articles_thereof,67530130,28033314.0
Bosnia Herzegovina,2007,28_inorganic_chemicals_precious_metal_compound_isotope,150787806,493645199.0
Bosnia Herzegovina,2007,30_pharmaceutical_products,25093249,1315200.0
Bosnia Herzegovina,2007,31_fertilizers,5819843,30010536.0
Bosnia Herzegovina,2007,38_miscellaneous_chemical_products,11633973,51469580.0
Bosnia Herzegovina,2007,39_plastics_and_articles_thereof,91509621,32358283.0
Bosnia Herzegovina,2008,28_inorganic_chemicals_precious_metal_compound_isotope,195790229,509194638.0
Bosnia Herzegovina,2008,30_pharmaceutical_products,41830715,1926868.0
Bosnia Herzegovina,2008,31_fertilizers,13548344,47258517.0
Bosnia Herzegovina,2008,38_miscellaneous_chemical_products,19462122,73144950.0
Bosnia Herzegovina,2008,39_plastics_and_articles_thereof,99548632,29635138.0
Bosnia Herzegovina,2009,28_inorganic_chemicals_precious_metal_compound_isotope,124999646,414678695.0
Bosnia Herzegovina,2009,30_pharmaceutical_products,39614898,1631076.0
Bosnia Herzegovina,2009,31_fertilizers,2897172,9831521.0
Bosnia Herzegovina,2009,38_miscellaneous_chemical_products,22881426,64803868.0
Bosnia Herzegovina,2009,39_plastics_and_articles_thereof,77885533,25922136.0
Bosnia Herzegovina,2010,28_inorganic_chemicals_precious_metal_compound_isotope,209518494,604458723.0
Bosnia Herzegovina,2010,30_pharmaceutical_products,44358711,1588909.0
Bosnia Herzegovina,2010,31_fertilizers,5634486,27084251.0
Bosnia Herzegovina,2010,38_miscellaneous_chemical_products,25063309,77911101.0
Bosnia Herzegovina,2010,39_plastics_and_articles_thereof,83374486,30709887.0
Bosnia Herzegovina,2011,28_inorganic_chemicals_precious_metal_compound_isotope,276186599,697119054.0
Bosnia Herzegovina,2011,30_pharmaceutical_products,56638889,1688031.0
Bosnia Herzegovina,2011,31_fertilizers,13493303,47477677.0
Bosnia Herzegovina,2011,38_miscellaneous_chemical_products,7665162,11971833.0
Bosnia Herzegovina,2011,39_plastics_and_articles_thereof,110397072,36878305.0
Bosnia Herzegovina,2012,28_inorganic_chemicals_precious_metal_compound_isotope,201822338,619859330.0
Bosnia Herzegovina,2012,30_pharmaceutical_products,56908405,2015608.0
Bosnia Herzegovina,2012,31_fertilizers,11160359,39305109.0
Bosnia Herzegovina,2012,38_miscellaneous_chemical_products,34097356,66416594.0
Bosnia Herzegovina,2012,39_plastics_and_articles_thereof,125597066,44839182.0
Bosnia Herzegovina,2013,28_inorganic_chemicals_precious_metal_compound_isotope,206745425,644209689.0
Bosnia Herzegovina,2013,30_pharmaceutical_products,57620551,1919256.0
Bosnia Herzegovina,2013,31_fertilizers,9477216,31363254.0
Bosnia Herzegovina,2013,38_miscellaneous_chemical_products,33651714,61371007.0
Bosnia Herzegovina,2013,39_plastics_and_articles_thereof,147814039,50559207.0
Bosnia Herzegovina,2014,28_inorganic_chemicals_precious_metal_compound_isotope,249777173,795869902.0
Bosnia Herzegovina,2014,30_pharmaceutical_products,70194860,1904737.0
Bosnia Herzegovina,2014,31_fertilizers,7448458,28663291.0
Bosnia Herzegovina,2014,38_miscellaneous_chemical_products,26003645,53699181.0
Bosnia Herzegovina,2014,39_plastics_and_articles_thereof,162129678,55223135.0
Bosnia Herzegovina,2015,28_inorganic_chemicals_precious_metal_compound_isotope,248572641,837105591.0
Bosnia Herzegovina,2015,30_pharmaceutical_products,57285884,1775147.0
Bosnia Herzegovina,2015,31_fertilizers,10357957,47444718.0
Bosnia Herzegovina,2015,38_miscellaneous_chemical_products,32061357,81097413.0
Bosnia Herzegovina,2015,39_plastics_and_articles_thereof,155569370,62071307.0
Bosnia Herzegovina,2016,28_inorganic_chemicals_precious_metal_compound_isotope,255403379,913165558.0
Bosnia Herzegovina,2016,30_pharmaceutical_products,62292276,1933049.0
Bosnia Herzegovina,2016,31_fertilizers,6064617,30690657.0
Bosnia Herzegovina,2016,38_miscellaneous_chemical_products,49977008,107682555.0
Bosnia Herzegovina,2016,39_plastics_and_articles_thereof,174853456,69936286.0
Botswana,2000,28_inorganic_chemicals_precious_metal_compound_isotope,19177021,191885309.0
Botswana,2000,30_pharmaceutical_products,2830891,68063.0
Botswana,2000,31_fertilizers,14515,50015.0
Botswana,2000,38_miscellaneous_chemical_products,34125,66787.0
Botswana,2000,39_plastics_and_articles_thereof,7735633,12911180.0
Botswana,2001,28_inorganic_chemicals_precious_metal_compound_isotope,22508475,229955748.0
Botswana,2001,30_pharmaceutical_products,3086447,87605.0
Botswana,2001,31_fertilizers,76001,149289.0
Botswana,2001,38_miscellaneous_chemical_products,155632,178671.0
Botswana,2001,39_plastics_and_articles_thereof,5730365,9497567.0
Botswana,2002,28_inorganic_chemicals_precious_metal_compound_isotope,20927701,139845684.0
Botswana,2002,30_pharmaceutical_products,4050308,79096.0
Botswana,2002,31_fertilizers,61600,289365.0
Botswana,2002,38_miscellaneous_chemical_products,1058143,1277262.0
Botswana,2002,39_plastics_and_articles_thereof,7838383,3631884.0
Botswana,2003,28_inorganic_chemicals_precious_metal_compound_isotope,869084,4334614.0
Botswana,2003,30_pharmaceutical_products,9246922,60305.0
Botswana,2003,31_fertilizers,23052,54400.0
Botswana,2003,38_miscellaneous_chemical_products,174989,60907.0
Botswana,2003,39_plastics_and_articles_thereof,5558236,5702695.0
Botswana,2004,28_inorganic_chemicals_precious_metal_compound_isotope,22960597,364779880.0
Botswana,2004,30_pharmaceutical_products,5782883,44642.0
Botswana,2004,31_fertilizers,12624,36561.0
Botswana,2004,38_miscellaneous_chemical_products,145918,34347.0
Botswana,2004,39_plastics_and_articles_thereof,7702354,3456362.0
Botswana,2005,28_inorganic_chemicals_precious_metal_compound_isotope,23792471,186193901.0
Botswana,2005,30_pharmaceutical_products,3616640,58040.0
Botswana,2005,31_fertilizers,49029,402975.0
Botswana,2005,38_miscellaneous_chemical_products,141925,112751.0
Botswana,2005,39_plastics_and_articles_thereof,9618005,5315687.0
Botswana,2006,28_inorganic_chemicals_precious_metal_compound_isotope,20453980,156035950.0
Botswana,2006,30_pharmaceutical_products,5329691,90096.0
Botswana,2006,31_fertilizers,3113,4129.0
Botswana,2006,38_miscellaneous_chemical_products,282750,76173.0
Botswana,2006,39_plastics_and_articles_thereof,15692152,51378847.0
Botswana,2007,28_inorganic_chemicals_precious_metal_compound_isotope,13181666,175680712.0
Botswana,2007,30_pharmaceutical_products,8227173,86995.0
Botswana,2007,31_fertilizers,23535,60090.0
Botswana,2007,38_miscellaneous_chemical_products,244275,104501.0
Botswana,2007,39_plastics_and_articles_thereof,20735359,8273754.0
Botswana,2008,28_inorganic_chemicals_precious_metal_compound_isotope,15261361,179879718.0
Botswana,2008,30_pharmaceutical_products,14353163,145546.0
Botswana,2008,31_fertilizers,962831,516810.0
Botswana,2008,38_miscellaneous_chemical_products,901031,485785.0
Botswana,2008,39_plastics_and_articles_thereof,18002905,7945458.0
Botswana,2009,28_inorganic_chemicals_precious_metal_compound_isotope,28950891,242871707.0
Botswana,2009,30_pharmaceutical_products,11870979,127533.0
Botswana,2009,31_fertilizers,6489,84142.0
Botswana,2009,38_miscellaneous_chemical_products,698715,107754.0
Botswana,2009,39_plastics_and_articles_thereof,14882346,9318673.0
Botswana,2010,28_inorganic_chemicals_precious_metal_compound_isotope,69346265,287641997.0
Botswana,2010,30_pharmaceutical_products,6491301,60357.0
Botswana,2010,31_fertilizers,11398,62533.0
Botswana,2010,38_miscellaneous_chemical_products,1792589,227526.0
Botswana,2010,39_plastics_and_articles_thereof,18780796,9052145.0
Botswana,2011,28_inorganic_chemicals_precious_metal_compound_isotope,40901912,245230287.0
Botswana,2011,30_pharmaceutical_products,13085701,76415.0
Botswana,2011,31_fertilizers,75462,65710.0
Botswana,2011,38_miscellaneous_chemical_products,685352,315941.0
Botswana,2011,39_plastics_and_articles_thereof,29740946,11123968.0
Botswana,2012,28_inorganic_chemicals_precious_metal_compound_isotope,37391703,275583904.0
Botswana,2012,30_pharmaceutical_products,12083527,80751.0
Botswana,2012,31_fertilizers,26055,25864.0
Botswana,2012,38_miscellaneous_chemical_products,561331,356714.0
Botswana,2012,39_plastics_and_articles_thereof,32169729,12085296.0
Botswana,2013,28_inorganic_chemicals_precious_metal_compound_isotope,36337452,281262455.0
Botswana,2013,30_pharmaceutical_products,9890607,36854.0
Botswana,2013,31_fertilizers,18020,25001.0
Botswana,2013,38_miscellaneous_chemical_products,414259,238292.0
Botswana,2013,39_plastics_and_articles_thereof,28708627,11898845.0
Botswana,2014,28_inorganic_chemicals_precious_metal_compound_isotope,37178308,246374231.0
Botswana,2014,30_pharmaceutical_products,8041006,85829.0
Botswana,2014,31_fertilizers,5623,30064.0
Botswana,2014,38_miscellaneous_chemical_products,895726,305379.0
Botswana,2014,39_plastics_and_articles_thereof,32399181,11693852.0
Botswana,2015,28_inorganic_chemicals_precious_metal_compound_isotope,35554334,258324918.0
Botswana,2015,30_pharmaceutical_products,15058034,85740.0
Botswana,2015,31_fertilizers,185876,571509.0
Botswana,2015,38_miscellaneous_chemical_products,860577,214018.0
Botswana,2015,39_plastics_and_articles_thereof,30450126,13398753.0
Botswana,2016,28_inorganic_chemicals_precious_metal_compound_isotope,39779640,250766125.0
Botswana,2016,30_pharmaceutical_products,15886203,113126.0
Botswana,2016,31_fertilizers,61759,209850.0
Botswana,2016,38_miscellaneous_chemical_products,845520,963990.0
Botswana,2016,39_plastics_and_articles_thereof,27525188,15994554.0
Brazil,1989,28_inorganic_chemicals_precious_metal_compound_isotope,252459462,398202185.0
Brazil,1989,30_pharmaceutical_products,37360707,2240043.0
Brazil,1989,31_fertilizers,29656210,202043174.0
Brazil,1989,38_miscellaneous_chemical_products,178793232,115054125.0
Brazil,1989,39_plastics_and_articles_thereof,578302175,525755679.0
Brazil,1990,28_inorganic_chemicals_precious_metal_compound_isotope,265354536,470531266.0
Brazil,1990,30_pharmaceutical_products,43867483,2494804.0
Brazil,1990,31_fertilizers,38197519,312930593.0
Brazil,1990,38_miscellaneous_chemical_products,161718579,113023863.0
Brazil,1990,39_plastics_and_articles_thereof,497819633,563308924.0
Brazil,1991,28_inorganic_chemicals_precious_metal_compound_isotope,225542117,449284259.0
Brazil,1991,30_pharmaceutical_products,50654840,4343171.0
Brazil,1991,31_fertilizers,48619726,316453151.0
Brazil,1991,38_miscellaneous_chemical_products,157954320,101713197.0
Brazil,1991,39_plastics_and_articles_thereof,530791204,543000668.0
Brazil,1992,28_inorganic_chemicals_precious_metal_compound_isotope,225506501,535150241.0
Brazil,1992,30_pharmaceutical_products,66037565,3157673.0
Brazil,1992,31_fertilizers,39141713,291742072.0
Brazil,1992,38_miscellaneous_chemical_products,168152013,121682006.0
Brazil,1992,39_plastics_and_articles_thereof,600559458,681912849.0
Brazil,1993,28_inorganic_chemicals_precious_metal_compound_isotope,262142595,574888821.0
Brazil,1993,30_pharmaceutical_products,62337623,4001387.0
Brazil,1993,31_fertilizers,46022625,329619328.0
Brazil,1993,38_miscellaneous_chemical_products,202320804,120146020.0
Brazil,1993,39_plastics_and_articles_thereof,706109959,863175998.0
Brazil,1994,28_inorganic_chemicals_precious_metal_compound_isotope,266043801,755962014.0
Brazil,1994,30_pharmaceutical_products,83181906,4862932.0
Brazil,1994,31_fertilizers,36552595,222393584.0
Brazil,1994,38_miscellaneous_chemical_products,221180389,127506784.0
Brazil,1994,39_plastics_and_articles_thereof,786555156,852320612.0
Brazil,1995,28_inorganic_chemicals_precious_metal_compound_isotope,354991991,794773008.0
Brazil,1995,30_pharmaceutical_products,111194523,7585376.0
Brazil,1995,31_fertilizers,63169149,312751855.0
Brazil,1995,38_miscellaneous_chemical_products,279725499,145855079.0
Brazil,1995,39_plastics_and_articles_thereof,809389884,626768562.0
Brazil,1996,28_inorganic_chemicals_precious_metal_compound_isotope,470698993,1164072734.0
Brazil,1996,30_pharmaceutical_products,131186514,8879214.0
Brazil,1996,31_fertilizers,61576258,253450783.0
Brazil,1996,38_miscellaneous_chemical_products,309417401,140361801.0
Brazil,1996,39_plastics_and_articles_thereof,734491933,614439045.0
Brazil,1997,28_inorganic_chemicals_precious_metal_compound_isotope,456118301,1015052735.0
Brazil,1997,30_pharmaceutical_products,154306137,7224766.0
Brazil,1997,31_fertilizers,60790836,280328235.0
Brazil,1997,38_miscellaneous_chemical_products,368899950,165383877.0
Brazil,1997,39_plastics_and_articles_thereof,830446683,649992597.0
Brazil,1998,28_inorganic_chemicals_precious_metal_compound_isotope,449761111,1331213537.0
Brazil,1998,30_pharmaceutical_products,195127723,11469331.0
Brazil,1998,31_fertilizers,52027110,279976052.0
Brazil,1998,38_miscellaneous_chemical_products,368141330,175023711.0
Brazil,1998,39_plastics_and_articles_thereof,734927187,656965868.0
Brazil,1999,28_inorganic_chemicals_precious_metal_compound_isotope,455930290,1518728880.0
Brazil,1999,30_pharmaceutical_products,231557796,15252000.0
Brazil,1999,31_fertilizers,38291430,212332205.0
Brazil,1999,38_miscellaneous_chemical_products,306891201,197758851.0
Brazil,1999,39_plastics_and_articles_thereof,689730703,693386415.0
Brazil,2000,28_inorganic_chemicals_precious_metal_compound_isotope,582350680,1713310745.0
Brazil,2000,30_pharmaceutical_products,218894714,18759548.0
Brazil,2000,31_fertilizers,52781204,292101467.0
Brazil,2000,38_miscellaneous_chemical_products,308836927,201828289.0
Brazil,2000,39_plastics_and_articles_thereof,956488760,895226208.0
Brazil,2001,28_inorganic_chemicals_precious_metal_compound_isotope,528801843,1589155830.0
Brazil,2001,30_pharmaceutical_products,241857890,18836716.0
Brazil,2001,31_fertilizers,57771413,320531367.0
Brazil,2001,38_miscellaneous_chemical_products,315094067,213740092.0
Brazil,2001,39_plastics_and_articles_thereof,844878738,771370640.0
Brazil,2002,28_inorganic_chemicals_precious_metal_compound_isotope,503715079,1677007394.0
Brazil,2002,30_pharmaceutical_products,253870038,13451441.0
Brazil,2002,31_fertilizers,74587459,496208530.0
Brazil,2002,38_miscellaneous_chemical_products,362976955,224473493.0
Brazil,2002,39_plastics_and_articles_thereof,833037237,896188957.0
Brazil,2003,28_inorganic_chemicals_precious_metal_compound_isotope,718908770,2493693542.0
Brazil,2003,30_pharmaceutical_products,280644630,14986979.0
Brazil,2003,31_fertilizers,111450062,626955602.0
Brazil,2003,38_miscellaneous_chemical_products,373939802,245961474.0
Brazil,2003,39_plastics_and_articles_thereof,1173034521,1195306593.0
Brazil,2004,28_inorganic_chemicals_precious_metal_compound_isotope,928827544,2730039332.0
Brazil,2004,30_pharmaceutical_products,352471881,21317580.0
Brazil,2004,31_fertilizers,160206206,740620698.0
Brazil,2004,38_miscellaneous_chemical_products,457244948,268867454.0
Brazil,2004,39_plastics_and_articles_thereof,1520429411,1188960039.0
Brazil,2005,28_inorganic_chemicals_precious_metal_compound_isotope,1149051147,3064573860.0
Brazil,2005,30_pharmaceutical_products,474094948,26257222.0
Brazil,2005,31_fertilizers,172927800,800504497.0
Brazil,2005,38_miscellaneous_chemical_products,504598423,263972546.0
Brazil,2005,39_plastics_and_articles_thereof,2043669975,1413641529.0
Brazil,2006,28_inorganic_chemicals_precious_metal_compound_isotope,1711622917,4131399836.0
Brazil,2006,30_pharmaceutical_products,621371044,28368386.0
Brazil,2006,31_fertilizers,164695946,735143615.0
Brazil,2006,38_miscellaneous_chemical_products,581334019,283944468.0
Brazil,2006,39_plastics_and_articles_thereof,2567509252,1626128180.0
Brazil,2007,28_inorganic_chemicals_precious_metal_compound_isotope,2062068454,4508896925.0
Brazil,2007,30_pharmaceutical_products,744848669,29660250.0
Brazil,2007,31_fertilizers,270690960,863965094.0
Brazil,2007,38_miscellaneous_chemical_products,729240491,279702664.0
Brazil,2007,39_plastics_and_articles_thereof,2917288532,1684067130.0
Brazil,2008,28_inorganic_chemicals_precious_metal_compound_isotope,2621009178,5210424655.0
Brazil,2008,30_pharmaceutical_products,960185154,30773618.0
Brazil,2008,31_fertilizers,460057087,763944210.0
Brazil,2008,38_miscellaneous_chemical_products,865523503,284389017.0
Brazil,2008,39_plastics_and_articles_thereof,2757160573,1265952417.0
Brazil,2009,28_inorganic_chemicals_precious_metal_compound_isotope,2074771024,6107794731.0
Brazil,2009,30_pharmaceutical_products,1077335382,30431402.0
Brazil,2009,31_fertilizers,245304470,622084787.0
Brazil,2009,38_miscellaneous_chemical_products,677755488,243667615.0
Brazil,2009,39_plastics_and_articles_thereof,2795384282,1867038063.0
Brazil,2010,28_inorganic_chemicals_precious_metal_compound_isotope,2731101564,7190306332.0
Brazil,2010,30_pharmaceutical_products,1275057018,32271207.0
Brazil,2010,31_fertilizers,314780439,811203180.0
Brazil,2010,38_miscellaneous_chemical_products,876902553,279001720.0
Brazil,2010,39_plastics_and_articles_thereof,3237076098,1635182792.0
Brazil,2011,28_inorganic_chemicals_precious_metal_compound_isotope,3583732099,8296520991.0
Brazil,2011,30_pharmaceutical_products,1451999206,30625578.0
Brazil,2011,31_fertilizers,395471063,764866469.0
Brazil,2011,38_miscellaneous_chemical_products,1037743320,304623671.0
Brazil,2011,39_plastics_and_articles_thereof,4009607650,1816541216.0
Brazil,2012,28_inorganic_chemicals_precious_metal_compound_isotope,3156283936,8217640995.0
Brazil,2012,30_pharmaceutical_products,1493147275,26224993.0
Brazil,2012,31_fertilizers,333714931,623555115.0
Brazil,2012,38_miscellaneous_chemical_products,1012362069,328900190.0
Brazil,2012,39_plastics_and_articles_thereof,3652384922,1765495367.0
Brazil,2013,28_inorganic_chemicals_precious_metal_compound_isotope,2790760030,8076236874.0
Brazil,2013,30_pharmaceutical_products,1512018486,31470766.0
Brazil,2013,31_fertilizers,407779635,790867586.0
Brazil,2013,38_miscellaneous_chemical_products,949620404,352319819.0
Brazil,2013,39_plastics_and_articles_thereof,3540251420,1579212561.0
Brazil,2014,28_inorganic_chemicals_precious_metal_compound_isotope,3345749684,9318793236.0
Brazil,2014,30_pharmaceutical_products,1566832749,32151210.0
Brazil,2014,31_fertilizers,363957258,801224362.0
Brazil,2014,38_miscellaneous_chemical_products,941370838,347213551.0
Brazil,2014,39_plastics_and_articles_thereof,3611951512,1574964008.0
Brazil,2015,28_inorganic_chemicals_precious_metal_compound_isotope,3403599540,9633635474.0
Brazil,2015,30_pharmaceutical_products,1328761177,28758385.0
Brazil,2015,31_fertilizers,287352949,637350827.0
Brazil,2015,38_miscellaneous_chemical_products,804495824,305965700.0
Brazil,2015,39_plastics_and_articles_thereof,3484193532,1910555336.0
Brazil,2016,28_inorganic_chemicals_precious_metal_compound_isotope,3299656369,10361247600.0
Brazil,2016,30_pharmaceutical_products,1199888283,29736272.0
Brazil,2016,31_fertilizers,193543869,506990859.0
Brazil,2016,38_miscellaneous_chemical_products,773300432,338426928.0
Brazil,2016,39_plastics_and_articles_thereof,3503078140,2365222830.0
Brunei Darussalam,1992,28_inorganic_chemicals_precious_metal_compound_isotope,122554,8562.0
Brunei Darussalam,1992,39_plastics_and_articles_thereof,351,0.0
Brunei Darussalam,1993,28_inorganic_chemicals_precious_metal_compound_isotope,93417,0.0
Brunei Darussalam,1994,28_inorganic_chemicals_precious_metal_compound_isotope,17532,0.0
Brunei Darussalam,1997,28_inorganic_chemicals_precious_metal_compound_isotope,917159,503855.0
Brunei Darussalam,1997,30_pharmaceutical_products,135026,0.0
Brunei Darussalam,1997,38_miscellaneous_chemical_products,246780,74904.0
Brunei Darussalam,1997,39_plastics_and_articles_thereof,713847,162987.0
Brunei Darussalam,1998,28_inorganic_chemicals_precious_metal_compound_isotope,265554,1910847.0
Brunei Darussalam,1998,30_pharmaceutical_products,153225,0.0
Brunei Darussalam,1998,31_fertilizers,12164,18010.0
Brunei Darussalam,1998,38_miscellaneous_chemical_products,70625,13946.0
Brunei Darussalam,1998,39_plastics_and_articles_thereof,518126,101064.0
Brunei Darussalam,2001,28_inorganic_chemicals_precious_metal_compound_isotope,268873,10096535.0
Brunei Darussalam,2001,30_pharmaceutical_products,201423,0.0
Brunei Darussalam,2001,31_fertilizers,15660,41199.0
Brunei Darussalam,2001,38_miscellaneous_chemical_products,499818,93514.0
Brunei Darussalam,2001,39_plastics_and_articles_thereof,412037,109125.0
Brunei Darussalam,2002,28_inorganic_chemicals_precious_metal_compound_isotope,305304,113715.0
Brunei Darussalam,2002,30_pharmaceutical_products,208276,0.0
Brunei Darussalam,2002,31_fertilizers,360,0.0
Brunei Darussalam,2002,38_miscellaneous_chemical_products,283631,15259.0
Brunei Darussalam,2002,39_plastics_and_articles_thereof,506489,70829.0
Brunei Darussalam,2003,28_inorganic_chemicals_precious_metal_compound_isotope,627877,274985.0
Brunei Darussalam,2003,30_pharmaceutical_products,202805,0.0
Brunei Darussalam,2003,31_fertilizers,21533,92250.0
Brunei Darussalam,2003,38_miscellaneous_chemical_products,942811,1124.0
Brunei Darussalam,2003,39_plastics_and_articles_thereof,671862,98924.0
Brunei Darussalam,2004,28_inorganic_chemicals_precious_metal_compound_isotope,646174,639636.0
Brunei Darussalam,2004,30_pharmaceutical_products,294712,5978.0
Brunei Darussalam,2004,31_fertilizers,2889,1005.0
Brunei Darussalam,2004,38_miscellaneous_chemical_products,149583,32475.0
Brunei Darussalam,2004,39_plastics_and_articles_thereof,1904180,674440.0
Brunei Darussalam,2006,28_inorganic_chemicals_precious_metal_compound_isotope,507113,282912.0
Brunei Darussalam,2006,30_pharmaceutical_products,1282216,13531.0
Brunei Darussalam,2006,31_fertilizers,1168,3075.0
Brunei Darussalam,2006,38_miscellaneous_chemical_products,327077,255625.0
Brunei Darussalam,2006,39_plastics_and_articles_thereof,645162,578078.0
Brunei Darussalam,2012,28_inorganic_chemicals_precious_metal_compound_isotope,1364631,67981.0
Brunei Darussalam,2012,30_pharmaceutical_products,966767,5804.0
Brunei Darussalam,2012,31_fertilizers,6,11.0
Brunei Darussalam,2012,38_miscellaneous_chemical_products,2392013,198455.0
Brunei Darussalam,2012,39_plastics_and_articles_thereof,1406398,446393.0
Brunei Darussalam,2013,28_inorganic_chemicals_precious_metal_compound_isotope,1713357,74239.0
Brunei Darussalam,2013,30_pharmaceutical_products,916446,9103.0
Brunei Darussalam,2013,38_miscellaneous_chemical_products,6399416,1143037.0
Brunei Darussalam,2013,39_plastics_and_articles_thereof,1377678,784585.0
Brunei Darussalam,2014,28_inorganic_chemicals_precious_metal_compound_isotope,1191701,695655.0
Brunei Darussalam,2014,30_pharmaceutical_products,852802,5795.0
Brunei Darussalam,2014,31_fertilizers,1441,2470.0
Brunei Darussalam,2014,38_miscellaneous_chemical_products,1529982,539165.0
Brunei Darussalam,2014,39_plastics_and_articles_thereof,1767420,1003039.0
Brunei Darussalam,2015,28_inorganic_chemicals_precious_metal_compound_isotope,526522,227334.0
Brunei Darussalam,2015,30_pharmaceutical_products,961325,42929.0
Brunei Darussalam,2015,31_fertilizers,535480,1520482.0
Brunei Darussalam,2015,38_miscellaneous_chemical_products,3548996,2716949.0
Brunei Darussalam,2015,39_plastics_and_articles_thereof,1568951,874791.0
Bulgaria,1996,28_inorganic_chemicals_precious_metal_compound_isotope,128864703,1010866469.0
Bulgaria,1996,30_pharmaceutical_products,99685933,14615858.0
Bulgaria,1996,31_fertilizers,272281121,1957932181.0
Bulgaria,1996,38_miscellaneous_chemical_products,14292188,10881999.0
Bulgaria,1996,39_plastics_and_articles_thereof,123254673,138920869.0
Bulgaria,1997,28_inorganic_chemicals_precious_metal_compound_isotope,117685692,989415466.0
Bulgaria,1997,30_pharmaceutical_products,121679737,17134434.0
Bulgaria,1997,31_fertilizers,172937518,1703552502.0
Bulgaria,1997,38_miscellaneous_chemical_products,12113157,10944886.0
Bulgaria,1997,39_plastics_and_articles_thereof,124105934,144682492.0
Bulgaria,1998,28_inorganic_chemicals_precious_metal_compound_isotope,103472290,942482701.0
Bulgaria,1998,30_pharmaceutical_products,80312535,11547198.0
Bulgaria,1998,31_fertilizers,80467876,1008674835.0
Bulgaria,1998,38_miscellaneous_chemical_products,8370651,7125824.0
Bulgaria,1998,39_plastics_and_articles_thereof,96883880,134748708.0
Bulgaria,1999,28_inorganic_chemicals_precious_metal_compound_isotope,20708517,427734378.0
Bulgaria,1999,30_pharmaceutical_products,58098335,9672424.0
Bulgaria,1999,31_fertilizers,35425878,488871223.0
Bulgaria,1999,38_miscellaneous_chemical_products,6637786,7014283.0
Bulgaria,1999,39_plastics_and_articles_thereof,86788457,113945945.0
Bulgaria,2000,28_inorganic_chemicals_precious_metal_compound_isotope,25947145,514093403.0
Bulgaria,2000,30_pharmaceutical_products,68091595,11971333.0
Bulgaria,2000,31_fertilizers,95313291,1015165546.0
Bulgaria,2000,38_miscellaneous_chemical_products,5924441,5649175.0
Bulgaria,2000,39_plastics_and_articles_thereof,92836569,112808640.0
Bulgaria,2001,28_inorganic_chemicals_precious_metal_compound_isotope,34779671,40243181.0
Bulgaria,2001,30_pharmaceutical_products,73594654,1239461.0
Bulgaria,2001,31_fertilizers,87092545,92333529.0
Bulgaria,2001,38_miscellaneous_chemical_products,6524437,788424.0
Bulgaria,2001,39_plastics_and_articles_thereof,94831349,11933758.0
Bulgaria,2002,28_inorganic_chemicals_precious_metal_compound_isotope,21892188,311964942.0
Bulgaria,2002,30_pharmaceutical_products,70962405,11839194.0
Bulgaria,2002,31_fertilizers,59377168,574647983.0
Bulgaria,2002,38_miscellaneous_chemical_products,8886013,10839131.0
Bulgaria,2002,39_plastics_and_articles_thereof,108169683,128289654.0
Bulgaria,2003,28_inorganic_chemicals_precious_metal_compound_isotope,33387801,563298356.0
Bulgaria,2003,30_pharmaceutical_products,79962043,11617486.0
Bulgaria,2003,31_fertilizers,89759734,806126904.0
Bulgaria,2003,38_miscellaneous_chemical_products,8515605,11151804.0
Bulgaria,2003,39_plastics_and_articles_thereof,150356067,148636245.0
Bulgaria,2004,28_inorganic_chemicals_precious_metal_compound_isotope,46531858,421288476.0
Bulgaria,2004,30_pharmaceutical_products,90094608,10782765.0
Bulgaria,2004,31_fertilizers,72267866,634557513.0
Bulgaria,2004,38_miscellaneous_chemical_products,12864277,14602263.0
Bulgaria,2004,39_plastics_and_articles_thereof,198356404,147865298.0
Bulgaria,2005,28_inorganic_chemicals_precious_metal_compound_isotope,172293136,1385708245.0
Bulgaria,2005,30_pharmaceutical_products,95864159,10183087.0
Bulgaria,2005,31_fertilizers,111709104,875113701.0
Bulgaria,2005,38_miscellaneous_chemical_products,13301805,11507591.0
Bulgaria,2005,39_plastics_and_articles_thereof,251400698,170068933.0
Bulgaria,2006,28_inorganic_chemicals_precious_metal_compound_isotope,172407232,1328111066.0
Bulgaria,2006,30_pharmaceutical_products,123818541,10993936.0
Bulgaria,2006,31_fertilizers,81044734,537902047.0
Bulgaria,2006,38_miscellaneous_chemical_products,14893396,12323234.0
Bulgaria,2006,39_plastics_and_articles_thereof,321824142,198782600.0
Bulgaria,2007,28_inorganic_chemicals_precious_metal_compound_isotope,243429013,1758043949.0
Bulgaria,2007,30_pharmaceutical_products,259000121,12274391.0
Bulgaria,2007,31_fertilizers,125213087,532200995.0
Bulgaria,2007,38_miscellaneous_chemical_products,19451839,11811646.0
Bulgaria,2007,39_plastics_and_articles_thereof,425365269,208068784.0
Bulgaria,2008,28_inorganic_chemicals_precious_metal_compound_isotope,297984836,1897297082.0
Bulgaria,2008,30_pharmaceutical_products,341963884,11999918.0
Bulgaria,2008,31_fertilizers,267975276,573710492.0
Bulgaria,2008,38_miscellaneous_chemical_products,42315312,26124823.0
Bulgaria,2008,39_plastics_and_articles_thereof,451331632,194803780.0
Bulgaria,2009,28_inorganic_chemicals_precious_metal_compound_isotope,172309359,1141472188.0
Bulgaria,2009,30_pharmaceutical_products,418075418,12696069.0
Bulgaria,2009,31_fertilizers,61100129,124801402.0
Bulgaria,2009,38_miscellaneous_chemical_products,44790444,28415114.0
Bulgaria,2009,39_plastics_and_articles_thereof,347485838,179667401.0
Bulgaria,2010,28_inorganic_chemicals_precious_metal_compound_isotope,234235120,1799276945.0
Bulgaria,2010,30_pharmaceutical_products,554283306,13277292.0
Bulgaria,2010,31_fertilizers,160664103,547539283.0
Bulgaria,2010,38_miscellaneous_chemical_products,37640785,44413193.0
Bulgaria,2010,39_plastics_and_articles_thereof,405090908,185562990.0
Bulgaria,2011,28_inorganic_chemicals_precious_metal_compound_isotope,314611494,2173923036.0
Bulgaria,2011,30_pharmaceutical_products,721038508,13974819.0
Bulgaria,2011,31_fertilizers,277886403,759364882.0
Bulgaria,2011,38_miscellaneous_chemical_products,56928792,48594196.0
Bulgaria,2011,39_plastics_and_articles_thereof,564934043,230748315.0
Bulgaria,2012,28_inorganic_chemicals_precious_metal_compound_isotope,301678055,2134674755.0
Bulgaria,2012,30_pharmaceutical_products,741806213,17329872.0
Bulgaria,2012,31_fertilizers,259323410,661668850.0
Bulgaria,2012,38_miscellaneous_chemical_products,64069811,38515343.0
Bulgaria,2012,39_plastics_and_articles_thereof,588164022,258024999.0
Bulgaria,2013,28_inorganic_chemicals_precious_metal_compound_isotope,276904177,2190799500.0
Bulgaria,2013,30_pharmaceutical_products,886587018,16779269.0
Bulgaria,2013,31_fertilizers,224203534,562736951.0
Bulgaria,2013,38_miscellaneous_chemical_products,71226417,34872143.0
Bulgaria,2013,39_plastics_and_articles_thereof,718770692,286175229.0
Bulgaria,2014,28_inorganic_chemicals_precious_metal_compound_isotope,297579583,2269325136.0
Bulgaria,2014,30_pharmaceutical_products,1019350344,18136200.0
Bulgaria,2014,31_fertilizers,240225395,675539032.0
Bulgaria,2014,38_miscellaneous_chemical_products,96511676,56334399.0
Bulgaria,2014,39_plastics_and_articles_thereof,777085812,309142486.0
Bulgaria,2015,28_inorganic_chemicals_precious_metal_compound_isotope,282083768,2346324265.0
Bulgaria,2015,30_pharmaceutical_products,883411476,19083385.0
Bulgaria,2015,31_fertilizers,262392691,861484122.0
Bulgaria,2015,38_miscellaneous_chemical_products,131286081,87108487.0
Bulgaria,2015,39_plastics_and_articles_thereof,727785656,353415652.0
Bulgaria,2016,28_inorganic_chemicals_precious_metal_compound_isotope,260301289,2064509660.0
Bulgaria,2016,30_pharmaceutical_products,819715092,17280655.0
Bulgaria,2016,31_fertilizers,241669787,877287055.0
Bulgaria,2016,38_miscellaneous_chemical_products,347194657,345673464.0
Bulgaria,2016,39_plastics_and_articles_thereof,724631562,359831728.0
Burkina Faso,1995,30_pharmaceutical_products,254005,15250.0
Burkina Faso,1995,31_fertilizers,108810,530737.0
Burkina Faso,1995,38_miscellaneous_chemical_products,99494,20217.0
Burkina Faso,1995,39_plastics_and_articles_thereof,138958,85837.0
Burkina Faso,1996,28_inorganic_chemicals_precious_metal_compound_isotope,755921,744800.0
Burkina Faso,1996,30_pharmaceutical_products,1115430,96749.0
Burkina Faso,1996,38_miscellaneous_chemical_products,159636,71611.0
Burkina Faso,1996,39_plastics_and_articles_thereof,65701,21573.0
Burkina Faso,1997,28_inorganic_chemicals_precious_metal_compound_isotope,1039647,1182052.0
Burkina Faso,1997,30_pharmaceutical_products,884726,75568.0
Burkina Faso,1997,31_fertilizers,43213,128831.0
Burkina Faso,1997,38_miscellaneous_chemical_products,326759,93729.0
Burkina Faso,1997,39_plastics_and_articles_thereof,82688,34977.0
Burkina Faso,1998,28_inorganic_chemicals_precious_metal_compound_isotope,1202745,1295781.0
Burkina Faso,1998,30_pharmaceutical_products,211408,11970.0
Burkina Faso,1998,31_fertilizers,14276,39535.0
Burkina Faso,1998,38_miscellaneous_chemical_products,34818,27606.0
Burkina Faso,1998,39_plastics_and_articles_thereof,277845,138717.0
Burkina Faso,1999,28_inorganic_chemicals_precious_metal_compound_isotope,631466,861407.0
Burkina Faso,1999,30_pharmaceutical_products,7537,3682.0
Burkina Faso,1999,38_miscellaneous_chemical_products,217615,67186.0
Burkina Faso,1999,39_plastics_and_articles_thereof,153892,93307.0
Burkina Faso,2000,28_inorganic_chemicals_precious_metal_compound_isotope,830391,1282443.0
Burkina Faso,2000,30_pharmaceutical_products,16708,3659.0
Burkina Faso,2000,31_fertilizers,1151484,8655000.0
Burkina Faso,2000,38_miscellaneous_chemical_products,258207,190352.0
Burkina Faso,2000,39_plastics_and_articles_thereof,241081,188453.0
Burkina Faso,2001,28_inorganic_chemicals_precious_metal_compound_isotope,257104,53313.0
Burkina Faso,2001,30_pharmaceutical_products,15420,658.0
Burkina Faso,2001,31_fertilizers,90080,3221.0
Burkina Faso,2001,38_miscellaneous_chemical_products,463829,13341.0
Burkina Faso,2001,39_plastics_and_articles_thereof,157873,11113.0
Burkina Faso,2002,28_inorganic_chemicals_precious_metal_compound_isotope,150079,53147.0
Burkina Faso,2002,30_pharmaceutical_products,9191,438.0
Burkina Faso,2002,31_fertilizers,171504,84076.0
Burkina Faso,2002,38_miscellaneous_chemical_products,173543,8202.0
Burkina Faso,2002,39_plastics_and_articles_thereof,160057,15787.0
Burkina Faso,2003,28_inorganic_chemicals_precious_metal_compound_isotope,183524,284780.0
Burkina Faso,2003,30_pharmaceutical_products,15902,225.0
Burkina Faso,2003,38_miscellaneous_chemical_products,639372,184075.0
Burkina Faso,2003,39_plastics_and_articles_thereof,138042,63849.0
Burkina Faso,2004,28_inorganic_chemicals_precious_metal_compound_isotope,153807,265784.0
Burkina Faso,2004,30_pharmaceutical_products,64972,19779.0
Burkina Faso,2004,31_fertilizers,37864,134692.0
Burkina Faso,2004,38_miscellaneous_chemical_products,1073426,223463.0
Burkina Faso,2004,39_plastics_and_articles_thereof,308277,161325.0
Burkina Faso,2005,28_inorganic_chemicals_precious_metal_compound_isotope,176046,186192.0
Burkina Faso,2005,30_pharmaceutical_products,123897,25360.0
Burkina Faso,2005,38_miscellaneous_chemical_products,3142559,239819.0
Burkina Faso,2005,39_plastics_and_articles_thereof,120329,74782.0
Burkina Faso,2007,28_inorganic_chemicals_precious_metal_compound_isotope,97234,160821.0
Burkina Faso,2007,30_pharmaceutical_products,223086,22053.0
Burkina Faso,2007,38_miscellaneous_chemical_products,1535413,202262.0
Burkina Faso,2007,39_plastics_and_articles_thereof,676558,548640.0
Burkina Faso,2008,28_inorganic_chemicals_precious_metal_compound_isotope,770131,538845.0
Burkina Faso,2008,30_pharmaceutical_products,251714,19721.0
Burkina Faso,2008,31_fertilizers,1458850,2000000.0
Burkina Faso,2008,38_miscellaneous_chemical_products,131135,11303.0
Burkina Faso,2008,39_plastics_and_articles_thereof,531395,264490.0
Burkina Faso,2009,28_inorganic_chemicals_precious_metal_compound_isotope,571193,525460.0
Burkina Faso,2009,30_pharmaceutical_products,678708,56985.0
Burkina Faso,2009,31_fertilizers,27150,25000.0
Burkina Faso,2009,38_miscellaneous_chemical_products,435771,79872.0
Burkina Faso,2009,39_plastics_and_articles_thereof,630707,287365.0
Burkina Faso,2010,28_inorganic_chemicals_precious_metal_compound_isotope,506897,463784.0
Burkina Faso,2010,30_pharmaceutical_products,609398,87181.0
Burkina Faso,2010,31_fertilizers,1043301,2135500.0
Burkina Faso,2010,38_miscellaneous_chemical_products,1951066,220463.0
Burkina Faso,2010,39_plastics_and_articles_thereof,377310,298481.0
Burkina Faso,2011,28_inorganic_chemicals_precious_metal_compound_isotope,627155,463628.0
Burkina Faso,2011,30_pharmaceutical_products,742082,57527.0
Burkina Faso,2011,31_fertilizers,2836160,6005000.0
Burkina Faso,2011,38_miscellaneous_chemical_products,1759748,186503.0
Burkina Faso,2011,39_plastics_and_articles_thereof,349326,336481.0
Burkina Faso,2012,28_inorganic_chemicals_precious_metal_compound_isotope,191323,243804.0
Burkina Faso,2012,30_pharmaceutical_products,658681,68473.0
Burkina Faso,2012,31_fertilizers,2579574,4318400.0
Burkina Faso,2012,38_miscellaneous_chemical_products,3403504,351687.0
Burkina Faso,2012,39_plastics_and_articles_thereof,7968938,2510162.0
Burkina Faso,2013,28_inorganic_chemicals_precious_metal_compound_isotope,438352,351280.0
Burkina Faso,2013,30_pharmaceutical_products,983416,54906.0
Burkina Faso,2013,31_fertilizers,109789,159750.0
Burkina Faso,2013,38_miscellaneous_chemical_products,1658421,242303.0
Burkina Faso,2013,39_plastics_and_articles_thereof,11734529,3798266.0
Burkina Faso,2014,28_inorganic_chemicals_precious_metal_compound_isotope,419720,547933.0
Burkina Faso,2014,30_pharmaceutical_products,1246201,69084.0
Burkina Faso,2014,31_fertilizers,740,300.0
Burkina Faso,2014,38_miscellaneous_chemical_products,2810399,304192.0
Burkina Faso,2014,39_plastics_and_articles_thereof,9422217,2372444.0
Burkina Faso,2015,28_inorganic_chemicals_precious_metal_compound_isotope,377002,415211.0
Burkina Faso,2015,30_pharmaceutical_products,740448,41844.0
Burkina Faso,2015,31_fertilizers,1299646,1332750.0
Burkina Faso,2015,38_miscellaneous_chemical_products,11175345,583075.0
Burkina Faso,2015,39_plastics_and_articles_thereof,1354072,1904081.0
Burundi,1993,39_plastics_and_articles_thereof,7270,3437.0
Burundi,1994,28_inorganic_chemicals_precious_metal_compound_isotope,181,4000.0
Burundi,1994,30_pharmaceutical_products,804,30.0
Burundi,1995,39_plastics_and_articles_thereof,141822,46968.0
Burundi,1996,39_plastics_and_articles_thereof,91606,32015.0
Burundi,1998,30_pharmaceutical_products,2612,4022.0
Burundi,1999,30_pharmaceutical_products,96,115.0
Burundi,1999,39_plastics_and_articles_thereof,59690,27511.0
Burundi,2000,28_inorganic_chemicals_precious_metal_compound_isotope,1365,2635.0
Burundi,2000,30_pharmaceutical_products,381,174.0
Burundi,2001,30_pharmaceutical_products,15609,4500.0
Burundi,2001,39_plastics_and_articles_thereof,157038,60600.0
Burundi,2002,28_inorganic_chemicals_precious_metal_compound_isotope,2,10.0
Burundi,2002,39_plastics_and_articles_thereof,264446,117473.0
Burundi,2003,30_pharmaceutical_products,110440,0.0
Burundi,2003,38_miscellaneous_chemical_products,20831,0.0
Burundi,2003,39_plastics_and_articles_thereof,130284,0.0
Burundi,2004,28_inorganic_chemicals_precious_metal_compound_isotope,2730,3000.0
Burundi,2004,30_pharmaceutical_products,113051,5.0
Burundi,2004,39_plastics_and_articles_thereof,162887,4116.0
Burundi,2005,30_pharmaceutical_products,101271,31164.0
Burundi,2005,38_miscellaneous_chemical_products,3522,900.0
Burundi,2005,39_plastics_and_articles_thereof,236527,187765.0
Burundi,2006,28_inorganic_chemicals_precious_metal_compound_isotope,5941,14909.0
Burundi,2006,30_pharmaceutical_products,105303,15668.0
Burundi,2006,38_miscellaneous_chemical_products,2496,22500.0
Burundi,2006,39_plastics_and_articles_thereof,3434,172.0
Burundi,2007,30_pharmaceutical_products,456196,55225.0
Burundi,2007,39_plastics_and_articles_thereof,153003,80269.0
Burundi,2008,28_inorganic_chemicals_precious_metal_compound_isotope,58757,55078.0
Burundi,2008,30_pharmaceutical_products,70568,14239.0
Burundi,2008,31_fertilizers,10862,25750.0
Burundi,2008,39_plastics_and_articles_thereof,540827,375142.0
Burundi,2009,28_inorganic_chemicals_precious_metal_compound_isotope,21848,10000.0
Burundi,2009,30_pharmaceutical_products,75299,5910.0
Burundi,2009,39_plastics_and_articles_thereof,313650,149637.0
Burundi,2010,28_inorganic_chemicals_precious_metal_compound_isotope,3619,27300.0
Burundi,2010,30_pharmaceutical_products,113274,15499.0
Burundi,2010,39_plastics_and_articles_thereof,122126,85295.0
Burundi,2011,28_inorganic_chemicals_precious_metal_compound_isotope,49801,23561.0
Burundi,2011,30_pharmaceutical_products,118367,60543.0
Burundi,2011,38_miscellaneous_chemical_products,6677,660.0
Burundi,2011,39_plastics_and_articles_thereof,349116,150741.0
Burundi,2012,28_inorganic_chemicals_precious_metal_compound_isotope,36630,2510.0
Burundi,2012,30_pharmaceutical_products,174736,30880.0
Burundi,2012,38_miscellaneous_chemical_products,14192,2720.0
Burundi,2012,39_plastics_and_articles_thereof,2604779,725958.0
Burundi,2013,28_inorganic_chemicals_precious_metal_compound_isotope,17111,7000.0
Burundi,2013,30_pharmaceutical_products,5381,440.0
Burundi,2013,38_miscellaneous_chemical_products,59576,12100.0
Burundi,2013,39_plastics_and_articles_thereof,136953,60708.0
Burundi,2014,28_inorganic_chemicals_precious_metal_compound_isotope,55514,114327.0
Burundi,2014,30_pharmaceutical_products,6562,400.0
Burundi,2014,38_miscellaneous_chemical_products,215553,40936.0
Burundi,2014,39_plastics_and_articles_thereof,6057749,1736204.0
Burundi,2015,28_inorganic_chemicals_precious_metal_compound_isotope,22329,46180.0
Burundi,2015,30_pharmaceutical_products,28377,6186.0
Burundi,2015,38_miscellaneous_chemical_products,74947,17100.0
Burundi,2015,39_plastics_and_articles_thereof,4066274,1148965.0
Cabo Verde,1997,30_pharmaceutical_products,49976,43210.0
Cabo Verde,1997,38_miscellaneous_chemical_products,6162,2015.0
Cabo Verde,1997,39_plastics_and_articles_thereof,18296,3881.0
Cabo Verde,1998,30_pharmaceutical_products,23625,11089.0
Cabo Verde,1998,38_miscellaneous_chemical_products,17118,5630.0
Cabo Verde,1998,39_plastics_and_articles_thereof,107795,12739.0
Cabo Verde,1999,30_pharmaceutical_products,20002,1036.0
Cabo Verde,1999,31_fertilizers,706,1000.0
Cabo Verde,1999,38_miscellaneous_chemical_products,19807,6619.0
Cabo Verde,1999,39_plastics_and_articles_thereof,243829,27429.0
Cabo Verde,2000,30_pharmaceutical_products,20568,2621.0
Cabo Verde,2000,38_miscellaneous_chemical_products,44824,22084.0
Cabo Verde,2000,39_plastics_and_articles_thereof,188931,60732.0
Cabo Verde,2001,30_pharmaceutical_products,12019,3000.0
Cabo Verde,2001,39_plastics_and_articles_thereof,697,1000.0
Cabo Verde,2002,30_pharmaceutical_products,328796,25042.0
Cabo Verde,2002,39_plastics_and_articles_thereof,1275,0.0
Cabo Verde,2003,30_pharmaceutical_products,144943,20000.0
Cabo Verde,2004,30_pharmaceutical_products,100709,8358.0
Cabo Verde,2005,30_pharmaceutical_products,39172,5564.0
Cabo Verde,2005,38_miscellaneous_chemical_products,118262,15680.0
Cabo Verde,2005,39_plastics_and_articles_thereof,174809,29893.0
Cabo Verde,2006,30_pharmaceutical_products,83542,10697.0
Cabo Verde,2006,38_miscellaneous_chemical_products,139794,4033.0
Cabo Verde,2006,39_plastics_and_articles_thereof,434603,283321.0
Cabo Verde,2007,30_pharmaceutical_products,4273,45.0
Cabo Verde,2007,38_miscellaneous_chemical_products,32313,3359.0
Cabo Verde,2007,39_plastics_and_articles_thereof,327631,107276.0
Cabo Verde,2009,30_pharmaceutical_products,30544,3218.0
Cabo Verde,2009,38_miscellaneous_chemical_products,52821,5498.0
Cabo Verde,2009,39_plastics_and_articles_thereof,375895,31909.0
Cabo Verde,2010,30_pharmaceutical_products,16673,3327.0
Cabo Verde,2010,38_miscellaneous_chemical_products,173369,14950.0
Cabo Verde,2010,39_plastics_and_articles_thereof,709361,130468.0
Cabo Verde,2011,30_pharmaceutical_products,509105,28872.0
Cabo Verde,2011,38_miscellaneous_chemical_products,120415,11205.0
Cabo Verde,2011,39_plastics_and_articles_thereof,837957,125774.0
Cabo Verde,2012,30_pharmaceutical_products,503390,26648.0
Cabo Verde,2012,31_fertilizers,127,120.0
Cabo Verde,2012,38_miscellaneous_chemical_products,102817,43913.0
Cabo Verde,2012,39_plastics_and_articles_thereof,685791,156077.0
Cabo Verde,2013,28_inorganic_chemicals_precious_metal_compound_isotope,2789,220.0
Cabo Verde,2013,30_pharmaceutical_products,138211,4620.0
Cabo Verde,2013,38_miscellaneous_chemical_products,115743,13944.0
Cabo Verde,2013,39_plastics_and_articles_thereof,960900,267117.0
Cabo Verde,2014,28_inorganic_chemicals_precious_metal_compound_isotope,10427,8429.0
Cabo Verde,2014,30_pharmaceutical_products,104168,3713.0
Cabo Verde,2014,38_miscellaneous_chemical_products,106431,13592.0
Cabo Verde,2014,39_plastics_and_articles_thereof,526928,183667.0
Cabo Verde,2015,28_inorganic_chemicals_precious_metal_compound_isotope,4309,3535.0
Cabo Verde,2015,30_pharmaceutical_products,67201,1447.0
Cabo Verde,2015,38_miscellaneous_chemical_products,42494,5748.0
Cabo Verde,2015,39_plastics_and_articles_thereof,381557,92229.0
Cabo Verde,2016,30_pharmaceutical_products,62591,2731.0
Cambodia,2000,30_pharmaceutical_products,87698,30156.0
Cambodia,2000,31_fertilizers,300,500.0
Cambodia,2000,38_miscellaneous_chemical_products,30061,40719.0
Cambodia,2001,30_pharmaceutical_products,19074,1012.0
Cambodia,2001,31_fertilizers,1126,59000.0
Cambodia,2001,38_miscellaneous_chemical_products,5914,673.0
Cambodia,2002,30_pharmaceutical_products,450026,95489.0
Cambodia,2002,31_fertilizers,4462,225000.0
Cambodia,2002,38_miscellaneous_chemical_products,17433,32319.0
Cambodia,2003,30_pharmaceutical_products,546649,56989.0
Cambodia,2003,31_fertilizers,4088,200000.0
Cambodia,2003,38_miscellaneous_chemical_products,7067,2064.0
Cambodia,2004,30_pharmaceutical_products,1585178,60855.0
Cambodia,2004,38_miscellaneous_chemical_products,486,340.0
Cambodia,2005,30_pharmaceutical_products,916250,97341.0
Cambodia,2005,31_fertilizers,208562,18801.0
Cambodia,2005,39_plastics_and_articles_thereof,284207,1357202.0
Cambodia,2006,30_pharmaceutical_products,1230368,410913.0
Cambodia,2006,31_fertilizers,614,31000.0
Cambodia,2006,38_miscellaneous_chemical_products,141,75.0
Cambodia,2006,39_plastics_and_articles_thereof,3733650,2377439.0
Cambodia,2007,30_pharmaceutical_products,2003644,463195.0
Cambodia,2007,31_fertilizers,20395,1017000.0
Cambodia,2007,38_miscellaneous_chemical_products,530,80.0
Cambodia,2007,39_plastics_and_articles_thereof,2725262,2027934.0
Cambodia,2008,30_pharmaceutical_products,757844,77556.0
Cambodia,2008,31_fertilizers,65557,1742500.0
Cambodia,2008,39_plastics_and_articles_thereof,690300,498769.0
Cambodia,2009,30_pharmaceutical_products,3311675,369795.0
Cambodia,2009,31_fertilizers,99338,1905047.0
Cambodia,2009,38_miscellaneous_chemical_products,16136,31951.0
Cambodia,2009,39_plastics_and_articles_thereof,2105901,1053276.0
Cambodia,2010,30_pharmaceutical_products,3198670,597266.0
Cambodia,2010,31_fertilizers,155049,3090000.0
Cambodia,2010,38_miscellaneous_chemical_products,21542,1165.0
Cambodia,2010,39_plastics_and_articles_thereof,8286136,4659401.0
Cambodia,2011,30_pharmaceutical_products,4623346,506291.0
Cambodia,2011,31_fertilizers,115456,2310000.0
Cambodia,2011,38_miscellaneous_chemical_products,20706,4751.0
Cambodia,2011,39_plastics_and_articles_thereof,10708878,6741700.0
Cambodia,2012,30_pharmaceutical_products,2136124,287241.0
Cambodia,2012,31_fertilizers,12257,300000.0
Cambodia,2012,38_miscellaneous_chemical_products,31015,2334.0
Cambodia,2012,39_plastics_and_articles_thereof,15635979,9999666.0
Cambodia,2013,30_pharmaceutical_products,1770682,389857.0
Cambodia,2013,31_fertilizers,20866,420000.0
Cambodia,2013,39_plastics_and_articles_thereof,21591997,13086341.0
Cambodia,2014,30_pharmaceutical_products,2675528,509661.0
Cambodia,2014,38_miscellaneous_chemical_products,27429,4345.0
Cambodia,2014,39_plastics_and_articles_thereof,19447191,12439691.0
Cambodia,2015,30_pharmaceutical_products,3777220,867617.0
Cambodia,2015,31_fertilizers,90,199.0
Cambodia,2015,38_miscellaneous_chemical_products,196242,59775.0
Cambodia,2015,39_plastics_and_articles_thereof,71702816,40989114.0
Cambodia,2016,30_pharmaceutical_products,4912407,1176922.0
Cambodia,2016,31_fertilizers,69132,18230.0
Cambodia,2016,38_miscellaneous_chemical_products,256019,45090.0
Cambodia,2016,39_plastics_and_articles_thereof,121405706,71392852.0
Cameroon,1995,30_pharmaceutical_products,669403,51883.0
Cameroon,1995,31_fertilizers,2332,7000.0
Cameroon,1995,38_miscellaneous_chemical_products,3119827,1987717.0
Cameroon,1996,30_pharmaceutical_products,327154,123459.0
Cameroon,1996,31_fertilizers,209147,564177.0
Cameroon,1996,38_miscellaneous_chemical_products,1782291,944381.0
Cameroon,1997,30_pharmaceutical_products,302964,107440.0
Cameroon,1997,31_fertilizers,691659,1855250.0
Cameroon,1997,38_miscellaneous_chemical_products,1214465,451962.0
Cameroon,2000,30_pharmaceutical_products,66850,22996.0
Cameroon,2000,31_fertilizers,390498,1956070.0
Cameroon,2000,38_miscellaneous_chemical_products,359583,98183.0
Cameroon,2001,30_pharmaceutical_products,50373,7116.0
Cameroon,2001,31_fertilizers,93205,351020.0
Cameroon,2001,38_miscellaneous_chemical_products,205444,72085.0
Cameroon,2002,30_pharmaceutical_products,214500,39830.0
Cameroon,2002,31_fertilizers,569405,2025800.0
Cameroon,2002,38_miscellaneous_chemical_products,704028,158831.0
Cameroon,2003,30_pharmaceutical_products,100342,13381.0
Cameroon,2003,31_fertilizers,237509,494650.0
Cameroon,2003,38_miscellaneous_chemical_products,1058915,363583.0
Cameroon,2004,30_pharmaceutical_products,103834,13231.0
Cameroon,2004,31_fertilizers,186576,631746.0
Cameroon,2004,38_miscellaneous_chemical_products,685246,197549.0
Cameroon,2005,30_pharmaceutical_products,197028,24837.0
Cameroon,2005,31_fertilizers,141167,158600.0
Cameroon,2005,38_miscellaneous_chemical_products,441593,192055.0
Cameroon,2006,30_pharmaceutical_products,203258,56005.0
Cameroon,2006,31_fertilizers,287939,690220.0
Cameroon,2006,38_miscellaneous_chemical_products,347348,68325.0
Cameroon,2007,30_pharmaceutical_products,277862,18292.0
Cameroon,2007,31_fertilizers,726167,666280.0
Cameroon,2007,38_miscellaneous_chemical_products,2452793,1921008.0
Cameroon,2008,30_pharmaceutical_products,106664,33042.0
Cameroon,2008,31_fertilizers,2326546,2227767.0
Cameroon,2008,38_miscellaneous_chemical_products,1253480,642427.0
Cameroon,2009,30_pharmaceutical_products,362514,82959.0
Cameroon,2009,31_fertilizers,7920384,10221735.0
Cameroon,2009,38_miscellaneous_chemical_products,1136186,706711.0
Cameroon,2010,30_pharmaceutical_products,279873,33449.0
Cameroon,2010,31_fertilizers,2667773,4860669.0
Cameroon,2010,38_miscellaneous_chemical_products,1401080,883650.0
Cameroon,2011,30_pharmaceutical_products,319968,56572.0
Cameroon,2011,31_fertilizers,2884213,4126281.0
Cameroon,2011,38_miscellaneous_chemical_products,2739725,1648016.0
Cameroon,2012,30_pharmaceutical_products,905811,233165.0
Cameroon,2012,31_fertilizers,7138096,10506614.0
Cameroon,2012,38_miscellaneous_chemical_products,3858162,1330456.0
Cameroon,2013,30_pharmaceutical_products,682339,201217.0
Cameroon,2013,31_fertilizers,9267794,13750960.0
Cameroon,2013,38_miscellaneous_chemical_products,2364292,878325.0
Cameroon,2014,30_pharmaceutical_products,1150954,108754.0
Cameroon,2014,31_fertilizers,9723462,15362388.0
Cameroon,2014,38_miscellaneous_chemical_products,1536792,975915.0
Cameroon,2015,30_pharmaceutical_products,851648,71182.0
Cameroon,2015,31_fertilizers,8708054,15284355.0
Cameroon,2015,38_miscellaneous_chemical_products,1761239,1296273.0
Canada,1989,30_pharmaceutical_products,173630737,747529.0
Canada,1989,31_fertilizers,1239689365,12783376307.0
Canada,1989,38_miscellaneous_chemical_products,229155132,226921571.0
Canada,1990,30_pharmaceutical_products,236172833,224041.0
Canada,1990,31_fertilizers,1424557116,14129924218.0
Canada,1990,38_miscellaneous_chemical_products,243669613,251155382.0
Canada,1991,30_pharmaceutical_products,248637366,263539.0
Canada,1991,31_fertilizers,1359218533,12883961875.0
Canada,1991,38_miscellaneous_chemical_products,269846299,216910736.0
Canada,1992,30_pharmaceutical_products,346972786,340721.0
Canada,1992,31_fertilizers,1290795410,12665791576.0
Canada,1992,38_miscellaneous_chemical_products,348891391,251397950.0
Canada,1993,30_pharmaceutical_products,383698208,436640.0
Canada,1993,31_fertilizers,1276766933,12847779321.0
Canada,1993,38_miscellaneous_chemical_products,389145529,282183011.0
Canada,1994,30_pharmaceutical_products,494828142,1832739.0
Canada,1994,31_fertilizers,1567977565,15869301488.0
Canada,1994,38_miscellaneous_chemical_products,390038923,307143491.0
Canada,1995,30_pharmaceutical_products,593819718,718413.0
Canada,1995,31_fertilizers,1686294471,16589977584.0
Canada,1995,38_miscellaneous_chemical_products,533361909,426776282.0
Canada,1996,30_pharmaceutical_products,680762858,544049.0
Canada,1996,31_fertilizers,1561241243,15697565296.0
Canada,1996,38_miscellaneous_chemical_products,629744098,595565084.0
Canada,1997,30_pharmaceutical_products,946879530,754729.0
Canada,1997,31_fertilizers,1768478371,17697972756.0
Canada,1997,38_miscellaneous_chemical_products,611344313,476147364.0
Canada,1998,30_pharmaceutical_products,1032401639,847484.0
Canada,1998,31_fertilizers,1797159233,16968971351.0
Canada,1998,38_miscellaneous_chemical_products,639412295,504044136.0
Canada,1999,30_pharmaceutical_products,1105886353,1390133.0
Canada,1999,31_fertilizers,1945953052,17599320068.0
Canada,1999,38_miscellaneous_chemical_products,636569861,509227068.0
Canada,2000,30_pharmaceutical_products,1201911308,31208320.0
Canada,2000,31_fertilizers,2144047718,18432555483.0
Canada,2000,38_miscellaneous_chemical_products,768733169,625186163.0
Canada,2001,30_pharmaceutical_products,1412499052,34774836.0
Canada,2001,31_fertilizers,1876411447,16284497274.0
Canada,2001,38_miscellaneous_chemical_products,851099921,589277198.0
Canada,2002,30_pharmaceutical_products,1509225037,35865665.0
Canada,2002,31_fertilizers,2020654575,17089530409.0
Canada,2002,38_miscellaneous_chemical_products,874345933,666834885.0
Canada,2003,30_pharmaceutical_products,2298268352,50415410.0
Canada,2003,31_fertilizers,1840077516,16560648245.0
Canada,2003,38_miscellaneous_chemical_products,984365335,652456510.0
Canada,2004,30_pharmaceutical_products,2956741020,62088580.0
Canada,2004,31_fertilizers,2326041006,19144984866.0
Canada,2004,38_miscellaneous_chemical_products,1244070297,729762878.0
Canada,2005,30_pharmaceutical_products,3410987593,70576301.0
Canada,2005,31_fertilizers,3109517041,19118450324.0
Canada,2005,38_miscellaneous_chemical_products,1336737856,728110764.0
Canada,2006,30_pharmaceutical_products,4642859324,95186705.0
Canada,2006,31_fertilizers,3021946805,17064716881.0
Canada,2006,38_miscellaneous_chemical_products,1412219981,733579972.0
Canada,2007,30_pharmaceutical_products,6112366619,14305408.0
Canada,2007,31_fertilizers,3875316845,20869911920.0
Canada,2007,38_miscellaneous_chemical_products,1657670060,846222270.0
Canada,2008,30_pharmaceutical_products,6065550697,12015119.0
Canada,2008,31_fertilizers,7376595506,24245872497.0
Canada,2008,38_miscellaneous_chemical_products,1989111738,636077696.0
Canada,2009,30_pharmaceutical_products,6338464726,13121860.0
Canada,2009,31_fertilizers,4195965104,9922232066.0
Canada,2009,38_miscellaneous_chemical_products,1649709150,904307502.0
Canada,2010,30_pharmaceutical_products,5619371663,20845959.0
Canada,2010,31_fertilizers,6041683732,18679682703.0
Canada,2010,38_miscellaneous_chemical_products,2058822493,1010742994.0
Canada,2011,30_pharmaceutical_products,5542699861,19195179.0
Canada,2011,31_fertilizers,8056594879,20178341507.0
Canada,2011,38_miscellaneous_chemical_products,2297626355,861550659.0
Canada,2012,30_pharmaceutical_products,5076774618,16493174.0
Canada,2012,31_fertilizers,7374405743,16886130018.0
Canada,2012,38_miscellaneous_chemical_products,2489614976,860030476.0
Canada,2013,30_pharmaceutical_products,5431285014,15466505.0
Canada,2013,31_fertilizers,6604650917,18302607063.0
Canada,2013,38_miscellaneous_chemical_products,2424426102,927437693.0
Canada,2014,30_pharmaceutical_products,7066641225,26873006.0
Canada,2014,31_fertilizers,5573389404,19579406118.0
Canada,2014,38_miscellaneous_chemical_products,2566031766,1113614400.0
Canada,2015,30_pharmaceutical_products,7716347809,19369127.0
Canada,2015,31_fertilizers,6181449542,20180210469.0
Canada,2015,38_miscellaneous_chemical_products,2351453137,1046579659.0
Canada,2016,30_pharmaceutical_products,8393048135,23981659.0
Canada,2016,31_fertilizers,4277516021,18522208819.0
Canada,2016,38_miscellaneous_chemical_products,2419097019,1231949027.0
Central African Rep.,1993,30_pharmaceutical_products,255586,14846.0
Central African Rep.,1993,38_miscellaneous_chemical_products,26,49.0
Central African Rep.,1994,30_pharmaceutical_products,100470,7689.0
Central African Rep.,1994,38_miscellaneous_chemical_products,2747,4187.0
Central African Rep.,1995,30_pharmaceutical_products,183936,21434.0
Central African Rep.,1996,30_pharmaceutical_products,10455,15079.0
Central African Rep.,1997,30_pharmaceutical_products,12725,568.0
Central African Rep.,1997,31_fertilizers,1471,1187.0
Central African Rep.,1998,30_pharmaceutical_products,4077,235.0
Central African Rep.,1998,31_fertilizers,281,5382.0
Central African Rep.,1998,38_miscellaneous_chemical_products,3681,4250.0
Central African Rep.,1999,30_pharmaceutical_products,1665,94.0
Central African Rep.,2000,30_pharmaceutical_products,31681,24800.0
Central African Rep.,2001,30_pharmaceutical_products,462218,42902.0
Central African Rep.,2001,38_miscellaneous_chemical_products,2493,230.0
Central African Rep.,2002,30_pharmaceutical_products,341696,48078.0
Central African Rep.,2002,38_miscellaneous_chemical_products,8352,695.0
Central African Rep.,2003,30_pharmaceutical_products,89268,7746.0
Central African Rep.,2003,38_miscellaneous_chemical_products,257,597.0
Central African Rep.,2004,30_pharmaceutical_products,558548,68289.0
Central African Rep.,2004,38_miscellaneous_chemical_products,2101,40.0
Central African Rep.,2006,30_pharmaceutical_products,2263,300.0
Central African Rep.,2007,30_pharmaceutical_products,8056,1074.0
Central African Rep.,2008,30_pharmaceutical_products,13082,6932.0
Central African Rep.,2011,30_pharmaceutical_products,7064,10689.0
Central African Rep.,2012,30_pharmaceutical_products,11157,500.0
Chile,1990,30_pharmaceutical_products,10220976,0.0
Chile,1990,31_fertilizers,61309290,0.0
Chile,1990,38_miscellaneous_chemical_products,4623305,0.0
Chile,1991,30_pharmaceutical_products,15261560,1920116.0
Chile,1991,31_fertilizers,59996605,439507088.0
Chile,1991,38_miscellaneous_chemical_products,6776824,3783270.0
Chile,1992,30_pharmaceutical_products,14917617,814182.0
Chile,1992,31_fertilizers,77758352,506499615.0
Chile,1992,38_miscellaneous_chemical_products,8589164,4802015.0
Chile,1993,30_pharmaceutical_products,18717199,1059718.0
Chile,1993,31_fertilizers,76577423,514117865.0
Chile,1993,38_miscellaneous_chemical_products,9049424,4530674.0
Chile,1994,30_pharmaceutical_products,19462658,864410.0
Chile,1994,31_fertilizers,66521924,403402466.0
Chile,1994,38_miscellaneous_chemical_products,11763477,9937612.0
Chile,1995,30_pharmaceutical_products,22761768,974116.0
Chile,1995,31_fertilizers,75261744,477441425.0
Chile,1995,38_miscellaneous_chemical_products,14620631,12201195.0
Chile,1996,30_pharmaceutical_products,24151225,1195619.0
Chile,1996,31_fertilizers,78321715,435576598.0
Chile,1996,38_miscellaneous_chemical_products,20197090,13718153.0
Chile,1997,30_pharmaceutical_products,30952134,2185990.0
Chile,1997,31_fertilizers,89763313,502937878.0
Chile,1997,38_miscellaneous_chemical_products,21650522,13212070.0
Chile,1998,30_pharmaceutical_products,34024541,2200958.0
Chile,1998,31_fertilizers,103622361,596875577.0
Chile,1998,38_miscellaneous_chemical_products,20829515,10789999.0
Chile,1999,30_pharmaceutical_products,30730692,1641573.0
Chile,1999,31_fertilizers,121697008,741957626.0
Chile,1999,38_miscellaneous_chemical_products,24672785,15620672.0
Chile,2000,30_pharmaceutical_products,35596660,2313556.0
Chile,2000,31_fertilizers,127105636,796181818.0
Chile,2000,38_miscellaneous_chemical_products,28105968,21425522.0
Chile,2001,30_pharmaceutical_products,43063536,1057455.0
Chile,2001,31_fertilizers,129254789,552485341.0
Chile,2001,38_miscellaneous_chemical_products,31207333,9664484.0
Chile,2002,30_pharmaceutical_products,46754547,1178280.0
Chile,2002,31_fertilizers,125199549,444133222.0
Chile,2002,38_miscellaneous_chemical_products,28366061,16462874.0
Chile,2003,30_pharmaceutical_products,50912149,3120818.0
Chile,2003,31_fertilizers,129060291,723960543.0
Chile,2003,38_miscellaneous_chemical_products,31521655,23289822.0
Chile,2004,30_pharmaceutical_products,63042470,4020996.0
Chile,2004,31_fertilizers,154637353,718214363.0
Chile,2004,38_miscellaneous_chemical_products,38025958,28947490.0
Chile,2005,30_pharmaceutical_products,65805291,6326620.0
Chile,2005,31_fertilizers,179000131,684179119.0
Chile,2005,38_miscellaneous_chemical_products,45809681,32952046.0
Chile,2006,30_pharmaceutical_products,77529156,6262963.0
Chile,2006,31_fertilizers,189171085,646740983.0
Chile,2006,38_miscellaneous_chemical_products,56412954,36138273.0
Chile,2007,30_pharmaceutical_products,87810360,9477492.0
Chile,2007,31_fertilizers,215834093,694503653.0
Chile,2007,38_miscellaneous_chemical_products,70357269,39648171.0
Chile,2008,30_pharmaceutical_products,107585376,8375916.0
Chile,2008,31_fertilizers,518758085,689893765.0
Chile,2008,38_miscellaneous_chemical_products,101330980,44029012.0
Chile,2009,30_pharmaceutical_products,105943396,11871169.0
Chile,2009,31_fertilizers,468492074,918946750.0
Chile,2009,38_miscellaneous_chemical_products,81067159,36159579.0
Chile,2010,30_pharmaceutical_products,120990880,11469762.0
Chile,2010,31_fertilizers,655411952,1697571197.0
Chile,2010,38_miscellaneous_chemical_products,119564372,52113128.0
Chile,2011,30_pharmaceutical_products,144802286,11170910.0
Chile,2011,31_fertilizers,744065593,1532812831.0
Chile,2011,38_miscellaneous_chemical_products,135362287,54091684.0
Chile,2012,30_pharmaceutical_products,156703556,11600271.0
Chile,2012,31_fertilizers,997431750,1942812113.0
Chile,2012,38_miscellaneous_chemical_products,151738494,57200242.0
Chile,2013,30_pharmaceutical_products,189567378,9988056.0
Chile,2013,31_fertilizers,858994900,1900457487.0
Chile,2013,38_miscellaneous_chemical_products,155553619,57092333.0
Chile,2014,30_pharmaceutical_products,205118929,9569038.0
Chile,2014,31_fertilizers,805856182,2045462018.0
Chile,2014,38_miscellaneous_chemical_products,135056342,59230752.0
Chile,2015,30_pharmaceutical_products,198713328,7518369.0
Chile,2015,31_fertilizers,777490405,1923094724.0
Chile,2015,38_miscellaneous_chemical_products,129086619,59182436.0
Chile,2016,30_pharmaceutical_products,166086965,6514071.0
Chile,2016,31_fertilizers,679404949,2103153892.0
Chile,2016,38_miscellaneous_chemical_products,126868762,59276943.0
China,1992,30_pharmaceutical_products,459864206,1362931.0
China,1992,31_fertilizers,29674680,219916335.0
China,1992,38_miscellaneous_chemical_products,326562147,504273341.0
China,1993,30_pharmaceutical_products,427291567,2006136.0
China,1993,31_fertilizers,48450885,365951793.0
China,1993,38_miscellaneous_chemical_products,316924515,506797710.0
China,1994,30_pharmaceutical_products,480365221,84773854.0
China,1994,31_fertilizers,68444984,598709965.0
China,1994,38_miscellaneous_chemical_products,473178309,710934897.0
China,1995,30_pharmaceutical_products,620331847,94804624.0
China,1995,31_fertilizers,135862753,983744380.0
China,1995,38_miscellaneous_chemical_products,612296348,655137525.0
China,1996,30_pharmaceutical_products,595175221,85285320.0
China,1996,31_fertilizers,206580565,1513337102.0
China,1996,38_miscellaneous_chemical_products,763156634,888575712.0
China,1997,30_pharmaceutical_products,636529224,83806600.0
China,1997,31_fertilizers,211980455,1583568968.0
China,1997,38_miscellaneous_chemical_products,903149316,971493694.0
China,1998,30_pharmaceutical_products,692573957,91127797.0
China,1998,31_fertilizers,160443268,1216805636.0
China,1998,38_miscellaneous_chemical_products,849017725,981892895.0
China,1999,30_pharmaceutical_products,622961812,83536675.0
China,1999,31_fertilizers,230143219,1731538702.0
China,1999,38_miscellaneous_chemical_products,991079571,1107843127.0
China,2000,30_pharmaceutical_products,669972693,100980455.0
China,2000,31_fertilizers,323664444,2543165615.0
China,2000,38_miscellaneous_chemical_products,1144173184,1133310172.0
China,2001,30_pharmaceutical_products,737285936,114946286.0
China,2001,31_fertilizers,389468912,2904487766.0
China,2001,38_miscellaneous_chemical_products,1311906896,1299626754.0
China,2002,30_pharmaceutical_products,789655836,129103754.0
China,2002,31_fertilizers,349723210,2530612070.0
China,2002,38_miscellaneous_chemical_products,1433710836,1540270742.0
China,2003,30_pharmaceutical_products,917333675,145400143.0
China,2003,31_fertilizers,799868048,5432184982.0
China,2003,38_miscellaneous_chemical_products,1814075320,1809717403.0
China,2004,30_pharmaceutical_products,1099971841,164057867.0
China,2004,31_fertilizers,1309197550,7277622562.0
China,2004,38_miscellaneous_chemical_products,2766906897,2549445468.0
China,2005,30_pharmaceutical_products,1363665461,194722308.0
China,2005,31_fertilizers,1010700512,4574504159.0
China,2005,38_miscellaneous_chemical_products,3653234976,3226273874.0
China,2006,30_pharmaceutical_products,1530147919,216594540.0
China,2006,31_fertilizers,1168772694,5408143281.0
China,2006,38_miscellaneous_chemical_products,4257797802,3753669795.0
China,2007,30_pharmaceutical_products,2053199929,284357727.0
China,2007,31_fertilizers,3736643637,13526329361.0
China,2007,38_miscellaneous_chemical_products,5832545608,4732673486.0
China,2008,30_pharmaceutical_products,2888691012,348195058.0
China,2008,31_fertilizers,4366845148,9453957738.0
China,2008,38_miscellaneous_chemical_products,8534050730,5540715820.0
China,2009,30_pharmaceutical_products,3397264662,312508879.0
China,2009,31_fertilizers,2584420599,8914341032.0
China,2009,38_miscellaneous_chemical_products,6502332776,6318408889.0
China,2010,30_pharmaceutical_products,4461167349,366326537.0
China,2010,31_fertilizers,5431164852,16242982870.0
China,2010,38_miscellaneous_chemical_products,9491308592,5830596847.0
China,2011,30_pharmaceutical_products,5398831751,421874662.0
China,2011,31_fertilizers,7924010072,18327723079.0
China,2011,38_miscellaneous_chemical_products,11871670157,6292684648.0
China,2012,30_pharmaceutical_products,5874679697,459913292.0
China,2012,31_fertilizers,7242171768,17629016541.0
China,2012,38_miscellaneous_chemical_products,10977158006,6535457490.0
China,2013,30_pharmaceutical_products,6193898911,506392546.0
China,2013,31_fertilizers,6252534708,19077282595.0
China,2013,38_miscellaneous_chemical_products,12293768225,7364928080.0
China,2014,30_pharmaceutical_products,6575723699,533411947.0
China,2014,31_fertilizers,8919588204,29069874801.0
China,2014,38_miscellaneous_chemical_products,14188702903,8153341436.0
China,2015,30_pharmaceutical_products,6918061973,527073657.0
China,2015,31_fertilizers,10880000796,34570613296.0
China,2015,38_miscellaneous_chemical_products,13209175778,8367956273.0
China,2016,30_pharmaceutical_products,6991916376,582302946.0
China,2016,31_fertilizers,6556864784,26881706091.0
China,2016,38_miscellaneous_chemical_products,13423481220,9007703596.0
"China, Hong Kong SAR",1993,30_pharmaceutical_products,397078780,0.0
"China, Hong Kong SAR",1993,31_fertilizers,6317847,3597460.0
"China, Hong Kong SAR",1993,38_miscellaneous_chemical_products,580770167,124065563.0
"China, Hong Kong SAR",1994,30_pharmaceutical_products,452558882,0.0
"China, Hong Kong SAR",1994,31_fertilizers,4822829,7162239.0
"China, Hong Kong SAR",1994,38_miscellaneous_chemical_products,673223940,147589064.0
"China, Hong Kong SAR",1995,30_pharmaceutical_products,537569008,0.0
"China, Hong Kong SAR",1995,31_fertilizers,4208046,14448917.0
"China, Hong Kong SAR",1995,38_miscellaneous_chemical_products,812271450,163147127.0
"China, Hong Kong SAR",1996,30_pharmaceutical_products,595726390,0.0
"China, Hong Kong SAR",1996,31_fertilizers,2038952,3142062.0
"China, Hong Kong SAR",1996,38_miscellaneous_chemical_products,799151406,155121503.0
"China, Hong Kong SAR",1997,30_pharmaceutical_products,627726838,0.0
"China, Hong Kong SAR",1997,31_fertilizers,2212271,5234796.0
"China, Hong Kong SAR",1997,38_miscellaneous_chemical_products,833761446,174311995.0
"China, Hong Kong SAR",1998,30_pharmaceutical_products,621659521,0.0
"China, Hong Kong SAR",1998,31_fertilizers,1694720,5326023.0
"China, Hong Kong SAR",1998,38_miscellaneous_chemical_products,776423563,163043817.0
"China, Hong Kong SAR",1999,30_pharmaceutical_products,599275664,0.0
"China, Hong Kong SAR",1999,31_fertilizers,2341208,6426154.0
"China, Hong Kong SAR",1999,38_miscellaneous_chemical_products,805634551,151182976.0
"China, Hong Kong SAR",2000,30_pharmaceutical_products,561491367,16588767.0
"China, Hong Kong SAR",2000,31_fertilizers,2037525,3920644.0
"China, Hong Kong SAR",2000,38_miscellaneous_chemical_products,874844668,396693130.0
"China, Hong Kong SAR",2001,30_pharmaceutical_products,591855414,16133133.0
"China, Hong Kong SAR",2001,31_fertilizers,1862897,6524277.0
"China, Hong Kong SAR",2001,38_miscellaneous_chemical_products,817039585,390033480.0
"China, Hong Kong SAR",2002,30_pharmaceutical_products,518322329,13354439.0
"China, Hong Kong SAR",2002,31_fertilizers,1719287,4802036.0
"China, Hong Kong SAR",2002,38_miscellaneous_chemical_products,843909031,392329551.0
"China, Hong Kong SAR",2003,30_pharmaceutical_products,545996154,13155688.0
"China, Hong Kong SAR",2003,31_fertilizers,2133567,7485268.0
"China, Hong Kong SAR",2003,38_miscellaneous_chemical_products,988466831,423515439.0
"China, Hong Kong SAR",2004,30_pharmaceutical_products,535949773,23729763.0
"China, Hong Kong SAR",2004,31_fertilizers,2520997,7176360.0
"China, Hong Kong SAR",2004,38_miscellaneous_chemical_products,1079645069,419072794.0
"China, Hong Kong SAR",2005,30_pharmaceutical_products,594272319,37885563.0
"China, Hong Kong SAR",2005,31_fertilizers,2431064,3567982.0
"China, Hong Kong SAR",2005,38_miscellaneous_chemical_products,1048857202,318508000.0
"China, Hong Kong SAR",2006,30_pharmaceutical_products,752701053,61492522.0
"China, Hong Kong SAR",2006,31_fertilizers,858120,1037039.0
"China, Hong Kong SAR",2006,38_miscellaneous_chemical_products,1236074495,328535964.0
"China, Hong Kong SAR",2007,30_pharmaceutical_products,988000883,5343413.0
"China, Hong Kong SAR",2007,31_fertilizers,424669,370859.0
"China, Hong Kong SAR",2007,38_miscellaneous_chemical_products,1303558654,343327074.0
"China, Hong Kong SAR",2008,30_pharmaceutical_products,1350698144,74906747.0
"China, Hong Kong SAR",2008,31_fertilizers,2196869,3585407.0
"China, Hong Kong SAR",2008,38_miscellaneous_chemical_products,1428755162,282497302.0
"China, Hong Kong SAR",2009,30_pharmaceutical_products,1469593687,57140518.0
"China, Hong Kong SAR",2009,31_fertilizers,2626642,6430987.0
"China, Hong Kong SAR",2009,38_miscellaneous_chemical_products,1210736449,218895963.0
"China, Hong Kong SAR",2010,30_pharmaceutical_products,1560931597,56943836.0
"China, Hong Kong SAR",2010,31_fertilizers,1608488,384415.0
"China, Hong Kong SAR",2010,38_miscellaneous_chemical_products,1346922837,226193556.0
"China, Hong Kong SAR",2011,30_pharmaceutical_products,1691797177,64083050.0
"China, Hong Kong SAR",2011,31_fertilizers,1461146,612034.0
"China, Hong Kong SAR",2011,38_miscellaneous_chemical_products,1529467568,193205864.0
"China, Hong Kong SAR",2012,30_pharmaceutical_products,1517751885,63628274.0
"China, Hong Kong SAR",2012,31_fertilizers,1479961,1040185.0
"China, Hong Kong SAR",2012,38_miscellaneous_chemical_products,1739086169,240683315.0
"China, Hong Kong SAR",2013,30_pharmaceutical_products,1188205996,2846077.0
"China, Hong Kong SAR",2013,31_fertilizers,2533390,2975668.0
"China, Hong Kong SAR",2013,38_miscellaneous_chemical_products,1523738233,324986969.0
"China, Hong Kong SAR",2014,30_pharmaceutical_products,1356100011,73513662.0
"China, Hong Kong SAR",2014,31_fertilizers,2124043,1673424.0
"China, Hong Kong SAR",2014,38_miscellaneous_chemical_products,1418623950,203065297.0
"China, Hong Kong SAR",2015,30_pharmaceutical_products,1458649936,47578178.0
"China, Hong Kong SAR",2015,31_fertilizers,1936417,1442419.0
"China, Hong Kong SAR",2015,38_miscellaneous_chemical_products,1360840144,139828875.0
"China, Hong Kong SAR",2016,30_pharmaceutical_products,1413699101,58100672.0
"China, Hong Kong SAR",2016,31_fertilizers,1843172,1016820.0
"China, Hong Kong SAR",2016,38_miscellaneous_chemical_products,1339101899,155173567.0
"China, Macao SAR",1991,30_pharmaceutical_products,2659688,689149.0
"China, Macao SAR",1991,31_fertilizers,2794,39601.0
"China, Macao SAR",1991,38_miscellaneous_chemical_products,326599,802848.0
"China, Macao SAR",1992,30_pharmaceutical_products,2215179,455594.0
"China, Macao SAR",1992,38_miscellaneous_chemical_products,579689,709286.0
"China, Macao SAR",1993,30_pharmaceutical_products,1945251,300726.0
"China, Macao SAR",1993,31_fertilizers,1147,4625.0
"China, Macao SAR",1993,38_miscellaneous_chemical_products,571299,481877.0
"China, Macao SAR",1994,30_pharmaceutical_products,1599942,280532.0
"China, Macao SAR",1994,38_miscellaneous_chemical_products,514093,297785.0
"China, Macao SAR",1995,30_pharmaceutical_products,1153782,153224.0
"China, Macao SAR",1995,38_miscellaneous_chemical_products,612875,374901.0
"China, Macao SAR",1996,30_pharmaceutical_products,814663,104900.0
"China, Macao SAR",1996,38_miscellaneous_chemical_products,733381,337198.0
"China, Macao SAR",1997,30_pharmaceutical_products,1007920,92144.0
"China, Macao SAR",1997,31_fertilizers,399,1500.0
"China, Macao SAR",1997,38_miscellaneous_chemical_products,725767,771666.0
"China, Macao SAR",1998,30_pharmaceutical_products,738648,0.0
"China, Macao SAR",1998,38_miscellaneous_chemical_products,768765,0.0
"China, Macao SAR",1999,30_pharmaceutical_products,547412,67629.0
"China, Macao SAR",1999,38_miscellaneous_chemical_products,1690755,1002240.0
"China, Macao SAR",2000,30_pharmaceutical_products,563584,58649.0
"China, Macao SAR",2000,31_fertilizers,358,1120.0
"China, Macao SAR",2000,38_miscellaneous_chemical_products,1671280,1177887.0
"China, Macao SAR",2001,30_pharmaceutical_products,1163331,51761.0
"China, Macao SAR",2001,31_fertilizers,512,1000.0
"China, Macao SAR",2001,38_miscellaneous_chemical_products,1801780,1202603.0
"China, Macao SAR",2002,30_pharmaceutical_products,1686283,60854.0
"China, Macao SAR",2002,38_miscellaneous_chemical_products,2419488,1289820.0
"China, Macao SAR",2003,30_pharmaceutical_products,2652751,108316.0
"China, Macao SAR",2003,38_miscellaneous_chemical_products,4647685,1275205.0
"China, Macao SAR",2004,30_pharmaceutical_products,2538179,123442.0
"China, Macao SAR",2004,38_miscellaneous_chemical_products,5708965,1345506.0
"China, Macao SAR",2005,30_pharmaceutical_products,2597933,141622.0
"China, Macao SAR",2005,38_miscellaneous_chemical_products,2461688,1065466.0
"China, Macao SAR",2006,30_pharmaceutical_products,3720370,184402.0
"China, Macao SAR",2006,38_miscellaneous_chemical_products,1527343,1124724.0
"China, Macao SAR",2007,30_pharmaceutical_products,3833701,155644.0
"China, Macao SAR",2007,38_miscellaneous_chemical_products,1046502,716616.0
"China, Macao SAR",2008,30_pharmaceutical_products,3197161,153185.0
"China, Macao SAR",2008,31_fertilizers,321,485.0
"China, Macao SAR",2008,38_miscellaneous_chemical_products,1246679,716919.0
"China, Macao SAR",2009,30_pharmaceutical_products,5404651,119529.0
"China, Macao SAR",2009,31_fertilizers,3159,2452.0
"China, Macao SAR",2009,38_miscellaneous_chemical_products,801477,574462.0
"China, Macao SAR",2011,30_pharmaceutical_products,942272,25533.0
"China, Macao SAR",2011,38_miscellaneous_chemical_products,61745,5768.0
"China, Macao SAR",2012,30_pharmaceutical_products,2638711,79931.0
"China, Macao SAR",2012,38_miscellaneous_chemical_products,679789,136606.0
"China, Macao SAR",2014,30_pharmaceutical_products,303697,144878.0
"China, Macao SAR",2014,38_miscellaneous_chemical_products,1292957,32219.0
"China, Macao SAR",2015,30_pharmaceutical_products,27050184,1332.0
"China, Macao SAR",2015,38_miscellaneous_chemical_products,43590,2220.0
Colombia,1991,30_pharmaceutical_products,20326059,3323041.0
Colombia,1991,31_fertilizers,2709507,13642109.0
Colombia,1991,38_miscellaneous_chemical_products,73649071,19602714.0
Colombia,1992,30_pharmaceutical_products,24828455,2816252.0
Colombia,1992,31_fertilizers,12079556,81491525.0
Colombia,1992,38_miscellaneous_chemical_products,92742400,22951629.0
Colombia,1993,30_pharmaceutical_products,35054103,4352026.0
Colombia,1993,31_fertilizers,7295754,48319535.0
Colombia,1993,38_miscellaneous_chemical_products,103228333,24804916.0
Colombia,1994,30_pharmaceutical_products,55372564,6226734.0
Colombia,1994,31_fertilizers,6135681,34177072.0
Colombia,1994,38_miscellaneous_chemical_products,111677180,28657599.0
Colombia,1995,30_pharmaceutical_products,93203306,8058370.0
Colombia,1995,31_fertilizers,8828371,41985047.0
Colombia,1995,38_miscellaneous_chemical_products,155787095,35670372.0
Colombia,1996,30_pharmaceutical_products,125235847,13034576.0
Colombia,1996,31_fertilizers,13241121,85134906.0
Colombia,1996,38_miscellaneous_chemical_products,176893039,36850813.0
Colombia,1997,30_pharmaceutical_products,173552614,15028245.0
Colombia,1997,31_fertilizers,11865015,50528774.0
Colombia,1997,38_miscellaneous_chemical_products,192263544,41808921.0
Colombia,1998,30_pharmaceutical_products,188777988,19286066.0
Colombia,1998,31_fertilizers,9887289,48871559.0
Colombia,1998,38_miscellaneous_chemical_products,210791643,48281182.0
Colombia,1999,30_pharmaceutical_products,172614996,15892923.0
Colombia,1999,31_fertilizers,8981671,41481517.0
Colombia,1999,38_miscellaneous_chemical_products,196723153,46445536.0
Colombia,2000,30_pharmaceutical_products,205055573,19068103.0
Colombia,2000,31_fertilizers,9976165,42607844.0
Colombia,2000,38_miscellaneous_chemical_products,201566271,49720911.0
Colombia,2001,30_pharmaceutical_products,249456554,22166072.0
Colombia,2001,31_fertilizers,8240958,35455208.0
Colombia,2001,38_miscellaneous_chemical_products,214522906,53971942.0
Colombia,2002,30_pharmaceutical_products,239082533,21477339.0
Colombia,2002,31_fertilizers,11781442,57270897.0
Colombia,2002,38_miscellaneous_chemical_products,207848117,56810569.0
Colombia,2003,30_pharmaceutical_products,217474251,27589501.0
Colombia,2003,31_fertilizers,13597363,75596844.0
Colombia,2003,38_miscellaneous_chemical_products,201588470,55831902.0
Colombia,2004,30_pharmaceutical_products,226462527,32636142.0
Colombia,2004,31_fertilizers,14489749,67384898.0
Colombia,2004,38_miscellaneous_chemical_products,235159005,66673640.0
Colombia,2005,30_pharmaceutical_products,259822730,38775660.0
Colombia,2005,31_fertilizers,16545286,63498504.0
Colombia,2005,38_miscellaneous_chemical_products,221796387,69256823.0
Colombia,2006,30_pharmaceutical_products,290248549,41166102.0
Colombia,2006,31_fertilizers,22644622,80294285.0
Colombia,2006,38_miscellaneous_chemical_products,212199003,77842441.0
Colombia,2007,30_pharmaceutical_products,303878801,45015688.0
Colombia,2007,31_fertilizers,36139845,97792472.0
Colombia,2007,38_miscellaneous_chemical_products,249561612,97180426.0
Colombia,2008,30_pharmaceutical_products,365230569,50364172.0
Colombia,2008,31_fertilizers,67338702,86685699.0
Colombia,2008,38_miscellaneous_chemical_products,256400796,95022503.0
Colombia,2009,30_pharmaceutical_products,405070370,45775262.0
Colombia,2009,31_fertilizers,52871324,100165018.0
Colombia,2009,38_miscellaneous_chemical_products,303980509,92956241.0
Colombia,2010,30_pharmaceutical_products,358543557,26977460.0
Colombia,2010,31_fertilizers,65704400,176263711.0
Colombia,2010,38_miscellaneous_chemical_products,294788277,103425888.0
Colombia,2011,30_pharmaceutical_products,409141365,27979820.0
Colombia,2011,31_fertilizers,98201927,209675191.0
Colombia,2011,38_miscellaneous_chemical_products,317431468,119964051.0
Colombia,2012,30_pharmaceutical_products,461433874,37031607.0
Colombia,2012,31_fertilizers,68971927,118567879.0
Colombia,2012,38_miscellaneous_chemical_products,371450844,129314327.0
Colombia,2013,30_pharmaceutical_products,497237029,45780183.0
Colombia,2013,31_fertilizers,86608791,168529660.0
Colombia,2013,38_miscellaneous_chemical_products,534235637,143142296.0
Colombia,2014,30_pharmaceutical_products,524181279,55045827.0
Colombia,2014,31_fertilizers,133584312,262556421.0
Colombia,2014,38_miscellaneous_chemical_products,483746871,148329175.0
Colombia,2015,30_pharmaceutical_products,503903113,48025214.0
Colombia,2015,31_fertilizers,142862658,270671122.0
Colombia,2015,38_miscellaneous_chemical_products,549675936,151600378.0
Colombia,2016,30_pharmaceutical_products,426903434,46805759.0
Colombia,2016,31_fertilizers,133043766,286433533.0
Colombia,2016,38_miscellaneous_chemical_products,511116456,136613973.0
Comoros,1997,30_pharmaceutical_products,74568,29680.0
Comoros,2000,30_pharmaceutical_products,13499,48.0
Comoros,2000,38_miscellaneous_chemical_products,205,110.0
Comoros,2001,38_miscellaneous_chemical_products,729,210.0
Comoros,2009,30_pharmaceutical_products,41032,3000.0
Comoros,2009,38_miscellaneous_chemical_products,157,150.0
Comoros,2010,30_pharmaceutical_products,6709,1560.0
Comoros,2011,30_pharmaceutical_products,1333,50.0
Congo,1993,30_pharmaceutical_products,96444,1200.0
Congo,1993,38_miscellaneous_chemical_products,26332,10000.0
Congo,1994,30_pharmaceutical_products,12802,260.0
Congo,1994,38_miscellaneous_chemical_products,895481,1791541.0
Congo,1995,31_fertilizers,115976,272507.0
Congo,1995,38_miscellaneous_chemical_products,2131518,3928994.0
Congo,2007,38_miscellaneous_chemical_products,855578,653999.0
Congo,2008,30_pharmaceutical_products,8920,591.0
Congo,2008,38_miscellaneous_chemical_products,477525,413040.0
Congo,2009,30_pharmaceutical_products,85032,6000.0
Congo,2009,31_fertilizers,31887,50000.0
Congo,2009,38_miscellaneous_chemical_products,1970608,457000.0
Congo,2010,30_pharmaceutical_products,81465,5636.0
Congo,2010,31_fertilizers,29509,50000.0
Congo,2010,38_miscellaneous_chemical_products,1869044,456706.0
Congo,2011,30_pharmaceutical_products,23914,543.0
Congo,2011,31_fertilizers,241270,249400.0
Congo,2011,38_miscellaneous_chemical_products,1918629,1873173.0
Congo,2012,30_pharmaceutical_products,166,8.0
Congo,2012,31_fertilizers,45061,65225.0
Congo,2012,38_miscellaneous_chemical_products,1971327,869543.0
Congo,2013,30_pharmaceutical_products,1123,21.0
Congo,2013,31_fertilizers,478,20147.0
Congo,2013,38_miscellaneous_chemical_products,748376,284550.0
Congo,2014,31_fertilizers,1581,58601.0
Congo,2014,38_miscellaneous_chemical_products,396817,76523.0
Costa Rica,1994,30_pharmaceutical_products,48400206,2732053.0
Costa Rica,1994,31_fertilizers,15702486,139789618.0
Costa Rica,1994,38_miscellaneous_chemical_products,10459123,4678155.0
Costa Rica,1995,30_pharmaceutical_products,54332959,2976343.0
Costa Rica,1995,31_fertilizers,22057387,94542000.0
Costa Rica,1995,38_miscellaneous_chemical_products,15512244,5408047.0
Costa Rica,1996,30_pharmaceutical_products,51591861,2838663.0
Costa Rica,1996,31_fertilizers,30672580,1085878104.0
Costa Rica,1996,38_miscellaneous_chemical_products,16089031,29463223.0
Costa Rica,1997,30_pharmaceutical_products,69882614,3274139.0
Costa Rica,1997,31_fertilizers,37371086,163735911.0
Costa Rica,1997,38_miscellaneous_chemical_products,19629036,7178227.0
Costa Rica,1998,30_pharmaceutical_products,85054305,3273100.0
Costa Rica,1998,31_fertilizers,29332704,138838223.0
Costa Rica,1998,38_miscellaneous_chemical_products,24258299,9594204.0
Costa Rica,1999,30_pharmaceutical_products,90959786,3616426.0
Costa Rica,1999,31_fertilizers,32042929,154086672.0
Costa Rica,1999,38_miscellaneous_chemical_products,27157984,10932472.0
Costa Rica,2000,30_pharmaceutical_products,138359528,3553623.0
Costa Rica,2000,31_fertilizers,14702473,65683047.0
Costa Rica,2000,38_miscellaneous_chemical_products,33064529,15304587.0
Costa Rica,2001,30_pharmaceutical_products,164186638,3503045.0
Costa Rica,2001,31_fertilizers,10463397,43408676.0
Costa Rica,2001,38_miscellaneous_chemical_products,38889768,16575726.0
Costa Rica,2002,30_pharmaceutical_products,174141486,3811299.0
Costa Rica,2002,31_fertilizers,9417669,41419831.0
Costa Rica,2002,38_miscellaneous_chemical_products,43314360,19201063.0
Costa Rica,2003,30_pharmaceutical_products,207465990,3760020.0
Costa Rica,2003,31_fertilizers,10453444,52162942.0
Costa Rica,2003,38_miscellaneous_chemical_products,51840871,27889731.0
Costa Rica,2004,30_pharmaceutical_products,230286434,3382990.0
Costa Rica,2004,31_fertilizers,9451669,36109399.0
Costa Rica,2004,38_miscellaneous_chemical_products,61554029,36357724.0
Costa Rica,2005,30_pharmaceutical_products,238312483,5049086.0
Costa Rica,2005,31_fertilizers,10830134,36381821.0
Costa Rica,2005,38_miscellaneous_chemical_products,81005403,46955203.0
Costa Rica,2006,30_pharmaceutical_products,140442931,2600629.0
Costa Rica,2006,31_fertilizers,14262715,46635882.0
Costa Rica,2006,38_miscellaneous_chemical_products,65539413,56069901.0
Costa Rica,2007,30_pharmaceutical_products,286806716,4158145.0
Costa Rica,2007,31_fertilizers,18607682,55042247.0
Costa Rica,2007,38_miscellaneous_chemical_products,22301182,36565778.0
Costa Rica,2008,30_pharmaceutical_products,326556025,6112997.0
Costa Rica,2008,31_fertilizers,40530846,62043684.0
Costa Rica,2008,38_miscellaneous_chemical_products,112491616,72034312.0
Costa Rica,2009,30_pharmaceutical_products,258677967,3798853.0
Costa Rica,2009,31_fertilizers,17244446,30030553.0
Costa Rica,2009,38_miscellaneous_chemical_products,82572235,48457924.0
Costa Rica,2010,30_pharmaceutical_products,300730132,6809645.0
Costa Rica,2010,31_fertilizers,24589344,54056904.0
Costa Rica,2010,38_miscellaneous_chemical_products,111153806,65637373.0
Costa Rica,2011,30_pharmaceutical_products,324096739,6590849.0
Costa Rica,2011,31_fertilizers,36323697,67892196.0
Costa Rica,2011,38_miscellaneous_chemical_products,119553286,66689572.0
Costa Rica,2012,30_pharmaceutical_products,224387395,6781541.0
Costa Rica,2012,31_fertilizers,50314438,86600857.0
Costa Rica,2012,38_miscellaneous_chemical_products,119113588,72320151.0
Costa Rica,2013,30_pharmaceutical_products,234992566,5641449.0
Costa Rica,2013,31_fertilizers,38329081,69900457.0
Costa Rica,2013,38_miscellaneous_chemical_products,122609526,75601412.0
Costa Rica,2014,30_pharmaceutical_products,231245077,4997200.0
Costa Rica,2014,31_fertilizers,39895332,78794878.0
Costa Rica,2014,38_miscellaneous_chemical_products,119485406,76415408.0
Costa Rica,2015,30_pharmaceutical_products,255938997,4913893.0
Costa Rica,2015,31_fertilizers,30221308,59736924.0
Costa Rica,2015,38_miscellaneous_chemical_products,120730756,81615084.0
Costa Rica,2016,30_pharmaceutical_products,266651177,5544919.0
Costa Rica,2016,31_fertilizers,26675856,62180355.0
Costa Rica,2016,38_miscellaneous_chemical_products,116281329,90979392.0
Croatia,1992,30_pharmaceutical_products,94825552,4156504.0
Croatia,1992,31_fertilizers,123305879,756928545.0
Croatia,1992,38_miscellaneous_chemical_products,45039151,18174997.0
Croatia,1993,30_pharmaceutical_products,66270174,2553227.0
Croatia,1993,31_fertilizers,77297976,633247589.0
Croatia,1993,38_miscellaneous_chemical_products,31640108,13282952.0
Croatia,1994,30_pharmaceutical_products,99559453,3603777.0
Croatia,1994,31_fertilizers,86216189,783791648.0
Croatia,1994,38_miscellaneous_chemical_products,25587362,14369400.0
Croatia,1995,30_pharmaceutical_products,88355973,3034000.0
Croatia,1995,31_fertilizers,112211141,733029000.0
Croatia,1995,38_miscellaneous_chemical_products,34131886,13577000.0
Croatia,1996,30_pharmaceutical_products,77038801,2822471.0
Croatia,1996,31_fertilizers,118182515,698162521.0
Croatia,1996,38_miscellaneous_chemical_products,35746684,10177302.0
Croatia,1997,30_pharmaceutical_products,94010175,2399178.0
Croatia,1997,31_fertilizers,86997651,607096424.0
Croatia,1997,38_miscellaneous_chemical_products,19467377,11480882.0
Croatia,1998,30_pharmaceutical_products,89303432,2102307.0
Croatia,1998,31_fertilizers,75583522,577307358.0
Croatia,1998,38_miscellaneous_chemical_products,18162555,17924244.0
Croatia,1999,30_pharmaceutical_products,79798888,2158198.0
Croatia,1999,31_fertilizers,72566824,647163531.0
Croatia,1999,38_miscellaneous_chemical_products,13763768,16147365.0
Croatia,2000,30_pharmaceutical_products,84376555,2471726.0
Croatia,2000,31_fertilizers,84209508,730828999.0
Croatia,2000,38_miscellaneous_chemical_products,10918749,11777220.0
Croatia,2001,30_pharmaceutical_products,86994581,2442245.0
Croatia,2001,31_fertilizers,68859290,540633659.0
Croatia,2001,38_miscellaneous_chemical_products,11552981,17204221.0
Croatia,2002,30_pharmaceutical_products,84453367,2474123.0
Croatia,2002,31_fertilizers,67748575,515226559.0
Croatia,2002,38_miscellaneous_chemical_products,13177653,28866863.0
Croatia,2003,30_pharmaceutical_products,105220489,2506555.0
Croatia,2003,31_fertilizers,102106480,651275394.0
Croatia,2003,38_miscellaneous_chemical_products,17887293,41667450.0
Croatia,2004,30_pharmaceutical_products,131814755,2078948.0
Croatia,2004,31_fertilizers,133809573,724269213.0
Croatia,2004,38_miscellaneous_chemical_products,27438580,53453456.0
Croatia,2005,30_pharmaceutical_products,164794403,2002831.0
Croatia,2005,31_fertilizers,143812744,700433387.0
Croatia,2005,38_miscellaneous_chemical_products,37452023,54275492.0
Croatia,2006,30_pharmaceutical_products,230502022,2244424.0
Croatia,2006,31_fertilizers,160829930,748601653.0
Croatia,2006,38_miscellaneous_chemical_products,34996203,61519328.0
Croatia,2007,30_pharmaceutical_products,281172351,3244954.0
Croatia,2007,31_fertilizers,229143910,790780070.0
Croatia,2007,38_miscellaneous_chemical_products,43296440,83984850.0
Croatia,2008,30_pharmaceutical_products,299489920,3282907.0
Croatia,2008,31_fertilizers,314019140,584190119.0
Croatia,2008,38_miscellaneous_chemical_products,52055628,87682668.0
Croatia,2009,30_pharmaceutical_products,317819819,3419682.0
Croatia,2009,31_fertilizers,159642913,638125314.0
Croatia,2009,38_miscellaneous_chemical_products,38867833,50772046.0
Croatia,2010,30_pharmaceutical_products,409718655,3361337.0
Croatia,2010,31_fertilizers,255288409,858727115.0
Croatia,2010,38_miscellaneous_chemical_products,46865213,55016452.0
Croatia,2011,30_pharmaceutical_products,496035281,3869544.0
Croatia,2011,31_fertilizers,381783369,879157990.0
Croatia,2011,38_miscellaneous_chemical_products,53066029,57311963.0
Croatia,2012,30_pharmaceutical_products,501819045,4428010.0
Croatia,2012,31_fertilizers,361187026,849159269.0
Croatia,2012,38_miscellaneous_chemical_products,36757953,53071372.0
Croatia,2013,30_pharmaceutical_products,520909850,1284297059.0
Croatia,2013,31_fertilizers,310485994,1752548775.0
Croatia,2013,38_miscellaneous_chemical_products,44996711,4114439958.0
Croatia,2014,30_pharmaceutical_products,524028190,3500199.0
Croatia,2014,31_fertilizers,286360377,847384247.0
Croatia,2014,38_miscellaneous_chemical_products,61680863,46040278.0
Croatia,2015,30_pharmaceutical_products,575897945,4696628.0
Croatia,2015,31_fertilizers,290233902,961130707.0
Croatia,2015,38_miscellaneous_chemical_products,70271233,67004979.0
Croatia,2016,30_pharmaceutical_products,932844279,6795514.0
Croatia,2016,31_fertilizers,206666576,874217118.0
Croatia,2016,38_miscellaneous_chemical_products,73264900,58632798.0
Cuba,1999,30_pharmaceutical_products,31650711,137671.0
Cuba,1999,31_fertilizers,36918,102175.0
Cuba,1999,38_miscellaneous_chemical_products,2058445,189028.0
Cuba,2000,30_pharmaceutical_products,33393781,195135.0
Cuba,2000,31_fertilizers,307597,972775.0
Cuba,2000,38_miscellaneous_chemical_products,1338346,184891.0
Cuba,2001,30_pharmaceutical_products,40939227,165035.0
Cuba,2001,31_fertilizers,12208,31289.0
Cuba,2001,38_miscellaneous_chemical_products,2040195,173348.0
Cuba,2002,30_pharmaceutical_products,51332339,207630.0
Cuba,2002,31_fertilizers,79465,939155.0
Cuba,2002,38_miscellaneous_chemical_products,2324846,141572.0
Cuba,2003,30_pharmaceutical_products,61992722,633217.0
Cuba,2003,31_fertilizers,1802992,3912497.0
Cuba,2003,38_miscellaneous_chemical_products,3325193,168643.0
Cuba,2004,30_pharmaceutical_products,165124419,2805376.0
Cuba,2004,31_fertilizers,1262629,7723800.0
Cuba,2004,38_miscellaneous_chemical_products,3375607,51198.0
Cuba,2005,30_pharmaceutical_products,255429681,3659381.0
Cuba,2005,31_fertilizers,3430016,10626252.0
Cuba,2005,38_miscellaneous_chemical_products,7314987,145630.0
Cuba,2006,30_pharmaceutical_products,280763239,4157704.0
Cuba,2006,31_fertilizers,542839,2008902.0
Cuba,2006,38_miscellaneous_chemical_products,9783815,211759.0
Cyprus,1989,30_pharmaceutical_products,14892947,33.0
Cyprus,1989,31_fertilizers,10591425,51693020.0
Cyprus,1989,38_miscellaneous_chemical_products,4275707,37090046.0
Cyprus,1990,30_pharmaceutical_products,19357693,0.0
Cyprus,1990,31_fertilizers,3603,1076.0
Cyprus,1990,38_miscellaneous_chemical_products,6851312,31722097.0
Cyprus,1991,30_pharmaceutical_products,23999737,0.0
Cyprus,1991,31_fertilizers,3003,445.0
Cyprus,1991,38_miscellaneous_chemical_products,2262714,26039398.0
Cyprus,1992,30_pharmaceutical_products,26605620,130.0
Cyprus,1992,31_fertilizers,696,5250.0
Cyprus,1992,38_miscellaneous_chemical_products,5618568,34947444.0
Cyprus,1993,30_pharmaceutical_products,26389379,992.0
Cyprus,1993,31_fertilizers,73312,63639.0
Cyprus,1993,38_miscellaneous_chemical_products,2754413,22092525.0
Cyprus,1994,30_pharmaceutical_products,33176122,310.0
Cyprus,1994,31_fertilizers,154132,61937.0
Cyprus,1994,38_miscellaneous_chemical_products,4367415,29035482.0
Cyprus,1995,30_pharmaceutical_products,39827419,53.0
Cyprus,1995,31_fertilizers,345401,154151.0
Cyprus,1995,38_miscellaneous_chemical_products,6418912,37530725.0
Cyprus,1996,30_pharmaceutical_products,42217731,1191606.0
Cyprus,1996,31_fertilizers,300419,142689.0
Cyprus,1996,38_miscellaneous_chemical_products,6758863,38935781.0
Cyprus,1997,30_pharmaceutical_products,38715038,1229067.0
Cyprus,1997,31_fertilizers,461948,269154.0
Cyprus,1997,38_miscellaneous_chemical_products,7038840,51873243.0
Cyprus,1998,30_pharmaceutical_products,39504266,1470060.0
Cyprus,1998,31_fertilizers,389672,235303.0
Cyprus,1998,38_miscellaneous_chemical_products,7799094,85259707.0
Cyprus,1999,30_pharmaceutical_products,52079660,1928432.0
Cyprus,1999,31_fertilizers,64318,67077.0
Cyprus,1999,38_miscellaneous_chemical_products,8188919,97431229.0
Cyprus,2000,30_pharmaceutical_products,50303099,1898222.0
Cyprus,2000,31_fertilizers,11538,5760.0
Cyprus,2000,38_miscellaneous_chemical_products,6387595,96548995.0
Cyprus,2001,30_pharmaceutical_products,61904506,2345305.0
Cyprus,2001,31_fertilizers,36308,30096.0
Cyprus,2001,38_miscellaneous_chemical_products,4377614,60672707.0
Cyprus,2002,30_pharmaceutical_products,70977658,2865662.0
Cyprus,2002,31_fertilizers,127904,103568.0
Cyprus,2002,38_miscellaneous_chemical_products,6368576,72045503.0
Cyprus,2003,30_pharmaceutical_products,75550568,2660461.0
Cyprus,2003,31_fertilizers,190181,158827.0
Cyprus,2003,38_miscellaneous_chemical_products,7623338,72608032.0
Cyprus,2004,30_pharmaceutical_products,109290048,2691176.0
Cyprus,2004,31_fertilizers,153135,92306.0
Cyprus,2004,38_miscellaneous_chemical_products,10531279,75345014.0
Cyprus,2005,30_pharmaceutical_products,129997690,3004869.0
Cyprus,2005,31_fertilizers,107297,42520.0
Cyprus,2005,38_miscellaneous_chemical_products,15811483,97881417.0
Cyprus,2006,30_pharmaceutical_products,146143320,3167482.0
Cyprus,2006,31_fertilizers,73696,34780.0
Cyprus,2006,38_miscellaneous_chemical_products,10646868,4362356.0
Cyprus,2007,30_pharmaceutical_products,183719962,3306139.0
Cyprus,2007,31_fertilizers,307730,76496.0
Cyprus,2007,38_miscellaneous_chemical_products,10585642,4350540.0
Cyprus,2008,30_pharmaceutical_products,228456432,3448589.0
Cyprus,2008,31_fertilizers,169900,27182.0
Cyprus,2008,38_miscellaneous_chemical_products,20312043,76321788.0
Cyprus,2009,30_pharmaceutical_products,195160325,3370700.0
Cyprus,2009,31_fertilizers,478671,1495421.0
Cyprus,2009,38_miscellaneous_chemical_products,18581977,63714588.0
Cyprus,2010,30_pharmaceutical_products,222858225,3867621.0
Cyprus,2010,31_fertilizers,332678,1210161.0
Cyprus,2010,38_miscellaneous_chemical_products,14750703,66353754.0
Cyprus,2011,30_pharmaceutical_products,280073258,3793004.0
Cyprus,2011,31_fertilizers,249405,76576.0
Cyprus,2011,38_miscellaneous_chemical_products,11483285,51329480.0
Cyprus,2012,30_pharmaceutical_products,283403734,4572249.0
Cyprus,2012,31_fertilizers,84243,105932.0
Cyprus,2012,38_miscellaneous_chemical_products,8689053,35625869.0
Cyprus,2013,30_pharmaceutical_products,309492880,5581280.0
Cyprus,2013,31_fertilizers,145558,161982.0
Cyprus,2013,38_miscellaneous_chemical_products,9598273,29369586.0
Cyprus,2014,30_pharmaceutical_products,311981867,5353275.0
Cyprus,2014,31_fertilizers,494049,1094076.0
Cyprus,2014,38_miscellaneous_chemical_products,8897953,25729761.0
Cyprus,2015,30_pharmaceutical_products,270609319,6054149.0
Cyprus,2015,31_fertilizers,320874,1070877.0
Cyprus,2015,38_miscellaneous_chemical_products,7986382,16444667.0
Cyprus,2016,30_pharmaceutical_products,279647181,5937889.0
Cyprus,2016,31_fertilizers,187350,602416.0
Cyprus,2016,38_miscellaneous_chemical_products,13149172,20376522.0
Czech Rep.,1993,30_pharmaceutical_products,96733724,7574460.0
Czech Rep.,1993,31_fertilizers,50005470,557496981.0
Czech Rep.,1993,38_miscellaneous_chemical_products,53855704,114347908.0
Czech Rep.,1994,30_pharmaceutical_products,116717000,8308196.0
Czech Rep.,1994,31_fertilizers,57980885,591531364.0
Czech Rep.,1994,38_miscellaneous_chemical_products,56581468,155848720.0
Czech Rep.,1995,30_pharmaceutical_products,149570099,11049597.0
Czech Rep.,1995,31_fertilizers,92841447,762331899.0
Czech Rep.,1995,38_miscellaneous_chemical_products,79041535,213816481.0
Czech Rep.,1996,30_pharmaceutical_products,173700528,9956048.0
Czech Rep.,1996,31_fertilizers,102593580,811132671.0
Czech Rep.,1996,38_miscellaneous_chemical_products,76172247,187481841.0
Czech Rep.,1997,30_pharmaceutical_products,175637800,10176990.0
Czech Rep.,1997,31_fertilizers,70696762,697699640.0
Czech Rep.,1997,38_miscellaneous_chemical_products,64913607,206948107.0
Czech Rep.,1998,30_pharmaceutical_products,176174896,10448300.0
Czech Rep.,1998,31_fertilizers,70029466,761208823.0
Czech Rep.,1998,38_miscellaneous_chemical_products,78801962,184783110.0
Czech Rep.,1999,30_pharmaceutical_products,172811665,11024011.0
Czech Rep.,1999,31_fertilizers,46494336,608453405.0
Czech Rep.,1999,38_miscellaneous_chemical_products,69204681,242647466.0
Czech Rep.,2000,30_pharmaceutical_products,174956437,12969255.0
Czech Rep.,2000,31_fertilizers,58444528,737847024.0
Czech Rep.,2000,38_miscellaneous_chemical_products,73939366,267502215.0
Czech Rep.,2001,30_pharmaceutical_products,226260545,16576393.0
Czech Rep.,2001,31_fertilizers,50340869,545064300.0
Czech Rep.,2001,38_miscellaneous_chemical_products,112897498,339802770.0
Czech Rep.,2002,30_pharmaceutical_products,275479029,16493475.0
Czech Rep.,2002,31_fertilizers,42811475,452894636.0
Czech Rep.,2002,38_miscellaneous_chemical_products,278820987,737601961.0
Czech Rep.,2003,30_pharmaceutical_products,306372097,21019780.0
Czech Rep.,2003,31_fertilizers,65594221,585722817.0
Czech Rep.,2003,38_miscellaneous_chemical_products,143354047,472119826.0
Czech Rep.,2004,30_pharmaceutical_products,435166667,110964134.0
Czech Rep.,2004,31_fertilizers,74769825,626227452.0
Czech Rep.,2004,38_miscellaneous_chemical_products,185829082,486043918.0
Czech Rep.,2005,30_pharmaceutical_products,564360492,27341445.0
Czech Rep.,2005,31_fertilizers,87782349,569070541.0
Czech Rep.,2005,38_miscellaneous_chemical_products,298536456,605275592.0
Czech Rep.,2006,30_pharmaceutical_products,761180525,27157097.0
Czech Rep.,2006,31_fertilizers,103512191,566439070.0
Czech Rep.,2006,38_miscellaneous_chemical_products,329508127,563827516.0
Czech Rep.,2007,30_pharmaceutical_products,1019187866,33276599.0
Czech Rep.,2007,31_fertilizers,141375363,665021959.0
Czech Rep.,2007,38_miscellaneous_chemical_products,358877692,518605883.0
Czech Rep.,2008,30_pharmaceutical_products,1258330340,36764409.0
Czech Rep.,2008,31_fertilizers,220506204,590941945.0
Czech Rep.,2008,38_miscellaneous_chemical_products,436743242,448360942.0
Czech Rep.,2009,30_pharmaceutical_products,1270200229,33931352.0
Czech Rep.,2009,31_fertilizers,145174513,569275730.0
Czech Rep.,2009,38_miscellaneous_chemical_products,365756928,451185617.0
Czech Rep.,2010,30_pharmaceutical_products,1454250903,32682485.0
Czech Rep.,2010,31_fertilizers,136562518,609922357.0
Czech Rep.,2010,38_miscellaneous_chemical_products,429950515,529870332.0
Czech Rep.,2011,30_pharmaceutical_products,1713292663,37315246.0
Czech Rep.,2011,31_fertilizers,206648766,623621720.0
Czech Rep.,2011,38_miscellaneous_chemical_products,717309403,589192787.0
Czech Rep.,2012,30_pharmaceutical_products,1577290655,38935639.0
Czech Rep.,2012,31_fertilizers,202047894,637687481.0
Czech Rep.,2012,38_miscellaneous_chemical_products,682493084,544032699.0
Czech Rep.,2013,30_pharmaceutical_products,1828641280,42752917.0
Czech Rep.,2013,31_fertilizers,158443616,513728595.0
Czech Rep.,2013,38_miscellaneous_chemical_products,705568683,626230133.0
Czech Rep.,2014,30_pharmaceutical_products,2636961819,45022118.0
Czech Rep.,2014,31_fertilizers,160842999,543350463.0
Czech Rep.,2014,38_miscellaneous_chemical_products,699841601,773073767.0
Czech Rep.,2015,30_pharmaceutical_products,2279273852,47358404.0
Czech Rep.,2015,31_fertilizers,141925347,549433659.0
Czech Rep.,2015,38_miscellaneous_chemical_products,627697820,856631383.0
Czech Rep.,2016,30_pharmaceutical_products,2356367271,49514871.0
Czech Rep.,2016,31_fertilizers,110261000,547305468.0
Czech Rep.,2016,38_miscellaneous_chemical_products,695479073,884756327.0
Côte d'Ivoire,1995,30_pharmaceutical_products,2094653,103038.0
Côte d'Ivoire,1995,31_fertilizers,44709997,133934165.0
Côte d'Ivoire,1995,38_miscellaneous_chemical_products,18088180,3667142.0
Côte d'Ivoire,1996,30_pharmaceutical_products,2365224,226029.0
Côte d'Ivoire,1996,31_fertilizers,39835127,122563665.0
Côte d'Ivoire,1996,38_miscellaneous_chemical_products,12508819,3920452.0
Côte d'Ivoire,1997,30_pharmaceutical_products,3248456,272469.0
Côte d'Ivoire,1997,31_fertilizers,54332681,226184610.0
Côte d'Ivoire,1997,38_miscellaneous_chemical_products,30933991,8842081.0
Côte d'Ivoire,1998,30_pharmaceutical_products,2103723,262839.0
Côte d'Ivoire,1998,31_fertilizers,59888734,231214939.0
Côte d'Ivoire,1998,38_miscellaneous_chemical_products,17835969,5995618.0
Côte d'Ivoire,1999,30_pharmaceutical_products,514413,103848.0
Côte d'Ivoire,1999,31_fertilizers,32049631,133795768.0
Côte d'Ivoire,1999,38_miscellaneous_chemical_products,19357888,6526302.0
Côte d'Ivoire,2000,30_pharmaceutical_products,437199,215692.0
Côte d'Ivoire,2000,31_fertilizers,8606213,38457129.0
Côte d'Ivoire,2000,38_miscellaneous_chemical_products,10965245,5630769.0
Côte d'Ivoire,2001,30_pharmaceutical_products,1326865,250355.0
Côte d'Ivoire,2001,31_fertilizers,25240800,104712938.0
Côte d'Ivoire,2001,38_miscellaneous_chemical_products,12900766,6408488.0
Côte d'Ivoire,2002,30_pharmaceutical_products,1276634,91740.0
Côte d'Ivoire,2002,31_fertilizers,46169569,172917199.0
Côte d'Ivoire,2002,38_miscellaneous_chemical_products,20879748,7669369.0
Côte d'Ivoire,2003,30_pharmaceutical_products,2164099,155273.0
Côte d'Ivoire,2003,31_fertilizers,21049465,64098290.0
Côte d'Ivoire,2003,38_miscellaneous_chemical_products,12999015,5374455.0
Côte d'Ivoire,2004,30_pharmaceutical_products,1872715,125578.0
Côte d'Ivoire,2004,31_fertilizers,41045950,102730055.0
Côte d'Ivoire,2004,38_miscellaneous_chemical_products,21396788,6161465.0
Côte d'Ivoire,2005,30_pharmaceutical_products,2400065,88880.0
Côte d'Ivoire,2005,31_fertilizers,56851105,140152788.0
Côte d'Ivoire,2005,38_miscellaneous_chemical_products,19898410,4954480.0
Côte d'Ivoire,2006,30_pharmaceutical_products,3585030,151613.0
Côte d'Ivoire,2006,31_fertilizers,58711025,144022796.0
Côte d'Ivoire,2006,38_miscellaneous_chemical_products,15008650,3375472.0
Côte d'Ivoire,2007,30_pharmaceutical_products,3376284,164859.0
Côte d'Ivoire,2007,31_fertilizers,26799618,59686259.0
Côte d'Ivoire,2007,38_miscellaneous_chemical_products,13886510,2794372.0
Côte d'Ivoire,2008,30_pharmaceutical_products,4541502,159544.0
Côte d'Ivoire,2008,31_fertilizers,40668432,68764916.0
Côte d'Ivoire,2008,38_miscellaneous_chemical_products,15386209,5872687.0
Côte d'Ivoire,2009,30_pharmaceutical_products,3807549,165719.0
Côte d'Ivoire,2009,31_fertilizers,15675952,26215026.0
Côte d'Ivoire,2009,38_miscellaneous_chemical_products,17488201,5960047.0
Côte d'Ivoire,2010,30_pharmaceutical_products,5555992,234903.0
Côte d'Ivoire,2010,31_fertilizers,13661668,25659512.0
Côte d'Ivoire,2010,38_miscellaneous_chemical_products,8732520,8956524.0
Côte d'Ivoire,2011,30_pharmaceutical_products,3944395,153722.0
Côte d'Ivoire,2011,31_fertilizers,5073600,12159797.0
Côte d'Ivoire,2011,38_miscellaneous_chemical_products,20362030,10119221.0
Côte d'Ivoire,2012,30_pharmaceutical_products,6301018,437249.0
Côte d'Ivoire,2012,31_fertilizers,17370011,28875628.0
Côte d'Ivoire,2012,38_miscellaneous_chemical_products,17283317,8348525.0
Côte d'Ivoire,2013,30_pharmaceutical_products,5076429,324481.0
Côte d'Ivoire,2013,31_fertilizers,31449786,59517937.0
Côte d'Ivoire,2013,38_miscellaneous_chemical_products,10249597,4986813.0
Côte d'Ivoire,2014,30_pharmaceutical_products,5452384,207516.0
Côte d'Ivoire,2014,31_fertilizers,33594770,73611557.0
Côte d'Ivoire,2014,38_miscellaneous_chemical_products,15917475,7711409.0
Côte d'Ivoire,2015,30_pharmaceutical_products,5026610,270098.0
Côte d'Ivoire,2015,31_fertilizers,22391221,54490450.0
Côte d'Ivoire,2015,38_miscellaneous_chemical_products,6674959,2348005.0
Denmark,1989,30_pharmaceutical_products,745977370,8677334.0
Denmark,1989,31_fertilizers,92514832,626948191.0
Denmark,1989,38_miscellaneous_chemical_products,110823320,69288178.0
Denmark,1990,30_pharmaceutical_products,974311410,9593450.0
Denmark,1990,31_fertilizers,78113467,458922339.0
Denmark,1990,38_miscellaneous_chemical_products,134579972,77462055.0
Denmark,1991,30_pharmaceutical_products,987824671,10554250.0
Denmark,1991,31_fertilizers,61473412,364576757.0
Denmark,1991,38_miscellaneous_chemical_products,133996600,75155809.0
Denmark,1992,30_pharmaceutical_products,1261273358,12486188.0
Denmark,1992,31_fertilizers,55639350,349336002.0
Denmark,1992,38_miscellaneous_chemical_products,150543140,78525208.0
Denmark,1993,30_pharmaceutical_products,1166626378,5566866.0
Denmark,1993,31_fertilizers,78887249,444428000.0
Denmark,1993,38_miscellaneous_chemical_products,123366801,49364169.0
Denmark,1994,30_pharmaceutical_products,1382522115,12566907.0
Denmark,1994,31_fertilizers,70767484,403359225.0
Denmark,1994,38_miscellaneous_chemical_products,151131690,53979735.0
Denmark,1995,30_pharmaceutical_products,1933733181,13625008.0
Denmark,1995,31_fertilizers,98606044,478557015.0
Denmark,1995,38_miscellaneous_chemical_products,187183798,52872387.0
Denmark,1996,30_pharmaceutical_products,1975408160,14541258.0
Denmark,1996,31_fertilizers,66750066,301297211.0
Denmark,1996,38_miscellaneous_chemical_products,162654445,55149578.0
Denmark,1997,30_pharmaceutical_products,1979920512,15149842.0
Denmark,1997,31_fertilizers,98264278,498100912.0
Denmark,1997,38_miscellaneous_chemical_products,253860485,75635987.0
Denmark,1998,30_pharmaceutical_products,1976792092,14106393.0
Denmark,1998,31_fertilizers,57746710,263198798.0
Denmark,1998,38_miscellaneous_chemical_products,252907544,112168634.0
Denmark,1999,30_pharmaceutical_products,2509896527,18478414.0
Denmark,1999,31_fertilizers,79929231,413257827.0
Denmark,1999,38_miscellaneous_chemical_products,281236896,116746122.0
Denmark,2000,30_pharmaceutical_products,2532177911,20390268.0
Denmark,2000,31_fertilizers,77346759,453442285.0
Denmark,2000,38_miscellaneous_chemical_products,225143325,93746169.0
Denmark,2001,30_pharmaceutical_products,3004631100,20381301.0
Denmark,2001,31_fertilizers,59364672,316466345.0
Denmark,2001,38_miscellaneous_chemical_products,228417232,93834781.0
Denmark,2002,30_pharmaceutical_products,3364274821,24214779.0
Denmark,2002,31_fertilizers,83925656,496111477.0
Denmark,2002,38_miscellaneous_chemical_products,268370411,100408851.0
Denmark,2003,30_pharmaceutical_products,4290536914,22192104.0
Denmark,2003,31_fertilizers,106734624,503387495.0
Denmark,2003,38_miscellaneous_chemical_products,353127800,143479866.0
Denmark,2004,30_pharmaceutical_products,4872335424,23830282.0
Denmark,2004,31_fertilizers,78487464,295213784.0
Denmark,2004,38_miscellaneous_chemical_products,421082496,171247819.0
Denmark,2005,30_pharmaceutical_products,5545603970,23502115.0
Denmark,2005,31_fertilizers,19370469,74487628.0
Denmark,2005,38_miscellaneous_chemical_products,439759599,138142439.0
Denmark,2006,30_pharmaceutical_products,5955232667,30476672.0
Denmark,2006,31_fertilizers,24226917,90089407.0
Denmark,2006,38_miscellaneous_chemical_products,508234723,222370055.0
Denmark,2007,30_pharmaceutical_products,6669346637,28484686.0
Denmark,2007,31_fertilizers,22106836,56917912.0
Denmark,2007,38_miscellaneous_chemical_products,655445956,270641935.0
Denmark,2008,30_pharmaceutical_products,7381550324,28871465.0
Denmark,2008,31_fertilizers,58277714,94706563.0
Denmark,2008,38_miscellaneous_chemical_products,850595577,254506740.0
Denmark,2009,30_pharmaceutical_products,7104660898,26484933.0
Denmark,2009,31_fertilizers,24732978,58686776.0
Denmark,2009,38_miscellaneous_chemical_products,867309108,530164611.0
Denmark,2010,30_pharmaceutical_products,4436312594,21835430.0
Denmark,2010,31_fertilizers,30180143,94633057.0
Denmark,2010,38_miscellaneous_chemical_products,995036825,551187251.0
Denmark,2011,30_pharmaceutical_products,5251962905,22418735.0
Denmark,2011,31_fertilizers,68575195,173246288.0
Denmark,2011,38_miscellaneous_chemical_products,1566126982,596193074.0
Denmark,2012,30_pharmaceutical_products,5059602066,24351442.0
Denmark,2012,31_fertilizers,117937737,322033896.0
Denmark,2012,38_miscellaneous_chemical_products,1383628095,269501351.0
Denmark,2013,30_pharmaceutical_products,5770913369,23032268.0
Denmark,2013,31_fertilizers,103385904,284417098.0
Denmark,2013,38_miscellaneous_chemical_products,1578907271,278306533.0
Denmark,2014,30_pharmaceutical_products,5879540467,24914350.0
Denmark,2014,31_fertilizers,105327388,288216540.0
Denmark,2014,38_miscellaneous_chemical_products,1715159605,298827380.0
Denmark,2015,30_pharmaceutical_products,5324122408,26323261.0
Denmark,2015,31_fertilizers,86575993,275957574.0
Denmark,2015,38_miscellaneous_chemical_products,1282879687,241788849.0
Denmark,2016,30_pharmaceutical_products,5221144554,29483185.0
Denmark,2016,31_fertilizers,66984880,270470708.0
Denmark,2016,38_miscellaneous_chemical_products,1292479257,297845457.0
Djibouti,2009,30_pharmaceutical_products,107767,18535.0
Djibouti,2009,31_fertilizers,40502,68000.0
Djibouti,2009,38_miscellaneous_chemical_products,207865,46673.0
Dominica,1993,30_pharmaceutical_products,18006,989.0
Dominica,1993,38_miscellaneous_chemical_products,273862,202514.0
Dominica,1994,30_pharmaceutical_products,8985,277.0
Dominica,1994,38_miscellaneous_chemical_products,184580,118526.0
Dominica,1995,30_pharmaceutical_products,2381,46.0
Dominica,1995,31_fertilizers,166,132.0
Dominica,1995,38_miscellaneous_chemical_products,353454,318691.0
Dominica,1996,30_pharmaceutical_products,655,28.0
Dominica,1996,38_miscellaneous_chemical_products,628910,490776.0
Dominica,1997,30_pharmaceutical_products,2000,292.0
Dominica,1997,38_miscellaneous_chemical_products,1490003,1153148.0
Dominica,1999,30_pharmaceutical_products,30438,3702.0
Dominica,1999,31_fertilizers,71,448.0
Dominica,1999,38_miscellaneous_chemical_products,1202770,1034307.0
Dominica,2000,30_pharmaceutical_products,1731,31.0
Dominica,2000,31_fertilizers,2,2.0
Dominica,2000,38_miscellaneous_chemical_products,1880283,1726072.0
Dominica,2001,30_pharmaceutical_products,487,52.0
Dominica,2001,31_fertilizers,67,180.0
Dominica,2001,38_miscellaneous_chemical_products,1556698,1530205.0
Dominica,2002,38_miscellaneous_chemical_products,1638860,1638252.0
Dominica,2003,30_pharmaceutical_products,513,45.0
Dominica,2003,38_miscellaneous_chemical_products,1643833,1642536.0
Dominica,2004,30_pharmaceutical_products,2073,234.0
Dominica,2004,31_fertilizers,3,68.0
Dominica,2004,38_miscellaneous_chemical_products,1754064,1672923.0
Dominica,2005,30_pharmaceutical_products,4534,70.0
Dominica,2005,31_fertilizers,74,181.0
Dominica,2005,38_miscellaneous_chemical_products,1693315,1693944.0
Dominica,2006,30_pharmaceutical_products,58,10.0
Dominica,2006,38_miscellaneous_chemical_products,1830069,1916975.0
Dominica,2007,30_pharmaceutical_products,71,1.0
Dominica,2007,38_miscellaneous_chemical_products,1229455,1383605.0
Dominica,2008,30_pharmaceutical_products,129,10.0
Dominica,2008,38_miscellaneous_chemical_products,143687,119433.0
Dominica,2009,30_pharmaceutical_products,4967,411.0
Dominica,2009,31_fertilizers,28,50.0
Dominica,2009,38_miscellaneous_chemical_products,49928,17351.0
Dominica,2010,30_pharmaceutical_products,3440,550.0
Dominica,2010,31_fertilizers,28,50.0
Dominica,2010,38_miscellaneous_chemical_products,19998,4003.0
Dominica,2012,30_pharmaceutical_products,6591,290.0
Dominica,2012,38_miscellaneous_chemical_products,19277,2058.0
Dominican Rep.,1996,30_pharmaceutical_products,1786618,244041.0
Dominican Rep.,1996,31_fertilizers,5189271,59407193.0
Dominican Rep.,1996,38_miscellaneous_chemical_products,175507,147822.0
Dominican Rep.,1997,30_pharmaceutical_products,1945239,331286.0
Dominican Rep.,1997,31_fertilizers,2312147,42706817.0
Dominican Rep.,1997,38_miscellaneous_chemical_products,551501,416289.0
Dominican Rep.,2001,30_pharmaceutical_products,2303000,301877.0
Dominican Rep.,2001,31_fertilizers,3851000,57751178.0
Dominican Rep.,2001,38_miscellaneous_chemical_products,1005000,939679.0
Dominican Rep.,2002,30_pharmaceutical_products,8659846,1524099.0
Dominican Rep.,2002,31_fertilizers,2771365,49124644.0
Dominican Rep.,2002,38_miscellaneous_chemical_products,1541495,1291120.0
Dominican Rep.,2003,30_pharmaceutical_products,12908721,1029045.0
Dominican Rep.,2003,31_fertilizers,4909101,75580561.0
Dominican Rep.,2003,38_miscellaneous_chemical_products,2279410,1964477.0
Dominican Rep.,2004,30_pharmaceutical_products,10412809,870609.0
Dominican Rep.,2004,31_fertilizers,3010264,70561339.0
Dominican Rep.,2004,38_miscellaneous_chemical_products,1652249,2214589.0
Dominican Rep.,2005,30_pharmaceutical_products,18342275,1868067.0
Dominican Rep.,2005,31_fertilizers,3879618,38559510.0
Dominican Rep.,2005,38_miscellaneous_chemical_products,1506548,1798383.0
Dominican Rep.,2006,30_pharmaceutical_products,26036409,1917457.0
Dominican Rep.,2006,31_fertilizers,6283582,38956223.0
Dominican Rep.,2006,38_miscellaneous_chemical_products,1489557,2016790.0
Dominican Rep.,2007,30_pharmaceutical_products,17445891,1330801.0
Dominican Rep.,2007,31_fertilizers,19732386,74368505.0
Dominican Rep.,2007,38_miscellaneous_chemical_products,510793,640690.0
Dominican Rep.,2008,30_pharmaceutical_products,50193948,1696845.0
Dominican Rep.,2008,31_fertilizers,47550997,73916825.0
Dominican Rep.,2008,38_miscellaneous_chemical_products,669570,1203965.0
Dominican Rep.,2009,30_pharmaceutical_products,35610463,3118907.0
Dominican Rep.,2009,31_fertilizers,32295667,60824671.0
Dominican Rep.,2009,38_miscellaneous_chemical_products,750597,761479.0
Dominican Rep.,2010,30_pharmaceutical_products,118733085,5463217.0
Dominican Rep.,2010,31_fertilizers,43680753,91240249.0
Dominican Rep.,2010,38_miscellaneous_chemical_products,654148,773246.0
Dominican Rep.,2011,30_pharmaceutical_products,125163499,5145858.0
Dominican Rep.,2011,31_fertilizers,26844938,47725119.0
Dominican Rep.,2011,38_miscellaneous_chemical_products,3807294,4463915.0
Dominican Rep.,2012,30_pharmaceutical_products,205668345,32182559.0
Dominican Rep.,2012,31_fertilizers,41216726,482979667.0
Dominican Rep.,2012,38_miscellaneous_chemical_products,4136692,2458401.0
Dominican Rep.,2013,30_pharmaceutical_products,185399564,7141081.0
Dominican Rep.,2013,31_fertilizers,33959357,67630493.0
Dominican Rep.,2013,38_miscellaneous_chemical_products,5758121,4456705.0
Dominican Rep.,2014,30_pharmaceutical_products,171864251,3719287.0
Dominican Rep.,2014,31_fertilizers,42796870,84088690.0
Dominican Rep.,2014,38_miscellaneous_chemical_products,10120064,4293758.0
Dominican Rep.,2015,30_pharmaceutical_products,184711572,4166492.0
Dominican Rep.,2015,31_fertilizers,27462399,57410854.0
Dominican Rep.,2015,38_miscellaneous_chemical_products,11455940,4621466.0
Dominican Rep.,2016,30_pharmaceutical_products,179546054,5230687.0
Dominican Rep.,2016,31_fertilizers,28879229,72720810.0
Dominican Rep.,2016,38_miscellaneous_chemical_products,16440094,5189900.0
EU-28,2000,30_pharmaceutical_products,27396692155,369190677.0
EU-28,2000,31_fertilizers,805495745,6410376947.0
EU-28,2000,38_miscellaneous_chemical_products,9451699861,4176413625.0
EU-28,2001,30_pharmaceutical_products,32904871690,410470909.0
EU-28,2001,31_fertilizers,805682301,6223729440.0
EU-28,2001,38_miscellaneous_chemical_products,9838952382,4377237671.0
EU-28,2002,30_pharmaceutical_products,42860481045,442929596.0
EU-28,2002,31_fertilizers,1100607298,8490430674.0
EU-28,2002,38_miscellaneous_chemical_products,10900458919,4966276943.0
EU-28,2003,30_pharmaceutical_products,51655948256,481782291.0
EU-28,2003,31_fertilizers,1349640703,9060618536.0
EU-28,2003,38_miscellaneous_chemical_products,13017186771,4859709821.0
EU-28,2004,30_pharmaceutical_products,61501167921,506742127.0
EU-28,2004,31_fertilizers,1477273740,8008434449.0
EU-28,2004,38_miscellaneous_chemical_products,15133519457,5146912398.0
EU-28,2005,30_pharmaceutical_products,67634535121,514074109.0
EU-28,2005,31_fertilizers,1930178556,10043326720.0
EU-28,2005,38_miscellaneous_chemical_products,15866313462,5475006550.0
EU-28,2006,30_pharmaceutical_products,79140549427,565305992.0
EU-28,2006,31_fertilizers,2013339110,9005600631.0
EU-28,2006,38_miscellaneous_chemical_products,17859079115,6236414053.0
EU-28,2007,30_pharmaceutical_products,93891663575,620449868.0
EU-28,2007,31_fertilizers,2717807864,9883805792.0
EU-28,2007,38_miscellaneous_chemical_products,20442423669,6629614519.0
EU-28,2008,30_pharmaceutical_products,102849856736,680301275.0
EU-28,2008,31_fertilizers,3693342922,6918165976.0
EU-28,2008,38_miscellaneous_chemical_products,23882345597,7022379075.0
EU-28,2009,30_pharmaceutical_products,106192052587,674497104.0
EU-28,2009,31_fertilizers,2410855931,7937708195.0
EU-28,2009,38_miscellaneous_chemical_products,21246396556,6162654279.0
EU-28,2010,30_pharmaceutical_products,114754874920,748152211.0
EU-28,2010,31_fertilizers,2678458671,7984101775.0
EU-28,2010,38_miscellaneous_chemical_products,24469830084,7300641943.0
EU-28,2011,30_pharmaceutical_products,130534206869,812285033.0
EU-28,2011,31_fertilizers,4266450117,10137595212.0
EU-28,2011,38_miscellaneous_chemical_products,27992560567,7402483338.0
EU-28,2012,30_pharmaceutical_products,135346881264,894964995.0
EU-28,2012,31_fertilizers,4357032213,10299486527.0
EU-28,2012,38_miscellaneous_chemical_products,28072464015,7761138847.0
EU-28,2013,30_pharmaceutical_products,137911444047,924083092.0
EU-28,2013,31_fertilizers,3745558320,9225056692.0
EU-28,2013,38_miscellaneous_chemical_products,29958288279,7796528159.0
EU-28,2014,30_pharmaceutical_products,147625372405,972166893.0
EU-28,2014,31_fertilizers,3476736352,8930830987.0
EU-28,2014,38_miscellaneous_chemical_products,30442893246,7789152199.0
EU-28,2015,30_pharmaceutical_products,149001254077,1001028333.0
EU-28,2015,31_fertilizers,3160121617,8716519474.0
EU-28,2015,38_miscellaneous_chemical_products,27378336001,7903187257.0
Ecuador,1991,30_pharmaceutical_products,2919695,961191.0
Ecuador,1991,31_fertilizers,383209,1928250.0
Ecuador,1991,38_miscellaneous_chemical_products,701447,480594.0
Ecuador,1992,30_pharmaceutical_products,4352650,1346382.0
Ecuador,1992,31_fertilizers,849746,4334000.0
Ecuador,1992,38_miscellaneous_chemical_products,808573,539803.0
Ecuador,1993,30_pharmaceutical_products,7964079,560016.0
Ecuador,1993,31_fertilizers,1440774,7425375.0
Ecuador,1993,38_miscellaneous_chemical_products,816555,321759.0
Ecuador,1994,30_pharmaceutical_products,10642360,550901.0
Ecuador,1994,31_fertilizers,803306,4025000.0
Ecuador,1994,38_miscellaneous_chemical_products,756558,479490.0
Ecuador,1995,30_pharmaceutical_products,22098772,1122994.0
Ecuador,1995,31_fertilizers,899,97.0
Ecuador,1995,38_miscellaneous_chemical_products,1274479,665658.0
Ecuador,1996,30_pharmaceutical_products,22863379,1153399.0
Ecuador,1996,31_fertilizers,632028,3126123.0
Ecuador,1996,38_miscellaneous_chemical_products,706447,345282.0
Ecuador,1997,30_pharmaceutical_products,25017503,1540402.0
Ecuador,1997,31_fertilizers,810584,3098125.0
Ecuador,1997,38_miscellaneous_chemical_products,962933,425022.0
Ecuador,1998,30_pharmaceutical_products,27692112,5832189.0
Ecuador,1998,31_fertilizers,195713,535304.0
Ecuador,1998,38_miscellaneous_chemical_products,1364036,762706.0
Ecuador,1999,30_pharmaceutical_products,30508050,1659209.0
Ecuador,1999,31_fertilizers,81093,397416.0
Ecuador,1999,38_miscellaneous_chemical_products,3088070,865034.0
Ecuador,2000,30_pharmaceutical_products,27937522,1259080.0
Ecuador,2000,31_fertilizers,66723,9009.0
Ecuador,2000,38_miscellaneous_chemical_products,1249704,485686.0
Ecuador,2001,30_pharmaceutical_products,32880474,8303018.0
Ecuador,2001,31_fertilizers,240106,341727.0
Ecuador,2001,38_miscellaneous_chemical_products,2287626,861091.0
Ecuador,2002,30_pharmaceutical_products,37047248,1903521.0
Ecuador,2002,31_fertilizers,364517,971286.0
Ecuador,2002,38_miscellaneous_chemical_products,2974165,1234765.0
Ecuador,2003,30_pharmaceutical_products,43046836,1095179.0
Ecuador,2003,31_fertilizers,485806,1023319.0
Ecuador,2003,38_miscellaneous_chemical_products,4804975,2227640.0
Ecuador,2004,30_pharmaceutical_products,44143918,991694.0
Ecuador,2004,31_fertilizers,504586,994928.0
Ecuador,2004,38_miscellaneous_chemical_products,8853399,4064784.0
Ecuador,2005,30_pharmaceutical_products,32219222,3311941.0
Ecuador,2005,31_fertilizers,430624,837228.0
Ecuador,2005,38_miscellaneous_chemical_products,9878343,4013221.0
Ecuador,2006,30_pharmaceutical_products,44458212,2344819.0
Ecuador,2006,31_fertilizers,368170,449198.0
Ecuador,2006,38_miscellaneous_chemical_products,39305770,42870862.0
Ecuador,2007,30_pharmaceutical_products,29045652,1158793.0
Ecuador,2007,31_fertilizers,1309932,2128152.0
Ecuador,2007,38_miscellaneous_chemical_products,23606678,21196801.0
Ecuador,2008,30_pharmaceutical_products,33821656,756416.0
Ecuador,2008,31_fertilizers,2203162,3414664.0
Ecuador,2008,38_miscellaneous_chemical_products,27527469,8742472.0
Ecuador,2009,30_pharmaceutical_products,43876386,681396.0
Ecuador,2009,31_fertilizers,2003441,2389624.0
Ecuador,2009,38_miscellaneous_chemical_products,14668216,9491237.0
Ecuador,2010,30_pharmaceutical_products,53401141,752704.0
Ecuador,2010,31_fertilizers,25582217,6321879.0
Ecuador,2010,38_miscellaneous_chemical_products,17033103,9496755.0
Ecuador,2011,30_pharmaceutical_products,32028016,637141.0
Ecuador,2011,31_fertilizers,9335743,2260560.0
Ecuador,2011,38_miscellaneous_chemical_products,17107744,5087913.0
Ecuador,2012,30_pharmaceutical_products,29815109,706868.0
Ecuador,2012,31_fertilizers,4385505,5195751.0
Ecuador,2012,38_miscellaneous_chemical_products,34292822,20086799.0
Ecuador,2013,30_pharmaceutical_products,24355859,585867.0
Ecuador,2013,31_fertilizers,2364241,1081962.0
Ecuador,2013,38_miscellaneous_chemical_products,54484479,52020016.0
Ecuador,2014,30_pharmaceutical_products,44315521,709258.0
Ecuador,2014,31_fertilizers,2721518,1505306.0
Ecuador,2014,38_miscellaneous_chemical_products,20120936,2923680.0
Ecuador,2015,30_pharmaceutical_products,64764642,760183.0
Ecuador,2015,31_fertilizers,2646875,1107405.0
Ecuador,2015,38_miscellaneous_chemical_products,11212537,2943213.0
Ecuador,2016,30_pharmaceutical_products,49819031,995707.0
Ecuador,2016,31_fertilizers,2559500,1332239.0
Ecuador,2016,38_miscellaneous_chemical_products,24206141,18457253.0
Egypt,1994,30_pharmaceutical_products,27828787,4987907.0
Egypt,1994,31_fertilizers,52921221,518699095.0
Egypt,1994,38_miscellaneous_chemical_products,13434680,18298215.0
Egypt,1995,30_pharmaceutical_products,34940049,5368958.0
Egypt,1995,31_fertilizers,65118674,481634645.0
Egypt,1995,38_miscellaneous_chemical_products,20944088,26322583.0
Egypt,1996,30_pharmaceutical_products,41021191,6524361.0
Egypt,1996,31_fertilizers,14724119,87286129.0
Egypt,1996,38_miscellaneous_chemical_products,20331588,25508281.0
Egypt,1997,30_pharmaceutical_products,55603482,7634502.0
Egypt,1997,31_fertilizers,20660609,146434233.0
Egypt,1997,38_miscellaneous_chemical_products,25412635,34843199.0
Egypt,1998,30_pharmaceutical_products,62872499,8554377.0
Egypt,1998,31_fertilizers,42802668,351012003.0
Egypt,1998,38_miscellaneous_chemical_products,22112986,29997812.0
Egypt,1999,30_pharmaceutical_products,47454976,7619094.0
Egypt,1999,31_fertilizers,57885447,595812286.0
Egypt,1999,38_miscellaneous_chemical_products,21959675,29946450.0
Egypt,2000,30_pharmaceutical_products,49696504,7392642.0
Egypt,2000,31_fertilizers,77728716,638257412.0
Egypt,2000,38_miscellaneous_chemical_products,20509403,31881935.0
Egypt,2001,30_pharmaceutical_products,48914700,5803098.0
Egypt,2001,31_fertilizers,67720477,556209704.0
Egypt,2001,38_miscellaneous_chemical_products,16034541,20968166.0
Egypt,2002,30_pharmaceutical_products,65541901,8456562.0
Egypt,2002,31_fertilizers,43689986,400933133.0
Egypt,2002,38_miscellaneous_chemical_products,8160203,12973977.0
Egypt,2003,30_pharmaceutical_products,49047634,8600497.0
Egypt,2003,31_fertilizers,69843039,521435057.0
Egypt,2003,38_miscellaneous_chemical_products,7388348,16295184.0
Egypt,2004,30_pharmaceutical_products,42819173,7809337.0
Egypt,2004,31_fertilizers,14911873,64968146.0
Egypt,2004,38_miscellaneous_chemical_products,18571992,37642081.0
Egypt,2005,30_pharmaceutical_products,65110877,11755461.0
Egypt,2005,31_fertilizers,38676270,148434379.0
Egypt,2005,38_miscellaneous_chemical_products,14650357,41344805.0
Egypt,2006,30_pharmaceutical_products,63628562,9165862.0
Egypt,2006,31_fertilizers,78482415,324267168.0
Egypt,2006,38_miscellaneous_chemical_products,14162279,38397689.0
Egypt,2007,30_pharmaceutical_products,92726623,13139888.0
Egypt,2007,31_fertilizers,77407991,674649219.0
Egypt,2007,38_miscellaneous_chemical_products,13393141,37642366.0
Egypt,2008,30_pharmaceutical_products,169622951,23962361.0
Egypt,2008,31_fertilizers,678289039,1733472090.0
Egypt,2008,38_miscellaneous_chemical_products,779354700,1028844702.0
Egypt,2009,30_pharmaceutical_products,242785602,134263591.0
Egypt,2009,31_fertilizers,1143155819,4627413332.0
Egypt,2009,38_miscellaneous_chemical_products,323458501,405398978.0
Egypt,2010,30_pharmaceutical_products,247080157,41029173.0
Egypt,2010,31_fertilizers,1152277707,4504436784.0
Egypt,2010,38_miscellaneous_chemical_products,488327293,577270037.0
Egypt,2011,30_pharmaceutical_products,247359707,33753442.0
Egypt,2011,31_fertilizers,1443181141,4512494191.0
Egypt,2011,38_miscellaneous_chemical_products,497250713,354722191.0
Egypt,2012,30_pharmaceutical_products,302208747,1101677.0
Egypt,2012,31_fertilizers,1283957312,2936652894.0
Egypt,2012,38_miscellaneous_chemical_products,406999782,165286714.0
Egypt,2013,30_pharmaceutical_products,335606780,43911282.0
Egypt,2013,31_fertilizers,1185767144,3364839549.0
Egypt,2013,38_miscellaneous_chemical_products,369550061,646921674.0
Egypt,2014,30_pharmaceutical_products,352524615,46416192.0
Egypt,2014,31_fertilizers,741974581,2441724926.0
Egypt,2014,38_miscellaneous_chemical_products,408022611,310593970.0
Egypt,2015,30_pharmaceutical_products,253857399,1465397.0
Egypt,2015,31_fertilizers,422713378,1134995257.0
Egypt,2015,38_miscellaneous_chemical_products,285621528,152265655.0
Egypt,2016,30_pharmaceutical_products,288080510,2005029.0
Egypt,2016,31_fertilizers,847860165,2740557918.0
Egypt,2016,38_miscellaneous_chemical_products,186236690,135987836.0
El Salvador,1994,30_pharmaceutical_products,34736093,3966530.0
El Salvador,1994,31_fertilizers,112270,1505478.0
El Salvador,1994,38_miscellaneous_chemical_products,7299423,2955859.0
El Salvador,1995,30_pharmaceutical_products,40298165,6858164.0
El Salvador,1995,31_fertilizers,346150,4664058.0
El Salvador,1995,38_miscellaneous_chemical_products,7408052,3708763.0
El Salvador,1996,30_pharmaceutical_products,49617973,6731442.0
El Salvador,1996,31_fertilizers,242034,2810029.0
El Salvador,1996,38_miscellaneous_chemical_products,9167504,3967475.0
El Salvador,1997,30_pharmaceutical_products,53058680,8051665.0
El Salvador,1997,31_fertilizers,286824,3088291.0
El Salvador,1997,38_miscellaneous_chemical_products,11956410,4398610.0
El Salvador,1998,30_pharmaceutical_products,58610012,5554691.0
El Salvador,1998,31_fertilizers,491089,3346284.0
El Salvador,1998,38_miscellaneous_chemical_products,12158183,4678263.0
El Salvador,1999,30_pharmaceutical_products,53082715,6505791.0
El Salvador,1999,31_fertilizers,351103,3738498.0
El Salvador,1999,38_miscellaneous_chemical_products,12493188,5675248.0
El Salvador,2000,30_pharmaceutical_products,57703697,8308021.0
El Salvador,2000,31_fertilizers,935745,5611154.0
El Salvador,2000,38_miscellaneous_chemical_products,1063601,715342.0
El Salvador,2001,30_pharmaceutical_products,56576024,7574602.0
El Salvador,2001,31_fertilizers,1327387,6298836.0
El Salvador,2001,38_miscellaneous_chemical_products,869202,684506.0
El Salvador,2002,30_pharmaceutical_products,51689661,6892538.0
El Salvador,2002,31_fertilizers,1186399,5310552.0
El Salvador,2002,38_miscellaneous_chemical_products,10766067,3558940.0
El Salvador,2003,30_pharmaceutical_products,61370238,7954255.0
El Salvador,2003,31_fertilizers,1307257,4988523.0
El Salvador,2003,38_miscellaneous_chemical_products,9006983,3846532.0
El Salvador,2004,30_pharmaceutical_products,71252138,8848898.0
El Salvador,2004,31_fertilizers,3637726,13508688.0
El Salvador,2004,38_miscellaneous_chemical_products,8961828,3732144.0
El Salvador,2005,30_pharmaceutical_products,80253175,12116730.0
El Salvador,2005,31_fertilizers,8043868,28287214.0
El Salvador,2005,38_miscellaneous_chemical_products,8572112,2100016.0
El Salvador,2006,30_pharmaceutical_products,94502504,18750721.0
El Salvador,2006,31_fertilizers,10805010,40825941.0
El Salvador,2006,38_miscellaneous_chemical_products,7146410,1397343.0
El Salvador,2007,30_pharmaceutical_products,100068450,18754421.0
El Salvador,2007,31_fertilizers,15281079,50250604.0
El Salvador,2007,38_miscellaneous_chemical_products,6400759,1561099.0
El Salvador,2008,30_pharmaceutical_products,111134799,19717288.0
El Salvador,2008,31_fertilizers,24452062,49752153.0
El Salvador,2008,38_miscellaneous_chemical_products,8686371,1957411.0
El Salvador,2009,30_pharmaceutical_products,100439615,20285944.0
El Salvador,2009,31_fertilizers,11523444,24125337.0
El Salvador,2009,38_miscellaneous_chemical_products,9384956,2556841.0
El Salvador,2010,30_pharmaceutical_products,108075810,24601630.0
El Salvador,2010,31_fertilizers,11180990,29945214.0
El Salvador,2010,38_miscellaneous_chemical_products,8975349,1963766.0
El Salvador,2011,30_pharmaceutical_products,107712543,28876335.0
El Salvador,2011,31_fertilizers,17158909,39296983.0
El Salvador,2011,38_miscellaneous_chemical_products,9425538,2418298.0
El Salvador,2012,30_pharmaceutical_products,111326319,22200746.0
El Salvador,2012,31_fertilizers,16214186,33119542.0
El Salvador,2012,38_miscellaneous_chemical_products,5155611,2646483.0
El Salvador,2013,30_pharmaceutical_products,114100064,22744592.0
El Salvador,2013,31_fertilizers,18524799,40933562.0
El Salvador,2013,38_miscellaneous_chemical_products,7317658,4086583.0
El Salvador,2014,30_pharmaceutical_products,111118880,17873475.0
El Salvador,2014,31_fertilizers,19880932,50192236.0
El Salvador,2014,38_miscellaneous_chemical_products,9515538,5483672.0
El Salvador,2015,30_pharmaceutical_products,124130970,19337250.0
El Salvador,2015,31_fertilizers,19353041,48636629.0
El Salvador,2015,38_miscellaneous_chemical_products,10458694,6646481.0
El Salvador,2016,30_pharmaceutical_products,138527663,20389807.0
El Salvador,2016,31_fertilizers,17189612,48687148.0
El Salvador,2016,38_miscellaneous_chemical_products,10367732,6122321.0
Eritrea,2003,30_pharmaceutical_products,9970,0.0
Estonia,1995,30_pharmaceutical_products,19728436,1998320.0
Estonia,1995,31_fertilizers,18664440,130708151.0
Estonia,1995,38_miscellaneous_chemical_products,4699403,11657121.0
Estonia,1996,30_pharmaceutical_products,25905522,1924757.0
Estonia,1996,31_fertilizers,32568923,152186466.0
Estonia,1996,38_miscellaneous_chemical_products,2904597,3665888.0
Estonia,1997,30_pharmaceutical_products,31470213,2473117.0
Estonia,1997,31_fertilizers,60678010,333421181.0
Estonia,1997,38_miscellaneous_chemical_products,11539447,13287738.0
Estonia,1998,30_pharmaceutical_products,24136067,1191250.0
Estonia,1998,31_fertilizers,60840458,357879202.0
Estonia,1998,38_miscellaneous_chemical_products,12110642,13334891.0
Estonia,1999,30_pharmaceutical_products,22185057,1032052.0
Estonia,1999,31_fertilizers,42504292,304989001.0
Estonia,1999,38_miscellaneous_chemical_products,7024743,8431915.0
Estonia,2000,30_pharmaceutical_products,22745521,1329099.0
Estonia,2000,31_fertilizers,39850852,540617713.0
Estonia,2000,38_miscellaneous_chemical_products,6674742,11685524.0
Estonia,2001,30_pharmaceutical_products,21141888,1206049.0
Estonia,2001,31_fertilizers,49185968,809661395.0
Estonia,2001,38_miscellaneous_chemical_products,7056859,17274399.0
Estonia,2002,30_pharmaceutical_products,21263508,1119780.0
Estonia,2002,31_fertilizers,50442841,654051588.0
Estonia,2002,38_miscellaneous_chemical_products,7914988,19153961.0
Estonia,2003,30_pharmaceutical_products,23032597,1054811.0
Estonia,2003,31_fertilizers,77436090,821020660.0
Estonia,2003,38_miscellaneous_chemical_products,9828324,15591956.0
Estonia,2004,30_pharmaceutical_products,31709215,1413949.0
Estonia,2004,31_fertilizers,52906750,363430812.0
Estonia,2004,38_miscellaneous_chemical_products,17632367,20346340.0
Estonia,2005,30_pharmaceutical_products,30181181,2587271.0
Estonia,2005,31_fertilizers,90437869,453054853.0
Estonia,2005,38_miscellaneous_chemical_products,18707163,20667730.0
Estonia,2006,30_pharmaceutical_products,30367914,1406944.0
Estonia,2006,31_fertilizers,59024930,287075677.0
Estonia,2006,38_miscellaneous_chemical_products,17874856,25117193.0
Estonia,2007,30_pharmaceutical_products,38380763,1842024.0
Estonia,2007,31_fertilizers,65376011,223804144.0
Estonia,2007,38_miscellaneous_chemical_products,28392721,46508029.0
Estonia,2008,30_pharmaceutical_products,53589875,1679559.0
Estonia,2008,31_fertilizers,133965855,307539721.0
Estonia,2008,38_miscellaneous_chemical_products,86888522,76577728.0
Estonia,2009,30_pharmaceutical_products,45581516,1563638.0
Estonia,2009,31_fertilizers,26895011,80079795.0
Estonia,2009,38_miscellaneous_chemical_products,85205774,76397092.0
Estonia,2010,30_pharmaceutical_products,58572473,2208203.0
Estonia,2010,31_fertilizers,16737487,49871408.0
Estonia,2010,38_miscellaneous_chemical_products,57688332,51870474.0
Estonia,2011,30_pharmaceutical_products,62674264,3208109.0
Estonia,2011,31_fertilizers,28120912,56721415.0
Estonia,2011,38_miscellaneous_chemical_products,85423790,64045409.0
Estonia,2012,30_pharmaceutical_products,66611907,2477800.0
Estonia,2012,31_fertilizers,56786733,95049165.0
Estonia,2012,38_miscellaneous_chemical_products,89132046,56893606.0
Estonia,2013,30_pharmaceutical_products,70986873,2788913.0
Estonia,2013,31_fertilizers,106807806,239881857.0
Estonia,2013,38_miscellaneous_chemical_products,82658987,42842895.0
Estonia,2014,30_pharmaceutical_products,73627937,2528821.0
Estonia,2014,31_fertilizers,38210253,87643541.0
Estonia,2014,38_miscellaneous_chemical_products,76132280,42205411.0
Estonia,2015,30_pharmaceutical_products,68456238,2644024.0
Estonia,2015,31_fertilizers,35107616,92549371.0
Estonia,2015,38_miscellaneous_chemical_products,64719718,47599548.0
Estonia,2016,30_pharmaceutical_products,76236232,2883933.0
Estonia,2016,31_fertilizers,46927145,166605435.0
Estonia,2016,38_miscellaneous_chemical_products,70776636,66003867.0
Ethiopia,1995,30_pharmaceutical_products,149657,3034.0
Ethiopia,1997,30_pharmaceutical_products,179832,8099.0
Ethiopia,1998,30_pharmaceutical_products,79636,7309.0
Ethiopia,1999,30_pharmaceutical_products,56864,2704.0
Ethiopia,2000,30_pharmaceutical_products,58734,2180.0
Ethiopia,2001,30_pharmaceutical_products,32562,1615.0
Ethiopia,2001,31_fertilizers,3924,220000.0
Ethiopia,2001,38_miscellaneous_chemical_products,308,2625.0
Ethiopia,2002,30_pharmaceutical_products,4441,55.0
Ethiopia,2002,38_miscellaneous_chemical_products,80,277.0
Ethiopia,2003,30_pharmaceutical_products,107318,17739.0
Ethiopia,2003,31_fertilizers,43593,18000.0
Ethiopia,2003,38_miscellaneous_chemical_products,4047,199.0
Ethiopia,2004,30_pharmaceutical_products,95039,17055.0
Ethiopia,2004,38_miscellaneous_chemical_products,2341,78.0
Ethiopia,2005,30_pharmaceutical_products,203344,20176.0
Ethiopia,2006,30_pharmaceutical_products,237756,13983.0
Ethiopia,2007,30_pharmaceutical_products,535932,28843.0
Ethiopia,2007,38_miscellaneous_chemical_products,124654,103632.0
Ethiopia,2008,30_pharmaceutical_products,1728029,75621.0
Ethiopia,2008,31_fertilizers,10700,102.0
Ethiopia,2008,38_miscellaneous_chemical_products,134994,19159.0
Ethiopia,2009,30_pharmaceutical_products,580330,17284.0
Ethiopia,2009,38_miscellaneous_chemical_products,2610380,126627.0
Ethiopia,2010,30_pharmaceutical_products,1481683,48807.0
Ethiopia,2010,31_fertilizers,47143,72300.0
Ethiopia,2010,38_miscellaneous_chemical_products,286340,33619.0
Ethiopia,2011,30_pharmaceutical_products,1517300,55709.0
Ethiopia,2011,31_fertilizers,859,200.0
Ethiopia,2011,38_miscellaneous_chemical_products,149305,437318.0
Ethiopia,2012,30_pharmaceutical_products,1037361,23776.0
Ethiopia,2012,31_fertilizers,12409,550.0
Ethiopia,2012,38_miscellaneous_chemical_products,15718,298646.0
Ethiopia,2013,30_pharmaceutical_products,666511,24284.0
Ethiopia,2013,31_fertilizers,10588,4948.0
Ethiopia,2013,38_miscellaneous_chemical_products,4075,144475.0
Ethiopia,2014,30_pharmaceutical_products,972355,30062.0
Ethiopia,2014,38_miscellaneous_chemical_products,217564,23219.0
Ethiopia,2015,30_pharmaceutical_products,997547,21204.0
Ethiopia,2015,31_fertilizers,56,2.0
Ethiopia,2015,38_miscellaneous_chemical_products,282574,52925.0
Ethiopia,2016,30_pharmaceutical_products,1743594,54018.0
Ethiopia,2016,38_miscellaneous_chemical_products,680509,166480.0
Faeroe Isds,1996,38_miscellaneous_chemical_products,20108,8635.0
Faeroe Isds,1997,38_miscellaneous_chemical_products,32956,21761.0
Faeroe Isds,1998,38_miscellaneous_chemical_products,23295,14436.0
Faeroe Isds,1999,38_miscellaneous_chemical_products,14301,9365.0
Faeroe Isds,2000,38_miscellaneous_chemical_products,12739,7051.0
Faeroe Isds,2001,38_miscellaneous_chemical_products,18125,12239.0
Faeroe Isds,2002,38_miscellaneous_chemical_products,28968,16450.0
Faeroe Isds,2003,38_miscellaneous_chemical_products,24859,12377.0
Faeroe Isds,2004,38_miscellaneous_chemical_products,35377,14615.0
Faeroe Isds,2005,38_miscellaneous_chemical_products,46520,16121.0
Faeroe Isds,2006,30_pharmaceutical_products,6402,275.0
Faeroe Isds,2006,38_miscellaneous_chemical_products,60427,30567.0
Faeroe Isds,2007,30_pharmaceutical_products,1,300.0
Faeroe Isds,2007,38_miscellaneous_chemical_products,71200,64452.0
Faeroe Isds,2008,38_miscellaneous_chemical_products,66776,80776.0
Faeroe Isds,2009,31_fertilizers,12097,588.0
Faeroe Isds,2009,38_miscellaneous_chemical_products,95312,113072.0
Fiji,2000,30_pharmaceutical_products,796011,55379.0
Fiji,2000,31_fertilizers,7956,2654.0
Fiji,2000,38_miscellaneous_chemical_products,67527,31535.0
Fiji,2002,30_pharmaceutical_products,1852516,42903.0
Fiji,2002,31_fertilizers,14886,43779.0
Fiji,2002,38_miscellaneous_chemical_products,151010,230541.0
Fiji,2003,30_pharmaceutical_products,2799906,81940.0
Fiji,2003,31_fertilizers,2493,5082.0
Fiji,2003,38_miscellaneous_chemical_products,131869,120347.0
Fiji,2004,30_pharmaceutical_products,2709421,96218.0
Fiji,2004,31_fertilizers,6752,658.0
Fiji,2004,38_miscellaneous_chemical_products,244469,263339.0
Fiji,2005,30_pharmaceutical_products,3457413,186201.0
Fiji,2005,31_fertilizers,13175,4229.0
Fiji,2005,38_miscellaneous_chemical_products,274179,317615.0
Fiji,2006,30_pharmaceutical_products,4074924,147150.0
Fiji,2006,31_fertilizers,36555,69000.0
Fiji,2006,38_miscellaneous_chemical_products,87745,35458.0
Fiji,2007,30_pharmaceutical_products,7034264,167122.0
Fiji,2007,31_fertilizers,22186,27450.0
Fiji,2007,38_miscellaneous_chemical_products,2275107,756346.0
Fiji,2008,30_pharmaceutical_products,9770575,185036.0
Fiji,2008,31_fertilizers,37516,40252.0
Fiji,2008,38_miscellaneous_chemical_products,4587543,2971014.0
Fiji,2009,30_pharmaceutical_products,7086512,126913.0
Fiji,2009,31_fertilizers,150343,1048.0
Fiji,2009,38_miscellaneous_chemical_products,3022191,3977338.0
Fiji,2010,30_pharmaceutical_products,9725640,151699.0
Fiji,2010,31_fertilizers,2658,1677.0
Fiji,2010,38_miscellaneous_chemical_products,3082858,3452178.0
Fiji,2011,30_pharmaceutical_products,10277992,113835.0
Fiji,2011,31_fertilizers,27659,6272.0
Fiji,2011,38_miscellaneous_chemical_products,3251059,3455962.0
Fiji,2012,30_pharmaceutical_products,10667668,130413.0
Fiji,2012,31_fertilizers,161434,60210.0
Fiji,2012,38_miscellaneous_chemical_products,644761,201992.0
Fiji,2013,30_pharmaceutical_products,8970640,138633.0
Fiji,2013,31_fertilizers,47545,24635.0
Fiji,2013,38_miscellaneous_chemical_products,749804,411252.0
Fiji,2014,30_pharmaceutical_products,8661848,159261.0
Fiji,2014,31_fertilizers,35965,11165.0
Fiji,2014,38_miscellaneous_chemical_products,765649,202493.0
Fiji,2015,30_pharmaceutical_products,7694088,172014.0
Fiji,2015,31_fertilizers,36354,8175.0
Fiji,2015,38_miscellaneous_chemical_products,705128,267960.0
Fiji,2016,30_pharmaceutical_products,7378887,200699.0
Fiji,2016,31_fertilizers,35209,11806.0
Fiji,2016,38_miscellaneous_chemical_products,1399700,724951.0
Finland,1988,30_pharmaceutical_products,79956423,2962790.0
Finland,1988,31_fertilizers,70312781,6134926.0
Finland,1988,38_miscellaneous_chemical_products,59549605,60393554.0
Finland,1989,30_pharmaceutical_products,104367178,3976046.0
Finland,1989,31_fertilizers,75552697,301483.0
Finland,1989,38_miscellaneous_chemical_products,75104196,54077687.0
Finland,1990,30_pharmaceutical_products,152989978,3485405.0
Finland,1990,31_fertilizers,75343328,114713.0
Finland,1990,38_miscellaneous_chemical_products,90177930,80210047.0
Finland,1991,30_pharmaceutical_products,136811999,2755035.0
Finland,1991,31_fertilizers,101920221,16322693.0
Finland,1991,38_miscellaneous_chemical_products,112145291,84700161.0
Finland,1992,30_pharmaceutical_products,147078567,2020616.0
Finland,1992,31_fertilizers,83362079,48498319.0
Finland,1992,38_miscellaneous_chemical_products,118096752,89387976.0
Finland,1993,30_pharmaceutical_products,153096851,2459023.0
Finland,1993,31_fertilizers,73566875,47650285.0
Finland,1993,38_miscellaneous_chemical_products,128940171,124657107.0
Finland,1994,30_pharmaceutical_products,188975094,3199878.0
Finland,1994,31_fertilizers,83875946,18885400.0
Finland,1994,38_miscellaneous_chemical_products,148736631,118107823.0
Finland,1995,30_pharmaceutical_products,210805927,3211668.0
Finland,1995,31_fertilizers,96695143,1033320.0
Finland,1995,38_miscellaneous_chemical_products,199707630,135277576.0
Finland,1996,30_pharmaceutical_products,200484468,2735473.0
Finland,1996,31_fertilizers,109610678,36803744.0
Finland,1996,38_miscellaneous_chemical_products,200460378,245522765.0
Finland,1997,30_pharmaceutical_products,207645804,3583544.0
Finland,1997,31_fertilizers,117727879,42032808.0
Finland,1997,38_miscellaneous_chemical_products,214139515,214660202.0
Finland,1998,30_pharmaceutical_products,224468129,3666554.0
Finland,1998,31_fertilizers,94037983,77295605.0
Finland,1998,38_miscellaneous_chemical_products,231396427,213685062.0
Finland,1999,30_pharmaceutical_products,231144674,2833918.0
Finland,1999,31_fertilizers,113288542,126887770.0
Finland,1999,38_miscellaneous_chemical_products,233505058,212726052.0
Finland,2000,30_pharmaceutical_products,259455512,4416731.0
Finland,2000,31_fertilizers,89497768,513866311.0
Finland,2000,38_miscellaneous_chemical_products,241733581,247745478.0
Finland,2001,30_pharmaceutical_products,302660984,3962374.0
Finland,2001,31_fertilizers,92106710,552946172.0
Finland,2001,38_miscellaneous_chemical_products,256918404,223074187.0
Finland,2002,30_pharmaceutical_products,407984920,4988812.0
Finland,2002,31_fertilizers,102550844,549180351.0
Finland,2002,38_miscellaneous_chemical_products,293421026,265160235.0
Finland,2003,30_pharmaceutical_products,507912202,5504112.0
Finland,2003,31_fertilizers,119963463,553640833.0
Finland,2003,38_miscellaneous_chemical_products,307034535,251365702.0
Finland,2004,30_pharmaceutical_products,611652261,6267981.0
Finland,2004,31_fertilizers,129347846,502304825.0
Finland,2004,38_miscellaneous_chemical_products,337834574,269817917.0
Finland,2005,30_pharmaceutical_products,779596327,6642508.0
Finland,2005,31_fertilizers,178068268,607998999.0
Finland,2005,38_miscellaneous_chemical_products,333543925,232941143.0
Finland,2006,30_pharmaceutical_products,968178743,7426688.0
Finland,2006,31_fertilizers,181631031,617400334.0
Finland,2006,38_miscellaneous_chemical_products,443779389,297659402.0
Finland,2007,30_pharmaceutical_products,887884280,8679803.0
Finland,2007,31_fertilizers,232569257,773571119.0
Finland,2007,38_miscellaneous_chemical_products,515808755,318098178.0
Finland,2008,30_pharmaceutical_products,1175235237,4264013.0
Finland,2008,31_fertilizers,435181362,974448697.0
Finland,2008,38_miscellaneous_chemical_products,540576914,282002019.0
Finland,2009,30_pharmaceutical_products,1134835515,4215474.0
Finland,2009,31_fertilizers,81708242,318514532.0
Finland,2009,38_miscellaneous_chemical_products,217788253,204122480.0
Finland,2010,30_pharmaceutical_products,1317479343,5148418.0
Finland,2010,31_fertilizers,313120633,486068035.0
Finland,2010,38_miscellaneous_chemical_products,568032368,239838776.0
Finland,2011,30_pharmaceutical_products,1590263282,5507761.0
Finland,2011,31_fertilizers,459039017,669471495.0
Finland,2011,38_miscellaneous_chemical_products,685894354,306576514.0
Finland,2012,30_pharmaceutical_products,1414599397,5083637.0
Finland,2012,31_fertilizers,466514762,182871377.0
Finland,2012,38_miscellaneous_chemical_products,642800652,236311986.0
Finland,2013,30_pharmaceutical_products,1238417624,5543113.0
Finland,2013,31_fertilizers,475411922,657647059.0
Finland,2013,38_miscellaneous_chemical_products,713740516,343251282.0
Finland,2014,30_pharmaceutical_products,1160111726,5242867.0
Finland,2014,31_fertilizers,38239313,130570817.0
Finland,2014,38_miscellaneous_chemical_products,350928000,243615420.0
Finland,2015,30_pharmaceutical_products,878091625,4634997.0
Finland,2015,31_fertilizers,34852121,166353701.0
Finland,2015,38_miscellaneous_chemical_products,260065551,219775933.0
Finland,2016,30_pharmaceutical_products,864915055,4803164.0
Finland,2016,31_fertilizers,21424625,110362562.0
Finland,2016,38_miscellaneous_chemical_products,238653910,227911349.0
Fmr Fed. Rep. of Germany,1988,30_pharmaceutical_products,3587707024,94161444.0
Fmr Fed. Rep. of Germany,1988,31_fertilizers,696282016,4928250036.0
Fmr Fed. Rep. of Germany,1988,38_miscellaneous_chemical_products,4966423984,3413235641.0
Fmr Fed. Rep. of Germany,1989,30_pharmaceutical_products,3715735000,97323795.0
Fmr Fed. Rep. of Germany,1989,31_fertilizers,576251992,4191110987.0
Fmr Fed. Rep. of Germany,1989,38_miscellaneous_chemical_products,5155276952,3493613192.0
Fmr Fed. Rep. of Germany,1990,30_pharmaceutical_products,4646213984,108239173.0
Fmr Fed. Rep. of Germany,1990,31_fertilizers,642609996,4480167081.0
Fmr Fed. Rep. of Germany,1990,38_miscellaneous_chemical_products,6149149978,3577848186.0
Fmr Sudan,1995,31_fertilizers,38913,1988437.0
Fmr Sudan,1996,30_pharmaceutical_products,11836,607.0
Fmr Sudan,1996,31_fertilizers,268315,14485000.0
Fmr Sudan,1997,30_pharmaceutical_products,19212,5020.0
Fmr Sudan,1997,31_fertilizers,232769,14777843.0
Fmr Sudan,1998,30_pharmaceutical_products,68921,15434.0
Fmr Sudan,1998,31_fertilizers,546341,22815780.0
Fmr Sudan,1999,30_pharmaceutical_products,10557,4256.0
Fmr Sudan,1999,31_fertilizers,218261,21999690.0
Fmr Sudan,1999,38_miscellaneous_chemical_products,5,10.0
Fmr Sudan,2000,30_pharmaceutical_products,699392,167332.0
Fmr Sudan,2000,31_fertilizers,318809,16005375.0
Fmr Sudan,2000,38_miscellaneous_chemical_products,20452,10412.0
Fmr Sudan,2001,30_pharmaceutical_products,559404,17443.0
Fmr Sudan,2001,31_fertilizers,272538,641173.0
Fmr Sudan,2002,30_pharmaceutical_products,476063,57940.0
Fmr Sudan,2002,31_fertilizers,125093,5974300.0
Fmr Sudan,2002,38_miscellaneous_chemical_products,410964,1080.0
Fmr Sudan,2003,30_pharmaceutical_products,3915,28.0
Fmr Sudan,2003,38_miscellaneous_chemical_products,4724,9375.0
Fmr Sudan,2004,30_pharmaceutical_products,15036,590.0
Fmr Sudan,2004,38_miscellaneous_chemical_products,5133,800.0
Fmr Sudan,2005,30_pharmaceutical_products,39534,12807.0
Fmr Sudan,2005,38_miscellaneous_chemical_products,78098,12000.0
Fmr Sudan,2006,30_pharmaceutical_products,154968,1780.0
Fmr Sudan,2006,38_miscellaneous_chemical_products,49092,39289.0
Fmr Sudan,2008,30_pharmaceutical_products,30927,221199.0
Fmr Sudan,2008,31_fertilizers,704762,6019000.0
Fmr Sudan,2008,38_miscellaneous_chemical_products,30321,22344.0
Fmr Sudan,2009,30_pharmaceutical_products,70010,21134.0
Fmr Sudan,2009,38_miscellaneous_chemical_products,105,6205.0
Fmr Sudan,2010,30_pharmaceutical_products,6192,1662.0
Fmr Sudan,2010,38_miscellaneous_chemical_products,80468,74411.0
Fmr Sudan,2011,30_pharmaceutical_products,81856,21956.0
Fmr Sudan,2011,38_miscellaneous_chemical_products,587297,493878.0
France,1994,30_pharmaceutical_products,4644924398,137641200.0
France,1994,31_fertilizers,291693532,1959329500.0
France,1994,38_miscellaneous_chemical_products,3574774267,1697278068.0
France,1995,30_pharmaceutical_products,5980617188,160032233.0
France,1995,31_fertilizers,292588293,1575263051.0
France,1995,38_miscellaneous_chemical_products,4265200006,1814975989.0
France,1996,30_pharmaceutical_products,6339756485,155677268.0
France,1996,31_fertilizers,291250207,1602737345.0
France,1996,38_miscellaneous_chemical_products,4376423939,1784605203.0
France,1997,30_pharmaceutical_products,7033993316,174665049.0
France,1997,31_fertilizers,252866782,1520569849.0
France,1997,38_miscellaneous_chemical_products,4483660426,1877358789.0
France,1998,30_pharmaceutical_products,8444926752,189291231.0
France,1998,31_fertilizers,220562477,1359037960.0
France,1998,38_miscellaneous_chemical_products,4875873934,1928845445.0
France,1999,30_pharmaceutical_products,9282627875,195918474.0
France,1999,31_fertilizers,195896526,1353162702.0
France,1999,38_miscellaneous_chemical_products,4622053431,1990350321.0
France,2000,30_pharmaceutical_products,9398411318,203511211.0
France,2000,31_fertilizers,194304710,1440515764.0
France,2000,38_miscellaneous_chemical_products,4307516619,2166588941.0
France,2001,30_pharmaceutical_products,12037252149,223655405.0
France,2001,31_fertilizers,159595157,1065751954.0
France,2001,38_miscellaneous_chemical_products,4405860866,2299044892.0
France,2002,30_pharmaceutical_products,14224654943,224648455.0
France,2002,31_fertilizers,120063054,732996921.0
France,2002,38_miscellaneous_chemical_products,4789863934,2349120491.0
France,2003,30_pharmaceutical_products,17160880043,250658214.0
France,2003,31_fertilizers,199153428,1042274140.0
France,2003,38_miscellaneous_chemical_products,5609196919,2283906631.0
France,2004,30_pharmaceutical_products,19972833977,239629586.0
France,2004,31_fertilizers,230556397,1033603456.0
France,2004,38_miscellaneous_chemical_products,6892397007,2443894513.0
France,2005,30_pharmaceutical_products,21870032515,257318761.0
France,2005,31_fertilizers,257667642,1086028616.0
France,2005,38_miscellaneous_chemical_products,7432044408,2506066165.0
France,2006,30_pharmaceutical_products,23764702378,267067980.0
France,2006,31_fertilizers,271771183,591208510.0
France,2006,38_miscellaneous_chemical_products,8268028057,2648587821.0
France,2007,30_pharmaceutical_products,27521079744,290359412.0
France,2007,31_fertilizers,349987587,625389406.0
France,2007,38_miscellaneous_chemical_products,9297903788,2610277942.0
France,2008,30_pharmaceutical_products,32225870265,313287004.0
France,2008,31_fertilizers,548839123,803456134.0
France,2008,38_miscellaneous_chemical_products,10475523230,2511018048.0
France,2009,30_pharmaceutical_products,33291696862,315845478.0
France,2009,31_fertilizers,349154051,426945754.0
France,2009,38_miscellaneous_chemical_products,8943089385,2158093425.0
France,2010,30_pharmaceutical_products,33487631443,326025590.0
France,2010,31_fertilizers,322575202,436612062.0
France,2010,38_miscellaneous_chemical_products,9773892138,2446354447.0
France,2011,30_pharmaceutical_products,33100093993,340164002.0
France,2011,31_fertilizers,402642269,917374517.0
France,2011,38_miscellaneous_chemical_products,11796416410,2674031757.0
France,2012,30_pharmaceutical_products,34881400897,359009348.0
France,2012,31_fertilizers,409620899,938505564.0
France,2012,38_miscellaneous_chemical_products,11363964119,2849397825.0
France,2013,30_pharmaceutical_products,37027090215,372073507.0
France,2013,31_fertilizers,437022694,1043304246.0
France,2013,38_miscellaneous_chemical_products,11980670314,2847993293.0
France,2014,30_pharmaceutical_products,35118338732,373641522.0
France,2014,31_fertilizers,429290640,1050906107.0
France,2014,38_miscellaneous_chemical_products,12371122088,2887451552.0
France,2015,30_pharmaceutical_products,29859360621,379574861.0
France,2015,31_fertilizers,391260042,1137277423.0
France,2015,38_miscellaneous_chemical_products,11256865434,3110413610.0
France,2016,30_pharmaceutical_products,30093936894,404126236.0
France,2016,31_fertilizers,322410763,1119821870.0
France,2016,38_miscellaneous_chemical_products,10574993027,3171471082.0
French Guiana,1994,30_pharmaceutical_products,24201,388.0
French Guiana,1994,38_miscellaneous_chemical_products,220641,3108.0
French Guiana,1995,30_pharmaceutical_products,920,4.0
French Guiana,1995,38_miscellaneous_chemical_products,145351,2480.0
French Polynesia,1996,30_pharmaceutical_products,28615,190.0
French Polynesia,1996,38_miscellaneous_chemical_products,110605,30338.0
French Polynesia,1997,30_pharmaceutical_products,36682,1030.0
French Polynesia,1997,38_miscellaneous_chemical_products,5303,30164.0
French Polynesia,1998,30_pharmaceutical_products,26005,230.0
French Polynesia,1998,38_miscellaneous_chemical_products,103256,25210.0
French Polynesia,1999,30_pharmaceutical_products,70576,540.0
French Polynesia,1999,38_miscellaneous_chemical_products,46810,1547.0
French Polynesia,2000,30_pharmaceutical_products,4076,240.0
French Polynesia,2000,38_miscellaneous_chemical_products,9935,2383.0
French Polynesia,2001,30_pharmaceutical_products,80791,690.0
French Polynesia,2001,38_miscellaneous_chemical_products,6840,135.0
French Polynesia,2002,30_pharmaceutical_products,29362,1450.0
French Polynesia,2002,38_miscellaneous_chemical_products,51604,12248.0
French Polynesia,2003,30_pharmaceutical_products,221038,330.0
French Polynesia,2003,38_miscellaneous_chemical_products,22300,660.0
French Polynesia,2004,30_pharmaceutical_products,91423,278.0
French Polynesia,2004,38_miscellaneous_chemical_products,11180,43500.0
French Polynesia,2005,30_pharmaceutical_products,13510,426.0
French Polynesia,2005,38_miscellaneous_chemical_products,17979,16970.0
French Polynesia,2006,30_pharmaceutical_products,63560,497.0
French Polynesia,2006,31_fertilizers,618,84.0
French Polynesia,2006,38_miscellaneous_chemical_products,29307,306702.0
French Polynesia,2007,30_pharmaceutical_products,33457,209.0
French Polynesia,2007,38_miscellaneous_chemical_products,13444,71979.0
French Polynesia,2008,30_pharmaceutical_products,2443,88.0
French Polynesia,2008,38_miscellaneous_chemical_products,7607,30173.0
French Polynesia,2009,30_pharmaceutical_products,22360,28757.0
French Polynesia,2009,38_miscellaneous_chemical_products,31228,35064.0
French Polynesia,2010,30_pharmaceutical_products,46392,287.0
French Polynesia,2010,38_miscellaneous_chemical_products,52910,74164.0
French Polynesia,2011,30_pharmaceutical_products,42735,432.0
French Polynesia,2011,38_miscellaneous_chemical_products,57883,159406.0
French Polynesia,2012,30_pharmaceutical_products,47843,5421.0
French Polynesia,2012,31_fertilizers,125,24.0
French Polynesia,2012,38_miscellaneous_chemical_products,238811,176402.0
French Polynesia,2013,30_pharmaceutical_products,21388,660.0
French Polynesia,2013,31_fertilizers,84,3.0
French Polynesia,2013,38_miscellaneous_chemical_products,157163,174944.0
French Polynesia,2014,30_pharmaceutical_products,224842,454.0
French Polynesia,2014,38_miscellaneous_chemical_products,330494,179676.0
French Polynesia,2015,30_pharmaceutical_products,241641,3615.0
French Polynesia,2015,38_miscellaneous_chemical_products,145304,390120.0
Gabon,1993,30_pharmaceutical_products,59187,2471.0
Gabon,1993,31_fertilizers,75687,33898.0
Gabon,1993,38_miscellaneous_chemical_products,303012,142568.0
Gabon,1994,30_pharmaceutical_products,2998,194.0
Gabon,1994,38_miscellaneous_chemical_products,160879,86341.0
Gabon,1996,30_pharmaceutical_products,1706,86.0
Gabon,1996,31_fertilizers,50493,132026.0
Gabon,1996,38_miscellaneous_chemical_products,515402,257250.0
Gabon,1997,30_pharmaceutical_products,326,6.0
Gabon,1997,38_miscellaneous_chemical_products,293381,122606.0
Gabon,1998,30_pharmaceutical_products,4920,312.0
Gabon,1998,31_fertilizers,11808,60000.0
Gabon,1998,38_miscellaneous_chemical_products,525989,241389.0
Gabon,1999,30_pharmaceutical_products,185111,1781.0
Gabon,1999,31_fertilizers,89311,323437.0
Gabon,1999,38_miscellaneous_chemical_products,720175,176951.0
Gabon,2000,30_pharmaceutical_products,11409,690.0
Gabon,2000,31_fertilizers,3462,371.0
Gabon,2000,38_miscellaneous_chemical_products,381210,174362.0
Gabon,2001,30_pharmaceutical_products,11116,1866.0
Gabon,2001,31_fertilizers,10891,55125.0
Gabon,2001,38_miscellaneous_chemical_products,448619,160466.0
Gabon,2002,30_pharmaceutical_products,15691,773.0
Gabon,2002,31_fertilizers,15123,87589.0
Gabon,2002,38_miscellaneous_chemical_products,293345,135881.0
Gabon,2003,30_pharmaceutical_products,13876,1662.0
Gabon,2003,31_fertilizers,64608,165581.0
Gabon,2003,38_miscellaneous_chemical_products,283427,195457.0
Gabon,2004,30_pharmaceutical_products,9453,590.0
Gabon,2004,38_miscellaneous_chemical_products,112971,24114.0
Gabon,2005,30_pharmaceutical_products,53076,2253.0
Gabon,2005,31_fertilizers,44386,125664.0
Gabon,2005,38_miscellaneous_chemical_products,331211,103955.0
Gabon,2006,30_pharmaceutical_products,7899,755.0
Gabon,2006,31_fertilizers,25085,50050.0
Gabon,2006,38_miscellaneous_chemical_products,166461,57719.0
Gabon,2007,30_pharmaceutical_products,22113,700.0
Gabon,2007,31_fertilizers,207558,66441.0
Gabon,2007,38_miscellaneous_chemical_products,1110970,187264.0
Gabon,2008,30_pharmaceutical_products,65513,1831.0
Gabon,2008,31_fertilizers,494,500.0
Gabon,2008,38_miscellaneous_chemical_products,135940,60978.0
Gabon,2009,30_pharmaceutical_products,80747,2968.0
Gabon,2009,31_fertilizers,34923,23910.0
Gabon,2009,38_miscellaneous_chemical_products,1242433,911438.0
Gambia,1995,30_pharmaceutical_products,49,11.0
Gambia,1995,31_fertilizers,302104,1302187.0
Gambia,1995,38_miscellaneous_chemical_products,81605,82323.0
Gambia,1996,30_pharmaceutical_products,31045,2077.0
Gambia,1996,31_fertilizers,111497,476875.0
Gambia,1996,38_miscellaneous_chemical_products,6239,5614.0
Gambia,1997,30_pharmaceutical_products,44692,3916.0
Gambia,1997,38_miscellaneous_chemical_products,10845,8044.0
Gambia,1998,30_pharmaceutical_products,133545,9886.0
Gambia,1998,31_fertilizers,2096,45000.0
Gambia,1998,38_miscellaneous_chemical_products,28893,34155.0
Gambia,1999,30_pharmaceutical_products,232,2560.0
Gambia,1999,38_miscellaneous_chemical_products,1087,1139.0
Gambia,2000,30_pharmaceutical_products,1377,110.0
Gambia,2000,31_fertilizers,9758,150000.0
Gambia,2000,38_miscellaneous_chemical_products,8264,3807.0
Gambia,2001,30_pharmaceutical_products,9238,3812.0
Gambia,2001,38_miscellaneous_chemical_products,559,243.0
Gambia,2002,30_pharmaceutical_products,8398,3752.0
Gambia,2002,38_miscellaneous_chemical_products,126,400.0
Gambia,2004,30_pharmaceutical_products,4264,7759.0
Gambia,2005,30_pharmaceutical_products,5016,500.0
Gambia,2007,30_pharmaceutical_products,35942,226174.0
Gambia,2007,38_miscellaneous_chemical_products,4041,12500.0
Gambia,2008,38_miscellaneous_chemical_products,28434,43976.0
Gambia,2009,38_miscellaneous_chemical_products,59719,20000.0
Gambia,2010,30_pharmaceutical_products,7342,20350.0
Gambia,2010,38_miscellaneous_chemical_products,10045,5000.0
Gambia,2011,31_fertilizers,129390,980050.0
Gambia,2011,38_miscellaneous_chemical_products,226867,113260.0
Gambia,2012,38_miscellaneous_chemical_products,212627,411912.0
Gambia,2013,38_miscellaneous_chemical_products,18515,12460.0
Gambia,2014,38_miscellaneous_chemical_products,28176,16445.0
Georgia,1996,30_pharmaceutical_products,783091,77699.0
Georgia,1996,31_fertilizers,11903834,111351708.0
Georgia,1997,30_pharmaceutical_products,1635063,1998200.0
Georgia,1997,31_fertilizers,13811087,130959736.0
Georgia,1998,30_pharmaceutical_products,6408265,163047.0
Georgia,1998,31_fertilizers,10733246,96942523.0
Georgia,1999,30_pharmaceutical_products,2161423,130215.0
Georgia,1999,31_fertilizers,11369105,0.0
Georgia,2000,30_pharmaceutical_products,5226945,245974.0
Georgia,2000,31_fertilizers,16191503,245545331.0
Georgia,2001,30_pharmaceutical_products,4277721,501066.0
Georgia,2001,31_fertilizers,4931116,56048490.0
Georgia,2002,30_pharmaceutical_products,3074293,184809.0
Georgia,2002,31_fertilizers,12036837,167475684.0
Georgia,2003,30_pharmaceutical_products,2948472,221664.0
Georgia,2003,31_fertilizers,18444919,185318295.0
Georgia,2004,30_pharmaceutical_products,2622390,196344.0
Georgia,2004,31_fertilizers,28854284,243332636.0
Georgia,2005,30_pharmaceutical_products,4009023,296936.0
Georgia,2005,31_fertilizers,35838605,262364970.0
Georgia,2006,30_pharmaceutical_products,9652721,457486.0
Georgia,2006,31_fertilizers,46632366,303153368.0
Georgia,2007,30_pharmaceutical_products,26379168,793901.0
Georgia,2007,31_fertilizers,57022181,331068631.0
Georgia,2008,30_pharmaceutical_products,23906946,1356811.0
Georgia,2008,31_fertilizers,105519411,353378990.0
Georgia,2009,30_pharmaceutical_products,25385734,683148.0
Georgia,2009,31_fertilizers,60213940,337212088.0
Georgia,2009,38_miscellaneous_chemical_products,1564152,327216.0
Georgia,2010,30_pharmaceutical_products,36719585,833948.0
Georgia,2010,31_fertilizers,84155189,384935890.0
Georgia,2010,38_miscellaneous_chemical_products,1434282,298897.0
Georgia,2011,30_pharmaceutical_products,44092454,990453.0
Georgia,2011,31_fertilizers,144090666,453563948.0
Georgia,2011,38_miscellaneous_chemical_products,2575961,645724.0
Georgia,2012,30_pharmaceutical_products,55248528,1724739.0
Georgia,2012,31_fertilizers,137325143,430070851.0
Georgia,2012,38_miscellaneous_chemical_products,2256370,581917.0
Georgia,2013,30_pharmaceutical_products,58978333,2271186.0
Georgia,2013,31_fertilizers,130660504,435972506.0
Georgia,2013,38_miscellaneous_chemical_products,6818767,988847.0
Georgia,2014,30_pharmaceutical_products,104702583,2892789.0
Georgia,2014,31_fertilizers,137747671,464502985.0
Georgia,2014,38_miscellaneous_chemical_products,3351188,859599.0
Georgia,2015,30_pharmaceutical_products,154335192,3532921.0
Georgia,2015,31_fertilizers,109778796,454028170.0
Georgia,2015,38_miscellaneous_chemical_products,6138228,1277599.0
Georgia,2016,30_pharmaceutical_products,118793994,2758397.0
Georgia,2016,31_fertilizers,65862148,343126594.0
Georgia,2016,38_miscellaneous_chemical_products,3232957,600733.0
Germany,1991,30_pharmaceutical_products,5314215048,129387589.0
Germany,1991,31_fertilizers,895267992,6681921974.0
Germany,1992,30_pharmaceutical_products,6057008976,126008067.0
Germany,1992,31_fertilizers,1020984976,7314735982.0
Germany,1993,30_pharmaceutical_products,6214019080,125380375.0
Germany,1993,31_fertilizers,766130992,6340576535.0
Germany,1994,30_pharmaceutical_products,7133667088,142352046.0
Germany,1994,31_fertilizers,1032665984,8540201427.0
Germany,1995,30_pharmaceutical_products,8513528136,144084393.0
Germany,1995,31_fertilizers,1184926032,7970807419.0
Germany,1996,30_pharmaceutical_products,9010699224,149130517.0
Germany,1996,31_fertilizers,1219317321,8045464655.0
Germany,1997,30_pharmaceutical_products,10045224205,176419549.0
Germany,1997,31_fertilizers,1043783092,7885384835.0
Germany,1998,30_pharmaceutical_products,12717435848,191013084.0
Germany,1998,31_fertilizers,1052958018,7921593028.0
Germany,1999,30_pharmaceutical_products,13602697244,2091517845.0
Germany,1999,31_fertilizers,990949528,7665786545.0
Germany,2000,30_pharmaceutical_products,11665268000,227701449.0
Germany,2000,31_fertilizers,888276000,7134145661.0
Germany,2001,30_pharmaceutical_products,16675513000,256225260.0
Germany,2001,31_fertilizers,924853000,7144351080.0
Germany,2002,30_pharmaceutical_products,16123804000,297225661.0
Germany,2002,31_fertilizers,970764000,7357390449.0
Germany,2003,30_pharmaceutical_products,21581094000,316397216.0
Germany,2003,31_fertilizers,1143593000,7461092836.0
Germany,2004,30_pharmaceutical_products,32138612000,325854561.0
Germany,2004,31_fertilizers,1389017000,7586030619.0
Germany,2005,30_pharmaceutical_products,36284947000,355918273.0
Germany,2005,31_fertilizers,1748999000,7995917288.0
Germany,2006,30_pharmaceutical_products,42529124000,411132842.0
Germany,2006,31_fertilizers,1813561000,7924979500.0
Germany,2007,30_pharmaceutical_products,52990792000,454455301.0
Germany,2007,31_fertilizers,2241297000,8275496441.0
Germany,2008,30_pharmaceutical_products,62472576000,526873843.0
Germany,2008,31_fertilizers,4156042000,7361757258.0
Germany,2009,30_pharmaceutical_products,61364966000,531545784.0
Germany,2009,31_fertilizers,2170914000,5289643166.0
Germany,2010,30_pharmaceutical_products,63899134527,575072212.0
Germany,2010,31_fertilizers,2288246726,6552187388.0
Germany,2011,30_pharmaceutical_products,68097874268,641817782.0
Germany,2011,31_fertilizers,3110302282,7269184419.0
Germany,2012,30_pharmaceutical_products,69768833746,664075843.0
Germany,2012,31_fertilizers,1276221088,3254073390.0
Germany,2013,30_pharmaceutical_products,73616784860,683579512.0
Germany,2013,31_fertilizers,1201237018,3259311293.0
Germany,2014,30_pharmaceutical_products,78172083831,677749883.0
Germany,2014,31_fertilizers,1159023056,3274494524.0
Germany,2015,30_pharmaceutical_products,74717994047,706052485.0
Germany,2015,31_fertilizers,962274131,3071699940.0
Germany,2016,30_pharmaceutical_products,75537370420,737176823.0
Germany,2016,31_fertilizers,860653394,3437488451.0
Ghana,1996,30_pharmaceutical_products,301211,208843.0
Ghana,1996,31_fertilizers,395159,2604000.0
Ghana,1997,30_pharmaceutical_products,316771,109199.0
Ghana,1997,31_fertilizers,5966,26511.0
Ghana,1998,30_pharmaceutical_products,216307,53758.0
Ghana,1998,31_fertilizers,25054,48097.0
Ghana,1999,30_pharmaceutical_products,555349,199090.0
Ghana,1999,31_fertilizers,755144,1719523.0
Ghana,2000,30_pharmaceutical_products,793003,156451.0
Ghana,2000,31_fertilizers,254712,633746.0
Ghana,2001,30_pharmaceutical_products,3607940,252097.0
Ghana,2001,31_fertilizers,931754,2228557.0
Ghana,2003,30_pharmaceutical_products,1440804,318424.0
Ghana,2003,31_fertilizers,172050,289323.0
Ghana,2005,30_pharmaceutical_products,190499,3582.0
Ghana,2005,31_fertilizers,173253,804113.0
Ghana,2006,30_pharmaceutical_products,668033,173372.0
Ghana,2006,31_fertilizers,2786784,4291076.0
Ghana,2007,30_pharmaceutical_products,8631649,1549367.0
Ghana,2007,31_fertilizers,4977546,10786865.0
Ghana,2008,30_pharmaceutical_products,2170721,4952737.0
Ghana,2008,31_fertilizers,8476362,12872452.0
Ghana,2009,30_pharmaceutical_products,7414618,269189.0
Ghana,2009,31_fertilizers,25595601,10963176.0
Ghana,2010,30_pharmaceutical_products,2083180,3678671.0
Ghana,2010,31_fertilizers,27612244,12886034.0
Ghana,2011,30_pharmaceutical_products,3076548,277170.0
Ghana,2011,31_fertilizers,54639186,25631749.0
Ghana,2012,30_pharmaceutical_products,858731,366136.0
Ghana,2012,31_fertilizers,31674559,33527941.0
Ghana,2013,30_pharmaceutical_products,1273709,335597.0
Ghana,2013,31_fertilizers,29399390,39023538.0
Ghana,2016,30_pharmaceutical_products,78327909,299207.0
Ghana,2016,31_fertilizers,2021338,2336617.0
Greece,1988,30_pharmaceutical_products,54520818,1552406.0
Greece,1988,31_fertilizers,29736630,189400755.0
Greece,1989,30_pharmaceutical_products,65657781,1438032.0
Greece,1989,31_fertilizers,39654415,236131646.0
Greece,1990,30_pharmaceutical_products,64444676,1229480.0
Greece,1990,31_fertilizers,33558615,247541171.0
Greece,1992,30_pharmaceutical_products,39858529,1362782.0
Greece,1992,31_fertilizers,44377713,358620890.0
Greece,1993,30_pharmaceutical_products,73128674,1479452.0
Greece,1993,31_fertilizers,33522348,277666588.0
Greece,1994,30_pharmaceutical_products,73596479,2036025.0
Greece,1994,31_fertilizers,17785943,156020366.0
Greece,1995,30_pharmaceutical_products,77603372,2174817.0
Greece,1995,31_fertilizers,68351198,421866185.0
Greece,1996,30_pharmaceutical_products,85782245,2165396.0
Greece,1996,31_fertilizers,81932284,503435166.0
Greece,1997,30_pharmaceutical_products,88582547,2340861.0
Greece,1997,31_fertilizers,66273630,404235400.0
Greece,1998,30_pharmaceutical_products,133521182,2825780.0
Greece,1998,31_fertilizers,63494600,516586471.0
Greece,1999,30_pharmaceutical_products,181674373,2773922.0
Greece,1999,31_fertilizers,48285623,364517994.0
Greece,2000,30_pharmaceutical_products,238316991,5433610.0
Greece,2000,31_fertilizers,45451482,310213499.0
Greece,2001,30_pharmaceutical_products,312852723,64806895.0
Greece,2001,31_fertilizers,32099145,229128083.0
Greece,2002,30_pharmaceutical_products,256162104,7086571.0
Greece,2002,31_fertilizers,44618715,341922290.0
Greece,2003,30_pharmaceutical_products,626342068,17058782.0
Greece,2003,31_fertilizers,54571435,413234120.0
Greece,2004,30_pharmaceutical_products,846344023,17779184.0
Greece,2004,31_fertilizers,59315916,360037773.0
Greece,2005,30_pharmaceutical_products,1168443920,26340206.0
Greece,2005,31_fertilizers,66868571,341259168.0
Greece,2006,30_pharmaceutical_products,1129379975,115989063.0
Greece,2006,31_fertilizers,53995625,226092563.0
Greece,2007,30_pharmaceutical_products,1278604832,16534112.0
Greece,2007,31_fertilizers,68094567,245582645.0
Greece,2008,30_pharmaceutical_products,1287381837,17866083.0
Greece,2008,31_fertilizers,139166985,226537456.0
Greece,2009,30_pharmaceutical_products,1311151601,21546244.0
Greece,2009,31_fertilizers,93868215,278988196.0
Greece,2010,30_pharmaceutical_products,1371104140,24615947.0
Greece,2010,31_fertilizers,134316274,425281629.0
Greece,2011,30_pharmaceutical_products,1267172124,20672477.0
Greece,2011,31_fertilizers,173172797,405258619.0
Greece,2012,30_pharmaceutical_products,1236771335,25067741.0
Greece,2012,31_fertilizers,133560733,294387992.0
Greece,2013,30_pharmaceutical_products,1391716061,29207810.0
Greece,2013,31_fertilizers,161676935,409922702.0
Greece,2014,30_pharmaceutical_products,1374863815,27588799.0
Greece,2014,31_fertilizers,175996849,458224306.0
Greece,2015,30_pharmaceutical_products,1124111456,28074303.0
Greece,2015,31_fertilizers,177497841,528456265.0
Greece,2016,30_pharmaceutical_products,1167958455,33158217.0
Greece,2016,31_fertilizers,118830346,371715568.0
Greenland,1994,30_pharmaceutical_products,2812,14.0
Greenland,2000,30_pharmaceutical_products,7402,125.0
Greenland,2001,30_pharmaceutical_products,605,2.0
Greenland,2002,30_pharmaceutical_products,12727,21.0
Greenland,2003,30_pharmaceutical_products,13509,3.0
Greenland,2004,30_pharmaceutical_products,16085,4.0
Greenland,2005,30_pharmaceutical_products,34544,11.0
Greenland,2006,30_pharmaceutical_products,4971,15.0
Greenland,2007,30_pharmaceutical_products,1479,263.0
Greenland,2008,30_pharmaceutical_products,3869,398.0
Greenland,2009,30_pharmaceutical_products,1592,326.0
Greenland,2010,30_pharmaceutical_products,5600,399.0
Greenland,2011,30_pharmaceutical_products,6777,350.0
Greenland,2012,30_pharmaceutical_products,28068,929.0
Greenland,2013,30_pharmaceutical_products,84668,924.0
Greenland,2014,30_pharmaceutical_products,5344,809.0
Greenland,2015,30_pharmaceutical_products,13673,742.0
Greenland,2016,30_pharmaceutical_products,3920,1186.0
Grenada,1993,30_pharmaceutical_products,1156,233.0
Grenada,1995,30_pharmaceutical_products,1427,141.0
Grenada,1996,30_pharmaceutical_products,3312,461.0
Grenada,1997,30_pharmaceutical_products,1666,110.0
Grenada,1998,30_pharmaceutical_products,6643,340.0
Grenada,1999,30_pharmaceutical_products,3720,135.0
Grenada,2000,30_pharmaceutical_products,1725,33.0
Grenada,2001,30_pharmaceutical_products,35368,511.0
Grenada,2002,30_pharmaceutical_products,43510,1560.0
Grenada,2003,30_pharmaceutical_products,39690,1164.0
Grenada,2004,30_pharmaceutical_products,24060,703.0
Grenada,2005,30_pharmaceutical_products,7686,606.0
Grenada,2006,30_pharmaceutical_products,3964,92.0
Grenada,2006,31_fertilizers,9259,23500.0
Grenada,2007,30_pharmaceutical_products,7267,1080.0
Grenada,2008,30_pharmaceutical_products,21792,1095.0
Guadeloupe,1994,30_pharmaceutical_products,134761,5397.0
Guadeloupe,1995,30_pharmaceutical_products,137443,8956.0
Guatemala,1993,30_pharmaceutical_products,57329862,4818265.0
Guatemala,1993,31_fertilizers,2753045,11925270.0
Guatemala,1994,30_pharmaceutical_products,62258000,5877444.0
Guatemala,1994,31_fertilizers,4251000,21219975.0
Guatemala,1995,30_pharmaceutical_products,72350949,5072505.0
Guatemala,1995,31_fertilizers,3482862,14383510.0
Guatemala,1996,30_pharmaceutical_products,72009910,6193604.0
Guatemala,1996,31_fertilizers,4414221,15358594.0
Guatemala,1997,30_pharmaceutical_products,66089222,14628174.0
Guatemala,1997,31_fertilizers,5150337,19555349.0
Guatemala,1998,30_pharmaceutical_products,83434318,5860044.0
Guatemala,1998,31_fertilizers,3949571,14738685.0
Guatemala,1999,30_pharmaceutical_products,83468782,6729961.0
Guatemala,1999,31_fertilizers,5057140,21270675.0
Guatemala,2000,30_pharmaceutical_products,83415131,6652669.0
Guatemala,2000,31_fertilizers,4651447,19398826.0
Guatemala,2001,30_pharmaceutical_products,71662362,3800022.0
Guatemala,2001,31_fertilizers,5072165,22685249.0
Guatemala,2002,30_pharmaceutical_products,96640993,4109254.0
Guatemala,2002,31_fertilizers,6190621,32347727.0
Guatemala,2003,30_pharmaceutical_products,99790004,4487587.0
Guatemala,2003,31_fertilizers,6717834,34608447.0
Guatemala,2004,30_pharmaceutical_products,123107607,4220278.0
Guatemala,2004,31_fertilizers,8700514,35207205.0
Guatemala,2005,30_pharmaceutical_products,142239701,13760274.0
Guatemala,2005,31_fertilizers,12931784,50726736.0
Guatemala,2006,30_pharmaceutical_products,46737696,9086837.0
Guatemala,2006,31_fertilizers,9616175,35923490.0
Guatemala,2007,30_pharmaceutical_products,149082277,18832073.0
Guatemala,2007,31_fertilizers,13379318,45082349.0
Guatemala,2008,30_pharmaceutical_products,169251070,30542500.0
Guatemala,2008,31_fertilizers,25885324,52305635.0
Guatemala,2009,30_pharmaceutical_products,164028032,6311373.0
Guatemala,2009,31_fertilizers,34261456,63773836.0
Guatemala,2010,30_pharmaceutical_products,179176794,6057303.0
Guatemala,2010,31_fertilizers,23488726,50600152.0
Guatemala,2011,30_pharmaceutical_products,208511247,7833927.0
Guatemala,2011,31_fertilizers,30357806,60381222.0
Guatemala,2012,30_pharmaceutical_products,222672600,8306428.0
Guatemala,2012,31_fertilizers,29513242,60413290.0
Guatemala,2013,30_pharmaceutical_products,235638831,8062926.0
Guatemala,2013,31_fertilizers,30234412,65747480.0
Guatemala,2014,30_pharmaceutical_products,263395894,7441814.0
Guatemala,2014,31_fertilizers,31242242,66610714.0
Guatemala,2015,30_pharmaceutical_products,311942837,8056916.0
Guatemala,2015,31_fertilizers,33080999,75031494.0
Guinea,1995,31_fertilizers,66401,16000.0
Guinea,1996,30_pharmaceutical_products,115711,2763.0
Guinea,1997,30_pharmaceutical_products,36478,1710.0
Guinea,1998,30_pharmaceutical_products,2186,65.0
Guinea,1999,30_pharmaceutical_products,38874,2497.0
Guinea,2000,30_pharmaceutical_products,5456,81.0
Guinea,2000,31_fertilizers,957,1500.0
Guinea,2001,30_pharmaceutical_products,50584,1421.0
Guinea,2002,30_pharmaceutical_products,6171,40.0
Guinea,2004,30_pharmaceutical_products,992,273.0
Guinea,2005,30_pharmaceutical_products,1665,512.0
Guinea,2006,30_pharmaceutical_products,17905,6112.0
Guinea,2007,30_pharmaceutical_products,9578,6037.0
Guinea,2007,31_fertilizers,35724,71347.0
Guinea,2008,30_pharmaceutical_products,4977,490.0
Guinea,2008,31_fertilizers,77974,131213.0
Guinea,2013,30_pharmaceutical_products,14940,2995.0
Guinea,2013,31_fertilizers,404687,382827.0
Guinea,2014,30_pharmaceutical_products,105299,5278.0
Guinea,2014,31_fertilizers,102024,138900.0
Guinea,2015,30_pharmaceutical_products,836362,15915.0
Guinea,2015,31_fertilizers,105503,179200.0
Guyana,1997,30_pharmaceutical_products,1389000,137781.0
Guyana,1998,30_pharmaceutical_products,1632000,194136.0
Guyana,1999,30_pharmaceutical_products,2075903,184791.0
Guyana,1999,31_fertilizers,2413,9000.0
Guyana,2000,30_pharmaceutical_products,1783317,287643.0
Guyana,2000,31_fertilizers,33501,191968.0
Guyana,2001,30_pharmaceutical_products,1983799,224414.0
Guyana,2001,31_fertilizers,20398,59996.0
Guyana,2002,30_pharmaceutical_products,2107237,227013.0
Guyana,2002,31_fertilizers,1227,76.0
Guyana,2003,30_pharmaceutical_products,1957527,311342.0
Guyana,2003,31_fertilizers,184,2053.0
Guyana,2004,30_pharmaceutical_products,1644498,217765.0
Guyana,2004,31_fertilizers,756,128.0
Guyana,2005,30_pharmaceutical_products,2073648,241289.0
Guyana,2005,31_fertilizers,3194,260.0
Guyana,2006,30_pharmaceutical_products,2328454,480283.0
Guyana,2006,31_fertilizers,1004,104.0
Guyana,2007,30_pharmaceutical_products,2442493,167322.0
Guyana,2007,31_fertilizers,78,102.0
Guyana,2008,30_pharmaceutical_products,3248179,160963.0
Guyana,2008,31_fertilizers,27,9.0
Guyana,2009,30_pharmaceutical_products,2984141,146132.0
Guyana,2009,31_fertilizers,68043,121008.0
Guyana,2010,30_pharmaceutical_products,2718009,203403.0
Guyana,2010,31_fertilizers,4409,1000.0
Guyana,2011,30_pharmaceutical_products,3166930,212903.0
Guyana,2011,31_fertilizers,104419,160000.0
Guyana,2012,30_pharmaceutical_products,2888983,187216.0
Guyana,2012,31_fertilizers,260863,706960.0
Guyana,2013,30_pharmaceutical_products,3358738,524722.0
Guyana,2013,31_fertilizers,438176,490746.0
Guyana,2014,30_pharmaceutical_products,3559649,218581.0
Guyana,2014,31_fertilizers,190052,188470.0
Guyana,2015,30_pharmaceutical_products,6693454,188043.0
Guyana,2015,31_fertilizers,978129,2101056.0
Guyana,2016,30_pharmaceutical_products,3342330,135794.0
Guyana,2016,31_fertilizers,1913723,4607237.0
Haiti,1993,30_pharmaceutical_products,25251,20218.0
Honduras,1994,30_pharmaceutical_products,523098,66401.0
Honduras,1994,31_fertilizers,2844394,13584916.0
Honduras,1995,30_pharmaceutical_products,1378835,113032.0
Honduras,1995,31_fertilizers,941000,3790472.0
Honduras,1996,30_pharmaceutical_products,1851402,574628.0
Honduras,1996,31_fertilizers,1535311,3042386.0
Honduras,1997,30_pharmaceutical_products,2576427,146997.0
Honduras,1997,31_fertilizers,764045,646583.0
Honduras,1998,30_pharmaceutical_products,3286672,271512.0
Honduras,1998,31_fertilizers,337466,169184.0
Honduras,1999,30_pharmaceutical_products,3806998,207202.0
Honduras,1999,31_fertilizers,222980,476799.0
Honduras,2000,30_pharmaceutical_products,151042,1115382.0
Honduras,2000,31_fertilizers,140761,113591.0
Honduras,2001,30_pharmaceutical_products,236984,861013.0
Honduras,2001,31_fertilizers,876679,235881.0
Honduras,2002,30_pharmaceutical_products,2340688,557653.0
Honduras,2002,31_fertilizers,699420,2393978.0
Honduras,2003,30_pharmaceutical_products,3632014,642870.0
Honduras,2003,31_fertilizers,1186942,6256004.0
Honduras,2004,30_pharmaceutical_products,3650885,547102.0
Honduras,2004,31_fertilizers,2174274,6510197.0
Honduras,2005,30_pharmaceutical_products,4599411,806126.0
Honduras,2005,31_fertilizers,1577888,3730092.0
Honduras,2006,30_pharmaceutical_products,3449168,412794.0
Honduras,2006,31_fertilizers,3529507,8983285.0
Honduras,2007,30_pharmaceutical_products,4589088,1049026.0
Honduras,2007,31_fertilizers,1755564,3188483.0
Honduras,2009,30_pharmaceutical_products,3859213,822430.0
Honduras,2009,31_fertilizers,11192129,15808697.0
Honduras,2010,30_pharmaceutical_products,5375088,524272.0
Honduras,2010,31_fertilizers,4833843,9811198.0
Honduras,2011,30_pharmaceutical_products,5316459,380049.0
Honduras,2011,31_fertilizers,7045974,14606804.0
Honduras,2012,30_pharmaceutical_products,6002545,534194.0
Honduras,2012,31_fertilizers,7657689,14212870.0
Honduras,2014,30_pharmaceutical_products,8906913,9255037.0
Honduras,2014,31_fertilizers,9046441,15448633.0
Hungary,1992,30_pharmaceutical_products,176346000,6514624.0
Hungary,1992,31_fertilizers,25269000,556437892.0
Hungary,1993,30_pharmaceutical_products,204656008,6327965.0
Hungary,1993,31_fertilizers,13966000,509072176.0
Hungary,1994,30_pharmaceutical_products,229332000,7492450.0
Hungary,1994,31_fertilizers,11133000,625909167.0
Hungary,1995,30_pharmaceutical_products,247414008,8479318.0
Hungary,1995,31_fertilizers,25062000,569833397.0
Hungary,1996,30_pharmaceutical_products,267757000,9340362.0
Hungary,1996,31_fertilizers,23043000,587200998.0
Hungary,1997,30_pharmaceutical_products,342473008,10712327.0
Hungary,1997,31_fertilizers,19663000,510620143.0
Hungary,1998,30_pharmaceutical_products,293073992,9520653.0
Hungary,1998,31_fertilizers,14357000,679811346.0
Hungary,1999,30_pharmaceutical_products,288517000,7921479.0
Hungary,1999,31_fertilizers,15725000,126268757.0
Hungary,2000,30_pharmaceutical_products,338026000,8846135.0
Hungary,2000,31_fertilizers,20596000,176621800.0
Hungary,2001,30_pharmaceutical_products,414202000,10389573.0
Hungary,2001,31_fertilizers,19411000,425107115.0
Hungary,2002,30_pharmaceutical_products,402051000,9570179.0
Hungary,2002,31_fertilizers,19458000,436618200.0
Hungary,2003,30_pharmaceutical_products,679905000,11469350.0
Hungary,2003,31_fertilizers,31555000,478020700.0
Hungary,2004,30_pharmaceutical_products,1038964000,14393522.0
Hungary,2004,31_fertilizers,42347000,290732026.0
Hungary,2005,30_pharmaceutical_products,1325704000,19768789.0
Hungary,2005,31_fertilizers,65138000,316391340.0
Hungary,2006,30_pharmaceutical_products,1787893000,21942188.0
Hungary,2006,31_fertilizers,78147000,331293500.0
Hungary,2007,30_pharmaceutical_products,2265326000,27182951.0
Hungary,2007,31_fertilizers,119206000,424618900.0
Hungary,2008,30_pharmaceutical_products,3092785000,32115553.0
Hungary,2008,31_fertilizers,187646000,368103400.0
Hungary,2009,30_pharmaceutical_products,2932160000,28172847.0
Hungary,2009,31_fertilizers,114980000,442146504.0
Hungary,2010,30_pharmaceutical_products,3134806000,34008127.0
Hungary,2010,31_fertilizers,153946000,576207500.0
Hungary,2011,30_pharmaceutical_products,4223957000,37341984.0
Hungary,2011,31_fertilizers,241076000,650730300.0
Hungary,2012,30_pharmaceutical_products,4262768000,33728929.0
Hungary,2012,31_fertilizers,189137000,522689400.0
Hungary,2013,30_pharmaceutical_products,4522395896,34956894.0
Hungary,2013,31_fertilizers,156353173,453264187.0
Hungary,2014,30_pharmaceutical_products,4464101475,46047734.0
Hungary,2014,31_fertilizers,223894053,792379933.0
Hungary,2015,30_pharmaceutical_products,4528220198,67208981.0
Hungary,2015,31_fertilizers,145912298,527117247.0
Hungary,2016,30_pharmaceutical_products,4383404802,75080288.0
Hungary,2016,31_fertilizers,123778344,528178955.0
Iceland,1988,30_pharmaceutical_products,290679,5648.0
Iceland,1989,30_pharmaceutical_products,119699,2213.0
Iceland,1990,30_pharmaceutical_products,616937,3072.0
Iceland,1990,31_fertilizers,1473,6000.0
Iceland,1991,30_pharmaceutical_products,207030,2954.0
Iceland,1992,30_pharmaceutical_products,450627,7037.0
Iceland,1993,30_pharmaceutical_products,724949,8382.0
Iceland,1994,30_pharmaceutical_products,462813,5375.0
Iceland,1995,30_pharmaceutical_products,9430095,104515.0
Iceland,1995,31_fertilizers,1114353,792721.0
Iceland,1996,30_pharmaceutical_products,6790844,60319.0
Iceland,1996,31_fertilizers,7542,26000.0
Iceland,1997,30_pharmaceutical_products,5298164,58867.0
Iceland,1997,31_fertilizers,475,1187.0
Iceland,1998,30_pharmaceutical_products,5413543,73993.0
Iceland,1998,31_fertilizers,1611,875.0
Iceland,1999,30_pharmaceutical_products,6954768,113253.0
Iceland,2000,30_pharmaceutical_products,15012757,201368.0
Iceland,2000,31_fertilizers,1714,4000.0
Iceland,2001,30_pharmaceutical_products,35907799,288569.0
Iceland,2002,30_pharmaceutical_products,66588966,389692.0
Iceland,2002,31_fertilizers,31039,226215.0
Iceland,2003,30_pharmaceutical_products,66926722,369691.0
Iceland,2003,31_fertilizers,682279,3231900.0
Iceland,2004,30_pharmaceutical_products,126778506,725117.0
Iceland,2004,31_fertilizers,1935,1370.0
Iceland,2005,30_pharmaceutical_products,91835004,502640.0
Iceland,2005,31_fertilizers,2148,99.0
Iceland,2006,30_pharmaceutical_products,80233756,476780.0
Iceland,2006,31_fertilizers,12770,900.0
Iceland,2007,30_pharmaceutical_products,89647247,552757.0
Iceland,2008,30_pharmaceutical_products,109077410,772037.0
Iceland,2009,30_pharmaceutical_products,94827177,677490.0
Iceland,2009,31_fertilizers,6479,10799.0
Iceland,2010,30_pharmaceutical_products,127204520,933463.0
Iceland,2010,31_fertilizers,648,318.0
Iceland,2011,30_pharmaceutical_products,123236492,958161.0
Iceland,2012,30_pharmaceutical_products,121031551,1083612.0
Iceland,2012,31_fertilizers,5343,4070.0
Iceland,2013,30_pharmaceutical_products,92815560,972067.0
Iceland,2013,31_fertilizers,28064,112.0
Iceland,2014,30_pharmaceutical_products,81814062,813298.0
Iceland,2014,31_fertilizers,2516,2950.0
Iceland,2015,30_pharmaceutical_products,72264160,852529.0
Iceland,2015,31_fertilizers,262,48.0
Iceland,2016,30_pharmaceutical_products,70475831,826477.0
India,1988,30_pharmaceutical_products,243927494,31505.0
India,1988,31_fertilizers,385409,3367000.0
India,1989,30_pharmaceutical_products,416315114,3147.0
India,1989,31_fertilizers,346376,2947000.0
India,1990,30_pharmaceutical_products,423021978,16699.0
India,1990,31_fertilizers,126277,1162000.0
India,1991,30_pharmaceutical_products,448757106,32528.0
India,1991,31_fertilizers,5569849,26776000.0
India,1992,30_pharmaceutical_products,385515424,30972.0
India,1992,31_fertilizers,1258820,4980011.0
India,1993,30_pharmaceutical_products,426360697,16427.0
India,1993,31_fertilizers,4359719,25641000.0
India,1994,30_pharmaceutical_products,503106457,52245.0
India,1994,31_fertilizers,22695449,232754000.0
India,1995,30_pharmaceutical_products,605853808,35217.0
India,1995,31_fertilizers,28372179,170439000.0
India,1996,30_pharmaceutical_products,671986227,61406929.0
India,1996,31_fertilizers,23704212,143306983.0
India,1997,30_pharmaceutical_products,780697581,73315671.0
India,1997,31_fertilizers,6931980,44262247.0
India,1998,30_pharmaceutical_products,729515718,67346984.0
India,1998,31_fertilizers,6850566,72216416.0
India,1999,30_pharmaceutical_products,861088963,68746832.0
India,1999,31_fertilizers,2576831,16402619.0
India,2000,30_pharmaceutical_products,885123732,101151242.0
India,2000,31_fertilizers,6380423,37460813.0
India,2001,30_pharmaceutical_products,1047143315,107287111.0
India,2001,31_fertilizers,19285878,65771867.0
India,2002,30_pharmaceutical_products,1259037875,153698697.0
India,2002,31_fertilizers,2290703,6642693.0
India,2003,30_pharmaceutical_products,1565502157,235907906.0
India,2003,31_fertilizers,6547375,23595086.0
India,2004,30_pharmaceutical_products,1908546129,160117501.0
India,2004,31_fertilizers,9527056,45567928.0
India,2005,30_pharmaceutical_products,2343595258,167848276.0
India,2005,31_fertilizers,14376405,59570986.0
India,2006,30_pharmaceutical_products,2991143749,219503466.0
India,2006,31_fertilizers,11821640,51763032.0
India,2007,30_pharmaceutical_products,3832123663,237876117.0
India,2007,31_fertilizers,15714585,49354938.0
India,2008,30_pharmaceutical_products,5003346063,329673586.0
India,2008,31_fertilizers,43170107,134101174.0
India,2009,30_pharmaceutical_products,5009556530,541618215.0
India,2009,31_fertilizers,136366352,293850604.0
India,2010,30_pharmaceutical_products,6093215943,23642437.0
India,2010,31_fertilizers,39954314,77660878.0
India,2011,30_pharmaceutical_products,8246148467,442670864.0
India,2011,31_fertilizers,80540552,163954964.0
India,2012,30_pharmaceutical_products,9569575969,358858404.0
India,2012,31_fertilizers,94145011,159899293.0
India,2013,30_pharmaceutical_products,11656176031,426635976.0
India,2013,31_fertilizers,75610236,138489857.0
India,2014,30_pharmaceutical_products,11557858152,427101019.0
India,2014,31_fertilizers,77599897,143963079.0
India,2015,30_pharmaceutical_products,12495537468,398048360.0
India,2015,31_fertilizers,96877924,236272797.0
India,2016,30_pharmaceutical_products,13027662723,400308852.0
India,2016,31_fertilizers,87055812,204324394.0
Indonesia,1989,30_pharmaceutical_products,7809000,5372622.0
Indonesia,1989,31_fertilizers,165360008,1655518591.0
Indonesia,1990,30_pharmaceutical_products,9585052,4982763.0
Indonesia,1990,31_fertilizers,194169419,1558534295.0
Indonesia,1991,30_pharmaceutical_products,12150824,4145405.0
Indonesia,1991,31_fertilizers,297582421,1838285166.0
Indonesia,1992,30_pharmaceutical_products,11270300,8334903.0
Indonesia,1992,31_fertilizers,185953862,1248448047.0
Indonesia,1993,30_pharmaceutical_products,20459932,4754752.0
Indonesia,1993,31_fertilizers,153499684,1346513045.0
Indonesia,1994,30_pharmaceutical_products,27248015,4401422.0
Indonesia,1994,31_fertilizers,179876768,1379310179.0
Indonesia,1995,30_pharmaceutical_products,35079712,3442680.0
Indonesia,1995,31_fertilizers,277220946,1338187437.0
Indonesia,1996,30_pharmaceutical_products,38644960,5705226.0
Indonesia,1996,31_fertilizers,271336910,1270933141.0
Indonesia,1997,30_pharmaceutical_products,32132995,3176237.0
Indonesia,1997,31_fertilizers,312360062,2104322676.0
Indonesia,1998,30_pharmaceutical_products,40496293,3463023.0
Indonesia,1998,31_fertilizers,168922358,1579351829.0
Indonesia,1999,30_pharmaceutical_products,64489206,8462164.0
Indonesia,1999,31_fertilizers,186900486,2068288374.0
Indonesia,2000,30_pharmaceutical_products,67353309,10587230.0
Indonesia,2000,31_fertilizers,211530315,1961162613.0
Indonesia,2001,30_pharmaceutical_products,75898428,11845737.0
Indonesia,2001,31_fertilizers,130249549,1191991374.0
Indonesia,2002,30_pharmaceutical_products,87204619,9399392.0
Indonesia,2002,31_fertilizers,134646052,1198169944.0
Indonesia,2003,30_pharmaceutical_products,104306254,13849317.0
Indonesia,2003,31_fertilizers,187860389,1314518187.0
Indonesia,2004,30_pharmaceutical_products,118136803,10561831.0
Indonesia,2004,31_fertilizers,87823819,477518905.0
Indonesia,2005,30_pharmaceutical_products,97046059,8124658.0
Indonesia,2005,31_fertilizers,171647623,724034225.0
Indonesia,2006,30_pharmaceutical_products,131790259,9488106.0
Indonesia,2006,31_fertilizers,19515329,96481013.0
Indonesia,2007,30_pharmaceutical_products,176399169,10964438.0
Indonesia,2007,31_fertilizers,219261441,747492617.0
Indonesia,2008,30_pharmaceutical_products,205335254,11976279.0
Indonesia,2008,31_fertilizers,162731077,274472954.0
Indonesia,2009,30_pharmaceutical_products,212969889,12622531.0
Indonesia,2009,31_fertilizers,222766120,662340060.0
Indonesia,2010,30_pharmaceutical_products,306790891,16405668.0
Indonesia,2010,31_fertilizers,360378576,1162117299.0
Indonesia,2011,30_pharmaceutical_products,385991135,19031093.0
Indonesia,2011,31_fertilizers,432965111,975882199.0
Indonesia,2012,30_pharmaceutical_products,433219765,21544791.0
Indonesia,2012,31_fertilizers,549378358,1275301892.0
Indonesia,2013,30_pharmaceutical_products,442808561,44388887.0
Indonesia,2013,31_fertilizers,677249905,1866828333.0
Indonesia,2014,30_pharmaceutical_products,518046515,24644489.0
Indonesia,2014,31_fertilizers,501486973,1524519673.0
Indonesia,2015,30_pharmaceutical_products,586412804,25711287.0
Indonesia,2015,31_fertilizers,303648619,1043240364.0
Indonesia,2016,30_pharmaceutical_products,565855033,19987264.0
Indonesia,2016,31_fertilizers,357146873,1566205807.0
Iran,1997,30_pharmaceutical_products,2229115,1568239.0
Iran,1997,31_fertilizers,373417,4938875.0
Iran,1998,30_pharmaceutical_products,3621532,1682174.0
Iran,1998,31_fertilizers,40424151,542370905.0
Iran,1999,30_pharmaceutical_products,6033116,2210932.0
Iran,1999,31_fertilizers,3819351,50893658.0
Iran,2000,30_pharmaceutical_products,8741859,1590981.0
Iran,2000,31_fertilizers,45537,557458.0
Iran,2001,30_pharmaceutical_products,11883892,1968047.0
Iran,2001,31_fertilizers,107037,939866.0
Iran,2002,30_pharmaceutical_products,21701252,3612780.0
Iran,2002,31_fertilizers,13068722,129781511.0
Iran,2003,30_pharmaceutical_products,29044904,4589549.0
Iran,2003,31_fertilizers,16375443,145378983.0
Iran,2004,30_pharmaceutical_products,33296255,3682344.0
Iran,2004,31_fertilizers,25840848,185389656.0
Iran,2005,30_pharmaceutical_products,49033320,4512961.0
Iran,2005,31_fertilizers,5842775,30682053.0
Iran,2006,30_pharmaceutical_products,55532172,5369606.0
Iran,2006,31_fertilizers,1793037,12661000.0
Iran,2010,30_pharmaceutical_products,106443453,11302283.0
Iran,2010,31_fertilizers,280252041,1117835906.0
Iran,2011,30_pharmaceutical_products,140624834,10466017.0
Iran,2011,31_fertilizers,1000762540,2919038758.0
Iraq,2011,31_fertilizers,225000,2500000.0
Iraq,2012,31_fertilizers,90000,1000000.0
Ireland,1992,30_pharmaceutical_products,1364655127,58562341.0
Ireland,1992,31_fertilizers,36151100,282067922.0
Ireland,1993,30_pharmaceutical_products,1168323196,57623729.0
Ireland,1993,31_fertilizers,50063159,479196738.0
Ireland,1994,30_pharmaceutical_products,1687996134,69851969.0
Ireland,1994,31_fertilizers,55933826,451468594.0
Ireland,1995,30_pharmaceutical_products,1859414717,72597981.0
Ireland,1995,31_fertilizers,67754916,434459106.0
Ireland,1996,30_pharmaceutical_products,2413255435,91839638.0
Ireland,1996,31_fertilizers,56074103,344892988.0
Ireland,1997,30_pharmaceutical_products,2950723813,65516018.0
Ireland,1997,31_fertilizers,59560658,445872582.0
Ireland,1998,30_pharmaceutical_products,4288944422,81020131.0
Ireland,1998,31_fertilizers,53923850,463993363.0
Ireland,1999,30_pharmaceutical_products,4358296306,122245078.0
Ireland,1999,31_fertilizers,42769492,354875147.0
Ireland,2000,30_pharmaceutical_products,4185003620,126529151.0
Ireland,2000,31_fertilizers,36167353,287959844.0
Ireland,2001,30_pharmaceutical_products,7280981828,116099478.0
Ireland,2001,31_fertilizers,43037521,367949553.0
Ireland,2002,30_pharmaceutical_products,13531688636,123395108.0
Ireland,2002,31_fertilizers,32890356,276778111.0
Ireland,2003,30_pharmaceutical_products,13984744852,123615512.0
Ireland,2003,31_fertilizers,4235208,26130343.0
Ireland,2004,30_pharmaceutical_products,17767215673,154855526.0
Ireland,2004,31_fertilizers,9525327,45112722.0
Ireland,2005,30_pharmaceutical_products,16502421122,162035706.0
Ireland,2005,31_fertilizers,13312350,24350765.0
Ireland,2006,30_pharmaceutical_products,16794802421,204182906.0
Ireland,2006,31_fertilizers,8170683,15694454.0
Ireland,2007,30_pharmaceutical_products,18749691722,193079859.0
Ireland,2007,31_fertilizers,10496891,20805139.0
Ireland,2008,30_pharmaceutical_products,22588139473,157208911.0
Ireland,2008,31_fertilizers,15348842,22489710.0
Ireland,2009,30_pharmaceutical_products,28678191146,154511225.0
Ireland,2009,31_fertilizers,15312264,50162888.0
Ireland,2010,30_pharmaceutical_products,30893792809,177276663.0
Ireland,2010,31_fertilizers,13860842,51550899.0
Ireland,2011,30_pharmaceutical_products,35164791101,162669565.0
Ireland,2011,31_fertilizers,14965581,49566752.0
Ireland,2012,30_pharmaceutical_products,29217702560,169900647.0
Ireland,2012,31_fertilizers,17232843,56448595.0
Ireland,2013,30_pharmaceutical_products,25951233587,172577597.0
Ireland,2013,31_fertilizers,22543054,68432954.0
Ireland,2014,30_pharmaceutical_products,27085855221,172689923.0
Ireland,2014,31_fertilizers,25941652,73892640.0
Ireland,2015,30_pharmaceutical_products,31727992302,196563955.0
Ireland,2015,31_fertilizers,25555484,78199724.0
Ireland,2016,30_pharmaceutical_products,31654722876,184070043.0
Ireland,2016,31_fertilizers,24348369,70306422.0
Israel,1995,30_pharmaceutical_products,237822992,0.0
Israel,1995,31_fertilizers,350774008,0.0
Israel,1996,30_pharmaceutical_products,311450000,0.0
Israel,1996,31_fertilizers,331735000,1533251217.0
Israel,1997,30_pharmaceutical_products,388551000,0.0
Israel,1997,31_fertilizers,391167000,2680393857.0
Israel,1998,30_pharmaceutical_products,368628008,0.0
Israel,1998,31_fertilizers,438250016,2519411456.0
Israel,1999,30_pharmaceutical_products,381822000,0.0
Israel,1999,31_fertilizers,440144000,0.0
Israel,2000,30_pharmaceutical_products,411581000,12374007.0
Israel,2000,31_fertilizers,423605000,3212968565.0
Israel,2001,30_pharmaceutical_products,599457000,18810460.0
Israel,2001,31_fertilizers,414898000,25774744374.0
Israel,2002,30_pharmaceutical_products,856127000,25223455.0
Israel,2002,31_fertilizers,414807000,1094138256.0
Israel,2003,30_pharmaceutical_products,872575000,22985103.0
Israel,2003,31_fertilizers,495807000,32449524555.0
Israel,2004,30_pharmaceutical_products,1248602000,34189195.0
Israel,2004,31_fertilizers,589855000,107438037886.0
Israel,2005,30_pharmaceutical_products,2027317000,47698966.0
Israel,2005,31_fertilizers,762542000,1429518799.0
Israel,2006,30_pharmaceutical_products,3105298000,71948597.0
Israel,2006,31_fertilizers,682799000,1491945164.0
Israel,2007,30_pharmaceutical_products,3456016000,9166902.0
Israel,2007,31_fertilizers,1137916000,1718170455.0
Israel,2008,30_pharmaceutical_products,4789258000,9442155.0
Israel,2008,31_fertilizers,2569769000,3752201657.0
Israel,2009,30_pharmaceutical_products,4524284000,1793003.0
Israel,2009,31_fertilizers,1115013000,1337919297.0
Israel,2010,30_pharmaceutical_products,6434465000,3887202.0
Israel,2010,31_fertilizers,1794933000,1796866182.0
Israel,2011,30_pharmaceutical_products,7038217000,2434982.0
Israel,2011,31_fertilizers,2111716000,2337405750.0
Israel,2012,30_pharmaceutical_products,6540178000,619551.0
Israel,2012,31_fertilizers,1795412000,3629701552.0
Israel,2013,30_pharmaceutical_products,6062877000,222792.0
Israel,2013,31_fertilizers,1729683000,4056751790.0
Israel,2014,30_pharmaceutical_products,6212071000,1543744.0
Israel,2014,31_fertilizers,1496460000,1647998077.0
Israel,2015,30_pharmaceutical_products,6547043000,303138.0
Israel,2015,31_fertilizers,1203645000,1170480415.0
Israel,2016,30_pharmaceutical_products,6657529000,285104.0
Israel,2016,31_fertilizers,1113868000,1556301344.0
Italy,1994,30_pharmaceutical_products,1700897347,53258141.0
Italy,1994,31_fertilizers,53619235,521632005.0
Italy,1995,30_pharmaceutical_products,2367575268,71326183.0
Italy,1995,31_fertilizers,63973628,543535296.0
Italy,1996,30_pharmaceutical_products,2948836277,68606656.0
Italy,1996,31_fertilizers,65003960,430221102.0
Italy,1997,30_pharmaceutical_products,3280003092,70899405.0
Italy,1997,31_fertilizers,62332365,467536061.0
Italy,1998,30_pharmaceutical_products,3806494705,74964243.0
Italy,1998,31_fertilizers,76351457,689094480.0
Italy,1999,30_pharmaceutical_products,4594416916,84546689.0
Italy,1999,31_fertilizers,70199777,563305034.0
Italy,2000,30_pharmaceutical_products,5437219872,87248919.0
Italy,2000,31_fertilizers,67696325,570303168.0
Italy,2001,30_pharmaceutical_products,6346636794,109689402.0
Italy,2001,31_fertilizers,75960960,552443129.0
Italy,2002,30_pharmaceutical_products,7986776918,125127177.0
Italy,2002,31_fertilizers,63563558,374395230.0
Italy,2003,30_pharmaceutical_products,9023821033,151176973.0
Italy,2003,31_fertilizers,89621586,443189234.0
Italy,2004,30_pharmaceutical_products,10064912235,160976806.0
Italy,2004,31_fertilizers,119856215,480706022.0
Italy,2005,30_pharmaceutical_products,11690327315,180120688.0
Italy,2005,31_fertilizers,140543706,448233450.0
Italy,2006,30_pharmaceutical_products,12852538826,185841752.0
Italy,2006,31_fertilizers,170236395,544343078.0
Italy,2007,30_pharmaceutical_products,14428753422,190141445.0
Italy,2007,31_fertilizers,217685229,594645724.0
Italy,2008,30_pharmaceutical_products,15291014327,210479178.0
Italy,2008,31_fertilizers,440557602,596794633.0
Italy,2009,30_pharmaceutical_products,14830871755,221659679.0
Italy,2009,31_fertilizers,326341196,661915071.0
Italy,2010,30_pharmaceutical_products,16344728098,235026847.0
Italy,2010,31_fertilizers,415936294,799320944.0
Italy,2011,30_pharmaceutical_products,18880015032,251585886.0
Italy,2011,31_fertilizers,524378233,933903736.0
Italy,2012,30_pharmaceutical_products,19960451209,262855800.0
Italy,2012,31_fertilizers,550416626,1111753497.0
Italy,2013,30_pharmaceutical_products,23556877749,260412607.0
Italy,2013,31_fertilizers,537270811,1025634657.0
Italy,2014,30_pharmaceutical_products,25248515966,277704360.0
Italy,2014,31_fertilizers,575200065,1137978684.0
Italy,2015,30_pharmaceutical_products,19786602673,275129531.0
Italy,2015,31_fertilizers,443112541,966781647.0
Italy,2016,30_pharmaceutical_products,21139835567,291825461.0
Italy,2016,31_fertilizers,409398441,959482437.0
Jamaica,1991,30_pharmaceutical_products,3028605,231431.0
Jamaica,1992,30_pharmaceutical_products,3975242,300797.0
Jamaica,1992,31_fertilizers,23,218.0
Jamaica,1993,30_pharmaceutical_products,3983237,269982.0
Jamaica,1993,31_fertilizers,5172,5562.0
Jamaica,1996,30_pharmaceutical_products,2517911,70299.0
Jamaica,1996,31_fertilizers,120009,251921.0
Jamaica,1997,30_pharmaceutical_products,2934505,79973.0
Jamaica,1998,30_pharmaceutical_products,2854618,97241.0
Jamaica,1998,31_fertilizers,111489,416027.0
Jamaica,1999,30_pharmaceutical_products,2471577,95818.0
Jamaica,1999,31_fertilizers,50552,193023.0
Jamaica,2000,30_pharmaceutical_products,2038634,95069.0
Jamaica,2000,31_fertilizers,26177,100000.0
Jamaica,2001,30_pharmaceutical_products,2725229,194103.0
Jamaica,2002,30_pharmaceutical_products,2222484,259527.0
Jamaica,2002,31_fertilizers,6151,22000.0
Jamaica,2003,30_pharmaceutical_products,2333936,232240.0
Jamaica,2003,31_fertilizers,280180,635144.0
Jamaica,2004,30_pharmaceutical_products,2040681,475311.0
Jamaica,2004,31_fertilizers,145453,399863.0
Jamaica,2005,30_pharmaceutical_products,2309984,474819.0
Jamaica,2005,31_fertilizers,901994,2030129.0
Jamaica,2006,30_pharmaceutical_products,2285893,549500.0
Jamaica,2006,31_fertilizers,459645,941349.0
Jamaica,2007,30_pharmaceutical_products,3425678,730578.0
Jamaica,2007,31_fertilizers,3955,2229.0
Jamaica,2008,30_pharmaceutical_products,3990655,973291.0
Jamaica,2008,31_fertilizers,29291,23809.0
Jamaica,2009,30_pharmaceutical_products,3908427,778739.0
Jamaica,2009,31_fertilizers,164982,223019.0
Jamaica,2010,30_pharmaceutical_products,5773226,1135556.0
Jamaica,2010,31_fertilizers,112886,51397.0
Jamaica,2011,30_pharmaceutical_products,3115261,134586.0
Jamaica,2011,31_fertilizers,27053,12098.0
Jamaica,2012,30_pharmaceutical_products,2903288,77769.0
Jamaica,2012,31_fertilizers,2749800,4978978.0
Jamaica,2013,30_pharmaceutical_products,3732021,117977.0
Jamaica,2013,31_fertilizers,22900,4166.0
Jamaica,2014,30_pharmaceutical_products,3682218,76119.0
Jamaica,2014,31_fertilizers,486862,16033.0
Jamaica,2015,30_pharmaceutical_products,2581647,49750.0
Jamaica,2015,31_fertilizers,17087,38199.0
Jamaica,2016,30_pharmaceutical_products,3362659,80325.0
Jamaica,2016,31_fertilizers,26563,7590.0
Japan,1988,30_pharmaceutical_products,224154702,10967743.0
Japan,1988,31_fertilizers,126640827,1003206000.0
Japan,1989,30_pharmaceutical_products,217016815,10805369.0
Japan,1989,31_fertilizers,129882591,882229000.0
Japan,1990,30_pharmaceutical_products,293309619,14287221.0
Japan,1990,31_fertilizers,100392554,867242000.0
Japan,1991,30_pharmaceutical_products,387338689,14002472.0
Japan,1991,31_fertilizers,119113532,1067343000.0
Japan,1992,30_pharmaceutical_products,500600954,16481672.0
Japan,1992,31_fertilizers,108873660,1006069080.0
Japan,1993,30_pharmaceutical_products,594352138,12392276.0
Japan,1993,31_fertilizers,104040745,891914980.0
Japan,1994,30_pharmaceutical_products,646398123,8219153.0
Japan,1994,31_fertilizers,98429074,851916056.0
Japan,1995,30_pharmaceutical_products,872522348,8680338.0
Japan,1995,31_fertilizers,122809574,978253434.0
Japan,1996,30_pharmaceutical_products,937187873,8968170.0
Japan,1996,31_fertilizers,122736076,1004646590.0
Japan,1997,30_pharmaceutical_products,1075218615,9790093.0
Japan,1997,31_fertilizers,110913490,949998674.0
Japan,1998,30_pharmaceutical_products,1043575057,9965723.0
Japan,1998,31_fertilizers,84870286,938768251.0
Japan,1999,30_pharmaceutical_products,1579061437,10135389.0
Japan,1999,31_fertilizers,92240978,1028941740.0
Japan,2000,30_pharmaceutical_products,1886828085,10704275.0
Japan,2000,31_fertilizers,93050442,1079895298.0
Japan,2001,30_pharmaceutical_products,1946408484,10844711.0
Japan,2001,31_fertilizers,80631547,896060830.0
Japan,2002,30_pharmaceutical_products,1954088700,13583162.0
Japan,2002,31_fertilizers,84218363,894341773.0
Japan,2003,30_pharmaceutical_products,2429792243,18245441.0
Japan,2003,31_fertilizers,86139782,918532744.0
Japan,2004,30_pharmaceutical_products,2739949927,20881631.0
Japan,2004,31_fertilizers,103135037,909891622.0
Japan,2005,30_pharmaceutical_products,2535115379,21073139.0
Japan,2005,31_fertilizers,109694266,910368634.0
Japan,2006,30_pharmaceutical_products,2477160077,22726532.0
Japan,2006,31_fertilizers,105125601,881584651.0
Japan,2007,30_pharmaceutical_products,2468807394,25160027.0
Japan,2007,31_fertilizers,129672283,935236300.0
Japan,2008,30_pharmaceutical_products,2958563056,27042492.0
Japan,2008,31_fertilizers,225519743,815743676.0
Japan,2009,30_pharmaceutical_products,3444093314,26799870.0
Japan,2009,31_fertilizers,98716038,680477099.0
Japan,2010,30_pharmaceutical_products,3605183395,29636663.0
Japan,2010,31_fertilizers,146650355,881292785.0
Japan,2011,30_pharmaceutical_products,3803615621,31856797.0
Japan,2011,31_fertilizers,204899699,828003385.0
Japan,2012,30_pharmaceutical_products,3387555220,33286746.0
Japan,2012,31_fertilizers,198181331,737548662.0
Japan,2013,30_pharmaceutical_products,3239598611,35213405.0
Japan,2013,31_fertilizers,157114118,751400414.0
Japan,2014,30_pharmaceutical_products,2917972024,32517044.0
Japan,2014,31_fertilizers,117541251,692856615.0
Japan,2015,30_pharmaceutical_products,3407203884,36269794.0
Japan,2015,31_fertilizers,117125219,657029833.0
Japan,2016,30_pharmaceutical_products,4060562293,38688001.0
Japan,2016,31_fertilizers,104408747,513310824.0
Jordan,1994,30_pharmaceutical_products,138378006,7095896.0
Jordan,1994,31_fertilizers,260355675,445398.0
Jordan,1995,30_pharmaceutical_products,144023059,6682160.0
Jordan,1995,31_fertilizers,335041948,2924022.0
Jordan,1997,30_pharmaceutical_products,26709627,2229530.0
Jordan,1997,31_fertilizers,274036465,593710.0
Jordan,1998,30_pharmaceutical_products,142424522,10541636.0
Jordan,1998,31_fertilizers,303327960,301500.0
Jordan,1999,30_pharmaceutical_products,148739228,11314224.0
Jordan,1999,31_fertilizers,288260688,1155812.0
Jordan,2000,30_pharmaceutical_products,110447000,10151110.0
Jordan,2000,31_fertilizers,111951816,599480.0
Jordan,2001,30_pharmaceutical_products,192927981,11891093.0
Jordan,2001,31_fertilizers,281576027,224038.0
Jordan,2002,30_pharmaceutical_products,217206988,12333817.0
Jordan,2002,31_fertilizers,283234434,121000.0
Jordan,2003,30_pharmaceutical_products,210818536,13212917.0
Jordan,2003,31_fertilizers,308372541,42187249.0
Jordan,2004,30_pharmaceutical_products,244744027,10932595.0
Jordan,2004,31_fertilizers,409187251,45118291.0
Jordan,2005,30_pharmaceutical_products,299389042,7912398.0
Jordan,2005,31_fertilizers,458436908,60807027.0
Jordan,2006,30_pharmaceutical_products,313189472,11404631.0
Jordan,2006,31_fertilizers,469322516,119779561.0
Jordan,2007,30_pharmaceutical_products,445913373,13304380.0
Jordan,2007,31_fertilizers,630729838,2530289839.0
Jordan,2008,30_pharmaceutical_products,530949860,14329436.0
Jordan,2008,31_fertilizers,1355044744,2466341398.0
Jordan,2009,30_pharmaceutical_products,521248521,177467.0
Jordan,2009,31_fertilizers,787468474,947043538.0
Jordan,2010,30_pharmaceutical_products,684275713,29532744.0
Jordan,2010,31_fertilizers,1083391221,1735836147.0
Jordan,2011,30_pharmaceutical_products,583021007,16040201.0
Jordan,2011,31_fertilizers,1212495653,1772279543.0
Jordan,2012,30_pharmaceutical_products,630038893,20329376.0
Jordan,2012,31_fertilizers,1010279453,605105595.0
Jordan,2013,30_pharmaceutical_products,720746614,20415956.0
Jordan,2013,31_fertilizers,896017528,636635745.0
Jordan,2014,30_pharmaceutical_products,658139253,20438160.0
Jordan,2014,31_fertilizers,1024044186,1610684649.0
Jordan,2015,30_pharmaceutical_products,634731787,19091110.0
Jordan,2015,31_fertilizers,825633579,398860604.0
Jordan,2016,30_pharmaceutical_products,719286835,20589572.0
Jordan,2016,31_fertilizers,611837735,469137575.0
Kazakhstan,2001,30_pharmaceutical_products,1714300,336006.0
Kazakhstan,2001,31_fertilizers,4375100,39323500.0
Kazakhstan,2002,30_pharmaceutical_products,1088800,229907.0
Kazakhstan,2002,31_fertilizers,13722600,124185200.0
Kazakhstan,2003,30_pharmaceutical_products,2313300,59307.0
Kazakhstan,2003,31_fertilizers,17873700,86102627.0
Kazakhstan,2004,30_pharmaceutical_products,3583016,389265.0
Kazakhstan,2004,31_fertilizers,33510953,228075845.0
Kazakhstan,2005,30_pharmaceutical_products,5261691,533165.0
Kazakhstan,2005,31_fertilizers,24903763,129539192.0
Kazakhstan,2006,30_pharmaceutical_products,11999542,1122424.0
Kazakhstan,2006,31_fertilizers,14563275,98816044.0
Kazakhstan,2007,30_pharmaceutical_products,16484723,1322451.0
Kazakhstan,2007,31_fertilizers,40938530,245084142.0
Kazakhstan,2008,30_pharmaceutical_products,20146098,1355214.0
Kazakhstan,2008,31_fertilizers,73227690,193202513.0
Kazakhstan,2009,30_pharmaceutical_products,16440168,748809.0
Kazakhstan,2009,31_fertilizers,16755475,102000509.0
Kazakhstan,2010,30_pharmaceutical_products,17104975,699788.0
Kazakhstan,2010,31_fertilizers,23375739,118793921.0
Kazakhstan,2011,30_pharmaceutical_products,23107089,577495.0
Kazakhstan,2011,31_fertilizers,70635879,199416500.0
Kazakhstan,2012,30_pharmaceutical_products,24558170,620200.0
Kazakhstan,2012,31_fertilizers,65435080,189635105.0
Kazakhstan,2013,30_pharmaceutical_products,23481383,672560.0
Kazakhstan,2013,31_fertilizers,62304504,193195612.0
Kazakhstan,2014,30_pharmaceutical_products,21443393,544370.0
Kazakhstan,2014,31_fertilizers,68945733,248349382.0
Kazakhstan,2015,30_pharmaceutical_products,27735945,525936.0
Kazakhstan,2015,31_fertilizers,45728958,150806564.0
Kazakhstan,2016,30_pharmaceutical_products,22287113,1361524.0
Kazakhstan,2016,31_fertilizers,45036581,193036038.0
Kenya,1992,30_pharmaceutical_products,9667346,1360582.0
Kenya,1992,31_fertilizers,69199,72023.0
Kenya,1997,30_pharmaceutical_products,30628402,4056992.0
Kenya,1997,31_fertilizers,13947,49023.0
Kenya,1998,30_pharmaceutical_products,27387764,3699658.0
Kenya,1998,31_fertilizers,1011754,2461277.0
Kenya,1999,30_pharmaceutical_products,23679984,3577866.0
Kenya,1999,31_fertilizers,227839,570131.0
Kenya,2000,30_pharmaceutical_products,30661594,3287863.0
Kenya,2000,31_fertilizers,168170,546792.0
Kenya,2001,30_pharmaceutical_products,22086339,3586711.0
Kenya,2001,31_fertilizers,2945398,10615054.0
Kenya,2002,30_pharmaceutical_products,8131683,1597493.0
Kenya,2002,31_fertilizers,4837748,17613557.0
Kenya,2003,30_pharmaceutical_products,29825475,34056477.0
Kenya,2003,31_fertilizers,21616652,43259147.0
Kenya,2004,30_pharmaceutical_products,27961893,4782555.0
Kenya,2004,31_fertilizers,692830,2482166.0
Kenya,2005,30_pharmaceutical_products,37657531,8429199.0
Kenya,2005,31_fertilizers,8793102,23624083.0
Kenya,2006,30_pharmaceutical_products,43597616,7856692.0
Kenya,2006,31_fertilizers,12710044,32862708.0
Kenya,2007,30_pharmaceutical_products,69319041,10053860.0
Kenya,2007,31_fertilizers,18767776,42891575.0
Kenya,2008,30_pharmaceutical_products,80878814,9148270.0
Kenya,2008,31_fertilizers,51975841,64050901.0
Kenya,2009,30_pharmaceutical_products,70013692,8243835.0
Kenya,2009,31_fertilizers,32985876,64329219.0
Kenya,2010,30_pharmaceutical_products,74586835,8230674.0
Kenya,2010,31_fertilizers,17900805,40294043.0
Kenya,2013,30_pharmaceutical_products,81884200,11701074.0
Kenya,2013,31_fertilizers,16484938,27334054.0
Kiribati,2008,30_pharmaceutical_products,19543,127.0
Kiribati,2009,30_pharmaceutical_products,1950,11.0
Kuwait,2000,30_pharmaceutical_products,653990,99462.0
Kuwait,2000,31_fertilizers,63620517,652975000.0
Kuwait,2001,30_pharmaceutical_products,983529,150741.0
Kuwait,2001,31_fertilizers,69968736,708868000.0
Kuwait,2002,30_pharmaceutical_products,698962,205927.0
Kuwait,2002,31_fertilizers,51044370,477732000.0
Kuwait,2003,30_pharmaceutical_products,217719,51504.0
Kuwait,2003,31_fertilizers,106205739,745717000.0
Kuwait,2004,30_pharmaceutical_products,2295523,539648.0
Kuwait,2004,31_fertilizers,139360440,732232150.0
Kuwait,2006,30_pharmaceutical_products,9859460,2769268.0
Kuwait,2006,31_fertilizers,251701259,974387462.0
Kuwait,2007,30_pharmaceutical_products,13856553,4003582.0
Kuwait,2007,31_fertilizers,290236600,874409000.0
Kuwait,2008,30_pharmaceutical_products,24550984,5874704.0
Kuwait,2008,31_fertilizers,479162704,857485213.0
Kuwait,2009,30_pharmaceutical_products,28154601,6914035.0
Kuwait,2009,31_fertilizers,194809038,688117381.0
Kuwait,2010,30_pharmaceutical_products,31280904,7719705.0
Kuwait,2010,31_fertilizers,293317303,1240525480.0
Kuwait,2011,30_pharmaceutical_products,25139677,5996993.0
Kuwait,2011,31_fertilizers,444235893,997084800.0
Kuwait,2013,30_pharmaceutical_products,19038463,4550856.0
Kuwait,2013,31_fertilizers,402680371,1094863606.0
Kuwait,2014,30_pharmaceutical_products,25850375,3623429.0
Kuwait,2014,31_fertilizers,328600442,1212543580.0
Kuwait,2015,30_pharmaceutical_products,26793878,4337538.0
Kuwait,2015,31_fertilizers,262597714,838064100.0
Kyrgyzstan,1995,30_pharmaceutical_products,2563297,0.0
Kyrgyzstan,1995,31_fertilizers,1056296,9372510.0
Kyrgyzstan,1996,30_pharmaceutical_products,1544192,0.0
Kyrgyzstan,1996,31_fertilizers,177397,2383625.0
Kyrgyzstan,2000,30_pharmaceutical_products,376441,64472.0
Kyrgyzstan,2000,31_fertilizers,2206,26500.0
Kyrgyzstan,2001,30_pharmaceutical_products,98488,17565.0
Kyrgyzstan,2001,31_fertilizers,16323,133000.0
Kyrgyzstan,2002,30_pharmaceutical_products,241539,41174.0
Kyrgyzstan,2002,31_fertilizers,116802,829937.0
Kyrgyzstan,2003,30_pharmaceutical_products,49100,2000.0
Kyrgyzstan,2003,31_fertilizers,49970,5187.0
Kyrgyzstan,2004,30_pharmaceutical_products,503684,38700.0
Kyrgyzstan,2004,31_fertilizers,947,6000.0
Kyrgyzstan,2005,30_pharmaceutical_products,475621,47162.0
Kyrgyzstan,2005,31_fertilizers,48571,16215.0
Kyrgyzstan,2006,30_pharmaceutical_products,538769,70754.0
Kyrgyzstan,2006,31_fertilizers,1859659,213848.0
Kyrgyzstan,2007,30_pharmaceutical_products,1401384,153676.0
Kyrgyzstan,2007,31_fertilizers,741590,68286.0
Kyrgyzstan,2008,30_pharmaceutical_products,630295,33973.0
Kyrgyzstan,2008,31_fertilizers,315639,1037800.0
Kyrgyzstan,2009,30_pharmaceutical_products,200622,7529.0
Kyrgyzstan,2009,31_fertilizers,60764,234500.0
Kyrgyzstan,2010,30_pharmaceutical_products,959510,32169.0
Kyrgyzstan,2010,31_fertilizers,107788,79170.0
Kyrgyzstan,2011,30_pharmaceutical_products,2943678,64209.0
Kyrgyzstan,2011,31_fertilizers,4594732,4407000.0
Kyrgyzstan,2012,30_pharmaceutical_products,1599837,30658.0
Kyrgyzstan,2012,31_fertilizers,5633347,5955000.0
Kyrgyzstan,2013,30_pharmaceutical_products,2224283,76883.0
Kyrgyzstan,2013,31_fertilizers,4789132,5461440.0
Kyrgyzstan,2015,30_pharmaceutical_products,1678280,46995.0
Kyrgyzstan,2015,31_fertilizers,1017287,1653230.0
Kyrgyzstan,2016,30_pharmaceutical_products,296935,7690.0
Kyrgyzstan,2016,31_fertilizers,2893050,4846630.0
Lao People's Dem. Rep.,2010,30_pharmaceutical_products,521487,1519.0
Lao People's Dem. Rep.,2010,31_fertilizers,172264,47776.0
Lao People's Dem. Rep.,2011,30_pharmaceutical_products,6604,25.0
Lao People's Dem. Rep.,2011,31_fertilizers,9113201,7861873.0
Lao People's Dem. Rep.,2012,31_fertilizers,9154609,7243711.0
Lao People's Dem. Rep.,2013,31_fertilizers,3732650,2754655.0
Lao People's Dem. Rep.,2014,30_pharmaceutical_products,20928,342.0
Lao People's Dem. Rep.,2014,31_fertilizers,8873364,6316393.0
Lao People's Dem. Rep.,2015,30_pharmaceutical_products,15918487,174924.0
Lao People's Dem. Rep.,2015,31_fertilizers,39049841,42540104.0
Lao People's Dem. Rep.,2016,30_pharmaceutical_products,2200,7.0
Lao People's Dem. Rep.,2016,31_fertilizers,15823886,32107675.0
Latvia,1994,30_pharmaceutical_products,27699582,2585273.0
Latvia,1994,31_fertilizers,1184077,14129801.0
Latvia,1995,30_pharmaceutical_products,37669475,2936248.0
Latvia,1995,31_fertilizers,2518419,24994648.0
Latvia,1996,30_pharmaceutical_products,40404727,3266162.0
Latvia,1996,31_fertilizers,7690597,62351709.0
Latvia,1997,30_pharmaceutical_products,46986455,3082724.0
Latvia,1997,31_fertilizers,3165946,26198624.0
Latvia,1998,30_pharmaceutical_products,47350240,2357209.0
Latvia,1998,31_fertilizers,2863962,20404868.0
Latvia,1999,30_pharmaceutical_products,52742207,2418893.0
Latvia,1999,31_fertilizers,3393282,31700420.0
Latvia,2000,30_pharmaceutical_products,52542680,2348610.0
Latvia,2000,31_fertilizers,16768450,117649631.0
Latvia,2001,30_pharmaceutical_products,55235516,2201030.0
Latvia,2001,31_fertilizers,14605389,130196063.0
Latvia,2002,30_pharmaceutical_products,61848297,2459378.0
Latvia,2002,31_fertilizers,6906492,63225932.0
Latvia,2003,30_pharmaceutical_products,82889010,2892302.0
Latvia,2003,31_fertilizers,11650636,90449673.0
Latvia,2004,30_pharmaceutical_products,111979915,3403580.0
Latvia,2004,31_fertilizers,27206035,157380734.0
Latvia,2005,30_pharmaceutical_products,121957401,3390578.0
Latvia,2005,31_fertilizers,14372332,88038530.0
Latvia,2006,30_pharmaceutical_products,186729965,5076188.0
Latvia,2006,31_fertilizers,5322001,22511085.0
Latvia,2007,30_pharmaceutical_products,266574883,5890981.0
Latvia,2007,31_fertilizers,5118014,15588061.0
Latvia,2008,30_pharmaceutical_products,306788058,4381681.0
Latvia,2008,31_fertilizers,29822456,59008002.0
Latvia,2009,30_pharmaceutical_products,312007951,4511158.0
Latvia,2009,31_fertilizers,11980555,29967737.0
Latvia,2010,30_pharmaceutical_products,367705031,4047740.0
Latvia,2010,31_fertilizers,13936213,40968317.0
Latvia,2011,30_pharmaceutical_products,425753545,4344537.0
Latvia,2011,31_fertilizers,30565064,60538315.0
Latvia,2012,30_pharmaceutical_products,336003929,2893159.0
Latvia,2012,31_fertilizers,23169645,58016122.0
Latvia,2013,30_pharmaceutical_products,381745464,2987177.0
Latvia,2013,31_fertilizers,23383910,52486872.0
Latvia,2014,30_pharmaceutical_products,396519394,3082947.0
Latvia,2014,31_fertilizers,41464163,101599487.0
Latvia,2015,30_pharmaceutical_products,357362279,3115473.0
Latvia,2015,31_fertilizers,45259279,117440805.0
Latvia,2016,30_pharmaceutical_products,440306758,3386539.0
Latvia,2016,31_fertilizers,37781461,120509068.0
Lebanon,1997,30_pharmaceutical_products,2204988,148953.0
Lebanon,1997,31_fertilizers,32374020,219177320.0
Lebanon,1998,30_pharmaceutical_products,3121244,394939.0
Lebanon,1998,31_fertilizers,36147687,231948446.0
Lebanon,1999,30_pharmaceutical_products,4115866,176948.0
Lebanon,1999,31_fertilizers,17883453,134391091.0
Lebanon,2000,30_pharmaceutical_products,6442510,273891.0
Lebanon,2000,31_fertilizers,9905093,99187139.0
Lebanon,2001,30_pharmaceutical_products,5290259,241571.0
Lebanon,2001,31_fertilizers,11405656,111849289.0
Lebanon,2002,30_pharmaceutical_products,4412715,398546.0
Lebanon,2002,31_fertilizers,18806750,171504948.0
Lebanon,2003,30_pharmaceutical_products,3966488,404177.0
Lebanon,2003,31_fertilizers,26991133,220892044.0
Lebanon,2004,30_pharmaceutical_products,6441000,382106.0
Lebanon,2004,31_fertilizers,50692000,310641577.0
Lebanon,2005,30_pharmaceutical_products,8593000,469721.0
Lebanon,2005,31_fertilizers,46377000,277958584.0
Lebanon,2006,30_pharmaceutical_products,8357293,413328.0
Lebanon,2006,31_fertilizers,49461155,271432314.0
Lebanon,2007,30_pharmaceutical_products,10895747,458403.0
Lebanon,2007,31_fertilizers,83357430,300894778.0
Lebanon,2008,30_pharmaceutical_products,15693420,547232.0
Lebanon,2008,31_fertilizers,215329347,268441432.0
Lebanon,2009,30_pharmaceutical_products,15986575,656970.0
Lebanon,2009,31_fertilizers,74517110,225615659.0
Lebanon,2010,30_pharmaceutical_products,16749885,933910.0
Lebanon,2010,31_fertilizers,98482539,276648688.0
Lebanon,2011,30_pharmaceutical_products,36364072,1071610.0
Lebanon,2011,31_fertilizers,119028151,236665255.0
Lebanon,2012,30_pharmaceutical_products,31655798,1200870.0
Lebanon,2012,31_fertilizers,85702915,206511386.0
Lebanon,2013,30_pharmaceutical_products,35965207,1466128.0
Lebanon,2013,31_fertilizers,73131160,209405165.0
Lebanon,2014,30_pharmaceutical_products,38206668,935701.0
Lebanon,2014,31_fertilizers,72604489,209721581.0
Lesotho,2000,30_pharmaceutical_products,890033,0.0
Lesotho,2001,30_pharmaceutical_products,1191946,0.0
Lesotho,2002,30_pharmaceutical_products,1835952,0.0
Lesotho,2002,31_fertilizers,3436,0.0
Lesotho,2003,30_pharmaceutical_products,222059,4450.0
Lesotho,2003,31_fertilizers,3120,3289.0
Lesotho,2004,30_pharmaceutical_products,3775125,82572.0
Lesotho,2004,31_fertilizers,167,825.0
Lesotho,2008,30_pharmaceutical_products,476214,3271.0
Lesotho,2008,31_fertilizers,3887,0.0
Lesotho,2009,30_pharmaceutical_products,803069,1434.0
Lesotho,2009,31_fertilizers,7945,172.0
Lesotho,2010,30_pharmaceutical_products,501961,3780.0
Lesotho,2010,31_fertilizers,83478,55584.0
Lesotho,2011,30_pharmaceutical_products,497972,103.0
Lesotho,2011,31_fertilizers,1292,2590.0
Lesotho,2012,30_pharmaceutical_products,464843,19.0
Libya,2007,31_fertilizers,239619364,842572609.0
Libya,2008,31_fertilizers,266022802,663575381.0
Libya,2009,31_fertilizers,38386708,175774860.0
Libya,2010,31_fertilizers,111253,2335260.0
Lithuania,1994,30_pharmaceutical_products,32603515,3651578.0
Lithuania,1994,31_fertilizers,90858817,723868376.0
Lithuania,1995,30_pharmaceutical_products,49632316,3804546.0
Lithuania,1995,31_fertilizers,120961762,907818288.0
Lithuania,1996,30_pharmaceutical_products,52069932,4294423.0
Lithuania,1996,31_fertilizers,156856856,1089451433.0
Lithuania,1997,30_pharmaceutical_products,63852021,4697620.0
Lithuania,1997,31_fertilizers,145427070,1104795687.0
Lithuania,1998,30_pharmaceutical_products,52103662,3857317.0
Lithuania,1998,31_fertilizers,182802562,1557296489.0
Lithuania,1999,30_pharmaceutical_products,36620855,2190935.0
Lithuania,1999,31_fertilizers,177684148,1675240408.0
Lithuania,2000,30_pharmaceutical_products,40134092,2496753.0
Lithuania,2000,31_fertilizers,192567573,1753270899.0
Lithuania,2001,30_pharmaceutical_products,51663911,3115597.0
Lithuania,2001,31_fertilizers,171948390,1677937926.0
Lithuania,2002,30_pharmaceutical_products,58805813,2370454.0
Lithuania,2002,31_fertilizers,219975388,2140264014.0
Lithuania,2003,30_pharmaceutical_products,61195620,1810526.0
Lithuania,2003,31_fertilizers,305840649,2320985695.0
Lithuania,2004,30_pharmaceutical_products,83633107,1913892.0
Lithuania,2004,31_fertilizers,409186635,2354728330.0
Lithuania,2005,30_pharmaceutical_products,86527885,1699332.0
Lithuania,2005,31_fertilizers,524140501,2847526900.0
Lithuania,2006,30_pharmaceutical_products,95028517,1904331.0
Lithuania,2006,31_fertilizers,520024699,2567893210.0
Lithuania,2007,30_pharmaceutical_products,143729496,1792660.0
Lithuania,2007,31_fertilizers,849296352,3186241674.0
Lithuania,2008,30_pharmaceutical_products,203112063,1410186.0
Lithuania,2008,31_fertilizers,1520116376,2928542414.0
Lithuania,2009,30_pharmaceutical_products,265651583,1346542.0
Lithuania,2009,31_fertilizers,724298040,2837728792.0
Lithuania,2010,30_pharmaceutical_products,300712586,2141126.0
Lithuania,2010,31_fertilizers,791923075,2577159568.0
Lithuania,2011,30_pharmaceutical_products,371521245,2335338.0
Lithuania,2011,31_fertilizers,1351923014,3351812540.0
Lithuania,2012,30_pharmaceutical_products,402274136,2738749.0
Lithuania,2012,31_fertilizers,1270096365,3356642272.0
Lithuania,2013,30_pharmaceutical_products,506432166,3306353.0
Lithuania,2013,31_fertilizers,1059940452,2901512107.0
Lithuania,2014,30_pharmaceutical_products,674806587,4483551.0
Lithuania,2014,31_fertilizers,1120579478,3287389210.0
Lithuania,2015,30_pharmaceutical_products,695612173,4898989.0
Lithuania,2015,31_fertilizers,1017171925,3378424949.0
Lithuania,2016,30_pharmaceutical_products,794030587,5842750.0
Lithuania,2016,31_fertilizers,759496869,3160280273.0
Luxembourg,1999,30_pharmaceutical_products,23012636,578843.0
Luxembourg,1999,31_fertilizers,4813946,41908396.0
Luxembourg,2000,30_pharmaceutical_products,20943892,856432.0
Luxembourg,2000,31_fertilizers,5108546,35851828.0
Luxembourg,2001,30_pharmaceutical_products,24251002,1283221.0
Luxembourg,2001,31_fertilizers,3153527,22398054.0
Luxembourg,2002,30_pharmaceutical_products,27960602,357629.0
Luxembourg,2002,31_fertilizers,1877076,22290230.0
Luxembourg,2003,30_pharmaceutical_products,40896332,421169.0
Luxembourg,2003,31_fertilizers,9284449,58654364.0
Luxembourg,2004,30_pharmaceutical_products,47377495,469194.0
Luxembourg,2004,31_fertilizers,10475272,51110037.0
Luxembourg,2005,30_pharmaceutical_products,49184045,449841.0
Luxembourg,2005,31_fertilizers,11816559,47921158.0
Luxembourg,2006,30_pharmaceutical_products,53856907,450395.0
Luxembourg,2006,31_fertilizers,10556103,46540212.0
Luxembourg,2007,30_pharmaceutical_products,73074047,872157.0
Luxembourg,2007,31_fertilizers,10579433,38116326.0
Luxembourg,2008,30_pharmaceutical_products,96312268,16948442.0
Luxembourg,2008,31_fertilizers,16840298,49494763.0
Luxembourg,2009,30_pharmaceutical_products,90748908,19737357.0
Luxembourg,2009,31_fertilizers,13826280,41625141.0
Luxembourg,2010,30_pharmaceutical_products,79093254,17359929.0
Luxembourg,2010,31_fertilizers,13517114,46331195.0
Luxembourg,2011,30_pharmaceutical_products,87585776,709094.0
Luxembourg,2011,31_fertilizers,23574701,77002132.0
Luxembourg,2012,30_pharmaceutical_products,67867269,474656.0
Luxembourg,2012,31_fertilizers,20094408,68073520.0
Luxembourg,2013,30_pharmaceutical_products,93712450,20991097.0
Luxembourg,2013,31_fertilizers,18798281,51291427.0
Luxembourg,2014,30_pharmaceutical_products,119870744,19863321.0
Luxembourg,2014,31_fertilizers,18836938,52497584.0
Luxembourg,2015,30_pharmaceutical_products,95880523,2981119.0
Luxembourg,2015,31_fertilizers,15489255,51917514.0
Luxembourg,2016,30_pharmaceutical_products,117965222,1375909.0
Luxembourg,2016,31_fertilizers,12609996,41275951.0
Madagascar,1990,30_pharmaceutical_products,24696,291.0
Madagascar,1991,30_pharmaceutical_products,1231,64.0
Madagascar,1991,31_fertilizers,2572,5000.0
Madagascar,1992,30_pharmaceutical_products,739,24.0
Madagascar,1993,30_pharmaceutical_products,2757,82.0
Madagascar,1993,31_fertilizers,954,2148.0
Madagascar,1994,30_pharmaceutical_products,6441,1116.0
Madagascar,1995,30_pharmaceutical_products,8373,289.0
Madagascar,1995,31_fertilizers,382,1625.0
Madagascar,1996,30_pharmaceutical_products,831,103.0
Madagascar,1997,30_pharmaceutical_products,2389,24.0
Madagascar,1998,30_pharmaceutical_products,225,79.0
Madagascar,1998,31_fertilizers,489,500.0
Madagascar,1999,30_pharmaceutical_products,2561,4.0
Madagascar,1999,31_fertilizers,7599,20660.0
Madagascar,2000,30_pharmaceutical_products,577,79.0
Madagascar,2000,31_fertilizers,10142,37800.0
Madagascar,2001,30_pharmaceutical_products,36899,1139.0
Madagascar,2001,31_fertilizers,11466,37000.0
Madagascar,2002,30_pharmaceutical_products,73612,14284.0
Madagascar,2002,31_fertilizers,4796121,1197989.0
Madagascar,2003,30_pharmaceutical_products,111701,23672.0
Madagascar,2003,31_fertilizers,17191,41978.0
Madagascar,2004,30_pharmaceutical_products,25860,1521.0
Madagascar,2004,31_fertilizers,4412,19142.0
Madagascar,2005,30_pharmaceutical_products,110130,4486.0
Madagascar,2005,31_fertilizers,22403,18000.0
Madagascar,2006,30_pharmaceutical_products,28282,1794.0
Madagascar,2006,31_fertilizers,7171,9358.0
Madagascar,2007,30_pharmaceutical_products,10460,827.0
Madagascar,2008,30_pharmaceutical_products,38211,1129.0
Madagascar,2008,31_fertilizers,8988,22267.0
Madagascar,2009,30_pharmaceutical_products,268009,30972.0
Madagascar,2009,31_fertilizers,51,99.0
Madagascar,2010,30_pharmaceutical_products,89851,4028.0
Madagascar,2010,31_fertilizers,11273,24030.0
Madagascar,2011,30_pharmaceutical_products,97411,4627.0
Madagascar,2011,31_fertilizers,53979,178340.0
Madagascar,2012,30_pharmaceutical_products,113727,4762.0
Madagascar,2012,31_fertilizers,1875662,8371677.0
Madagascar,2013,30_pharmaceutical_products,21970,1233.0
Madagascar,2013,31_fertilizers,11930830,59476186.0
Madagascar,2014,30_pharmaceutical_products,45851,1674.0
Madagascar,2014,31_fertilizers,14789571,94702695.0
Madagascar,2015,30_pharmaceutical_products,81009,3644.0
Madagascar,2015,31_fertilizers,21967326,141724488.0
Madagascar,2016,30_pharmaceutical_products,175348,7411.0
Madagascar,2016,31_fertilizers,16023108,130210963.0
Malawi,1990,30_pharmaceutical_products,111905,16434.0
Malawi,1991,30_pharmaceutical_products,123327,11258.0
Malawi,1991,31_fertilizers,5286,10.0
Malawi,1994,30_pharmaceutical_products,55995,13073.0
Malawi,1995,30_pharmaceutical_products,94500,11192.0
Malawi,1995,31_fertilizers,431053,2000.0
Malawi,1996,30_pharmaceutical_products,180728,121776.0
Malawi,1996,31_fertilizers,96838,224.0
Malawi,1997,30_pharmaceutical_products,275572,133639.0
Malawi,1997,31_fertilizers,261019,812000.0
Malawi,1998,30_pharmaceutical_products,169953,20845.0
Malawi,1998,31_fertilizers,692782,2434117.0
Malawi,1999,30_pharmaceutical_products,130422,115371.0
Malawi,1999,31_fertilizers,303451,1616.0
Malawi,2000,30_pharmaceutical_products,55757,13207.0
Malawi,2000,31_fertilizers,1129406,2012644.0
Malawi,2001,30_pharmaceutical_products,129472,23493.0
Malawi,2001,31_fertilizers,197219,608400.0
Malawi,2002,30_pharmaceutical_products,73838,6326.0
Malawi,2002,31_fertilizers,632482,1874816.0
Malawi,2003,30_pharmaceutical_products,276452,26019.0
Malawi,2003,31_fertilizers,3011455,11755685.0
Malawi,2004,30_pharmaceutical_products,93220,13814.0
Malawi,2004,31_fertilizers,2000961,6685750.0
Malawi,2005,30_pharmaceutical_products,36037,7735.0
Malawi,2005,31_fertilizers,625129,1478000.0
Malawi,2006,30_pharmaceutical_products,567165,27132.0
Malawi,2006,31_fertilizers,79,413.0
Malawi,2007,30_pharmaceutical_products,81055,8019.0
Malawi,2007,31_fertilizers,303637,1076529.0
Malawi,2008,30_pharmaceutical_products,111527,19072.0
Malawi,2009,30_pharmaceutical_products,366680,72849.0
Malawi,2009,31_fertilizers,60867,100.0
Malawi,2010,30_pharmaceutical_products,39830,14488.0
Malawi,2010,31_fertilizers,872297,3100800.0
Malawi,2011,30_pharmaceutical_products,398724,5209.0
Malawi,2011,31_fertilizers,4702727,9603040.0
Malawi,2012,30_pharmaceutical_products,231885,505974.0
Malawi,2012,31_fertilizers,57247,120940.0
Malawi,2013,30_pharmaceutical_products,94852,23969.0
Malawi,2013,31_fertilizers,3731904,1885929.0
Malawi,2014,30_pharmaceutical_products,783255,9450.0
Malawi,2014,31_fertilizers,18768736,25619751.0
Malawi,2015,30_pharmaceutical_products,75535,6251.0
Malawi,2015,31_fertilizers,22745480,4257420.0
Malaysia,1989,30_pharmaceutical_products,31418111,0.0
Malaysia,1989,31_fertilizers,70270019,519316492.0
Malaysia,1990,30_pharmaceutical_products,34680836,0.0
Malaysia,1990,31_fertilizers,57342177,428433757.0
Malaysia,1991,30_pharmaceutical_products,39125682,0.0
Malaysia,1991,31_fertilizers,80715210,489215337.0
Malaysia,1992,30_pharmaceutical_products,45183279,0.0
Malaysia,1992,31_fertilizers,88909103,574333462.0
Malaysia,1993,30_pharmaceutical_products,44382767,0.0
Malaysia,1993,31_fertilizers,75433990,583799000.0
Malaysia,1994,30_pharmaceutical_products,56202374,116195.0
Malaysia,1994,31_fertilizers,78385365,525862217.0
Malaysia,1995,30_pharmaceutical_products,60108285,0.0
Malaysia,1995,31_fertilizers,122798666,571504000.0
Malaysia,1996,30_pharmaceutical_products,64658004,0.0
Malaysia,1996,31_fertilizers,118566540,551294582.0
Malaysia,1997,30_pharmaceutical_products,59670150,16738136.0
Malaysia,1997,31_fertilizers,81793990,500522952.0
Malaysia,1998,30_pharmaceutical_products,56119277,21299699.0
Malaysia,1998,31_fertilizers,68426923,521900673.0
Malaysia,1999,30_pharmaceutical_products,61491402,28681112.0
Malaysia,1999,31_fertilizers,90618586,1734576538.0
Malaysia,2000,30_pharmaceutical_products,64911553,24743656.0
Malaysia,2000,31_fertilizers,136823777,1118296454.0
Malaysia,2001,30_pharmaceutical_products,63531663,26396587.0
Malaysia,2001,31_fertilizers,142830581,1534290435.0
Malaysia,2002,30_pharmaceutical_products,67412828,14513101.0
Malaysia,2002,31_fertilizers,136818188,1138016000.0
Malaysia,2003,30_pharmaceutical_products,72160309,12801621.0
Malaysia,2003,31_fertilizers,174042602,1147857652.0
Malaysia,2004,30_pharmaceutical_products,98015899,7491901.0
Malaysia,2004,31_fertilizers,215156420,1102746160.0
Malaysia,2005,30_pharmaceutical_products,86798940,5695014.0
Malaysia,2005,31_fertilizers,245907190,975505238.0
Malaysia,2006,30_pharmaceutical_products,96916388,25395032.0
Malaysia,2006,31_fertilizers,288081361,1430302154.0
Malaysia,2007,30_pharmaceutical_products,163392804,19489749.0
Malaysia,2007,31_fertilizers,371194605,1213413350.0
Malaysia,2008,30_pharmaceutical_products,133419001,31553055.0
Malaysia,2008,31_fertilizers,625150208,1177773171.0
Malaysia,2009,30_pharmaceutical_products,140098728,37012233.0
Malaysia,2009,31_fertilizers,487020379,1302814773.0
Malaysia,2010,30_pharmaceutical_products,172119834,39272925.0
Malaysia,2010,31_fertilizers,436736585,1176524046.0
Malaysia,2011,30_pharmaceutical_products,182217513,15529728.0
Malaysia,2011,31_fertilizers,577423785,1110750855.0
Malaysia,2012,30_pharmaceutical_products,200555485,17070217.0
Malaysia,2012,31_fertilizers,541401680,1070848904.0
Malaysia,2013,30_pharmaceutical_products,200420855,25337291.0
Malaysia,2013,31_fertilizers,624207351,1409320830.0
Malaysia,2014,30_pharmaceutical_products,224756472,18389133.0
Malaysia,2014,31_fertilizers,562632238,1414761171.0
Malaysia,2015,30_pharmaceutical_products,184109441,28164749.0
Malaysia,2015,31_fertilizers,486579292,1554365028.0
Malaysia,2016,30_pharmaceutical_products,198528776,44153594.0
Malaysia,2016,31_fertilizers,366952390,1481656034.0
Maldives,2004,30_pharmaceutical_products,7028,155.0
Maldives,2005,30_pharmaceutical_products,638,31.0
Maldives,2005,31_fertilizers,40,200.0
Mali,1996,30_pharmaceutical_products,556100,139311.0
Mali,1997,30_pharmaceutical_products,185988,40889.0
Mali,1998,30_pharmaceutical_products,325821,57166.0
Mali,1998,31_fertilizers,130514,14000.0
Mali,1999,30_pharmaceutical_products,787099,129579.0
Mali,1999,31_fertilizers,251,609.0
Mali,2000,30_pharmaceutical_products,573718,64517.0
Mali,2001,30_pharmaceutical_products,165934,64461.0
Mali,2001,31_fertilizers,2040,6000.0
Mali,2002,30_pharmaceutical_products,485716,47204.0
Mali,2002,31_fertilizers,27702,69140.0
Mali,2003,30_pharmaceutical_products,301677,58496.0
Mali,2003,31_fertilizers,16449,77500.0
Mali,2004,30_pharmaceutical_products,442622,41360.0
Mali,2004,31_fertilizers,31550,58000.0
Mali,2005,30_pharmaceutical_products,183661,38751.0
Mali,2005,31_fertilizers,65941,93800.0
Mali,2006,30_pharmaceutical_products,305125,50727.0
Mali,2006,31_fertilizers,252564,594150.0
Mali,2007,30_pharmaceutical_products,411495,103733.0
Mali,2007,31_fertilizers,1127783,2495710.0
Mali,2008,30_pharmaceutical_products,472259,48332.0
Mali,2008,31_fertilizers,18460846,27621650.0
Mali,2010,30_pharmaceutical_products,313946,18923.0
Mali,2010,31_fertilizers,30166082,52428370.0
Mali,2011,30_pharmaceutical_products,324997,12946.0
Mali,2011,31_fertilizers,155203197,251147047.0
Mali,2012,30_pharmaceutical_products,742657,23412.0
Mali,2012,31_fertilizers,160086773,268289146.0
Mali,2016,30_pharmaceutical_products,4537638,876919.0
Mali,2016,31_fertilizers,94015668,215379126.0
Malta,1994,30_pharmaceutical_products,19094269,4457.0
Malta,1994,31_fertilizers,556,60.0
Malta,1995,30_pharmaceutical_products,21306350,5313.0
Malta,1996,30_pharmaceutical_products,22980746,2833584.0
Malta,1996,31_fertilizers,2,1.0
Malta,1997,30_pharmaceutical_products,24442454,41482076.0
Malta,1997,31_fertilizers,1295,324.0
Malta,1998,30_pharmaceutical_products,25431727,7244735.0
Malta,1998,31_fertilizers,254,23.0
Malta,1999,30_pharmaceutical_products,25815538,1607.0
Malta,1999,31_fertilizers,1949,0.0
Malta,2000,30_pharmaceutical_products,19920008,1337.0
Malta,2001,30_pharmaceutical_products,23468778,47847123.0
Malta,2001,31_fertilizers,4963,321.0
Malta,2002,30_pharmaceutical_products,20328923,3522.0
Malta,2002,31_fertilizers,3027,89.0
Malta,2003,30_pharmaceutical_products,11074493,1551.0
Malta,2003,31_fertilizers,53473,616.0
Malta,2004,30_pharmaceutical_products,29340651,602514.0
Malta,2004,31_fertilizers,6295,189.0
Malta,2005,30_pharmaceutical_products,69622987,1189692.0
Malta,2005,31_fertilizers,14148,1515.0
Malta,2006,30_pharmaceutical_products,129598987,887513.0
Malta,2006,31_fertilizers,37524,24000.0
Malta,2007,30_pharmaceutical_products,209662459,1377467.0
Malta,2007,31_fertilizers,203,2.0
Malta,2008,30_pharmaceutical_products,248883630,1965018.0
Malta,2008,31_fertilizers,372,90.0
Malta,2009,30_pharmaceutical_products,208126280,2186317.0
Malta,2009,31_fertilizers,287345,29198.0
Malta,2010,30_pharmaceutical_products,281064886,3195959.0
Malta,2011,30_pharmaceutical_products,289605595,4275719.0
Malta,2012,30_pharmaceutical_products,328802935,9522344.0
Malta,2013,30_pharmaceutical_products,342550940,3313793.0
Malta,2013,31_fertilizers,7092,7139.0
Malta,2014,30_pharmaceutical_products,330447238,3215794.0
Malta,2014,31_fertilizers,1678,1588.0
Malta,2015,30_pharmaceutical_products,269807730,4729961.0
Malta,2016,30_pharmaceutical_products,929689914,2889799.0
Malta,2016,31_fertilizers,1861,1505.0
Martinique,1994,30_pharmaceutical_products,196389,7778.0
Martinique,1994,31_fertilizers,1608910,6600437.0
Martinique,1995,30_pharmaceutical_products,40403,5026.0
Martinique,1995,31_fertilizers,3284771,10933409.0
Mauritania,2016,30_pharmaceutical_products,44,14.0
Mauritania,2016,31_fertilizers,71765,106015.0
Mauritius,1993,30_pharmaceutical_products,1630518,230651.0
Mauritius,1993,31_fertilizers,7821426,31007205.0
Mauritius,1994,30_pharmaceutical_products,1822465,271066.0
Mauritius,1994,31_fertilizers,5175571,21752187.0
Mauritius,1995,30_pharmaceutical_products,1096722,132797.0
Mauritius,1995,31_fertilizers,5914733,22736328.0
Mauritius,1996,30_pharmaceutical_products,330460,2453.0
Mauritius,1996,31_fertilizers,6920680,25805188.0
Mauritius,1997,30_pharmaceutical_products,928755,11610.0
Mauritius,1997,31_fertilizers,5874223,25846250.0
Mauritius,1998,30_pharmaceutical_products,2329411,175457.0
Mauritius,1998,31_fertilizers,6053914,29933734.0
Mauritius,1999,30_pharmaceutical_products,2228654,76340.0
Mauritius,1999,31_fertilizers,6308710,33034827.0
Mauritius,2000,30_pharmaceutical_products,2162015,108686.0
Mauritius,2000,31_fertilizers,7295899,38183685.0
Mauritius,2001,30_pharmaceutical_products,1369897,91967.0
Mauritius,2001,31_fertilizers,5180915,26430173.0
Mauritius,2002,30_pharmaceutical_products,1975354,101706.0
Mauritius,2002,31_fertilizers,7454400,38240748.0
Mauritius,2003,30_pharmaceutical_products,2851204,106893.0
Mauritius,2003,31_fertilizers,8588186,37405085.0
Mauritius,2004,30_pharmaceutical_products,4525457,177680.0
Mauritius,2004,31_fertilizers,9856744,37968981.0
Mauritius,2005,30_pharmaceutical_products,4680290,189396.0
Mauritius,2005,31_fertilizers,4335130,11739212.0
Mauritius,2006,30_pharmaceutical_products,6756761,152536.0
Mauritius,2006,31_fertilizers,1249311,3237610.0
Mauritius,2007,30_pharmaceutical_products,14891696,295488.0
Mauritius,2007,31_fertilizers,2842645,7226425.0
Mauritius,2008,30_pharmaceutical_products,21587684,317848.0
Mauritius,2008,31_fertilizers,7031092,8494157.0
Mauritius,2009,30_pharmaceutical_products,21126561,289766.0
Mauritius,2009,31_fertilizers,11048345,17682268.0
Mauritius,2010,30_pharmaceutical_products,31643973,431205.0
Mauritius,2010,31_fertilizers,5353502,9333860.0
Mauritius,2011,30_pharmaceutical_products,30352309,327528.0
Mauritius,2011,31_fertilizers,7766935,11393451.0
Mauritius,2012,30_pharmaceutical_products,31329446,401483.0
Mauritius,2012,31_fertilizers,8257963,11644095.0
Mauritius,2013,30_pharmaceutical_products,29320910,571085.0
Mauritius,2013,31_fertilizers,8049842,12938286.0
Mauritius,2014,30_pharmaceutical_products,32747886,488909.0
Mauritius,2014,31_fertilizers,10449414,18492820.0
Mauritius,2015,30_pharmaceutical_products,34507848,542133.0
Mauritius,2015,31_fertilizers,5101623,10020162.0
Mauritius,2016,30_pharmaceutical_products,33406015,480906.0
Mauritius,2016,31_fertilizers,5627816,12375212.0
Mayotte,2000,30_pharmaceutical_products,2634,747.0
Mayotte,2001,30_pharmaceutical_products,5605,684.0
Mayotte,2002,30_pharmaceutical_products,42272,1263.0
Mayotte,2003,30_pharmaceutical_products,38862,2076.0
Mayotte,2004,30_pharmaceutical_products,61480,3139.0
Mayotte,2005,30_pharmaceutical_products,304864,7766.0
Mayotte,2006,30_pharmaceutical_products,299619,10844.0
Mayotte,2007,30_pharmaceutical_products,178239,10019.0
Mayotte,2008,30_pharmaceutical_products,339968,12906.0
Mayotte,2009,30_pharmaceutical_products,14378,2262.0
Mexico,1990,30_pharmaceutical_products,30660300,2563501.0
Mexico,1990,31_fertilizers,111732104,841696189.0
Mexico,1991,30_pharmaceutical_products,44422165,15019653.0
Mexico,1991,31_fertilizers,115941600,604311490.0
Mexico,1992,30_pharmaceutical_products,128396000,26324163.0
Mexico,1992,31_fertilizers,78875000,629436319.0
Mexico,1993,30_pharmaceutical_products,139228000,12690760.0
Mexico,1993,31_fertilizers,52186000,477784862.0
Mexico,1994,30_pharmaceutical_products,204248124,41115104.0
Mexico,1994,31_fertilizers,112266887,832277696.0
Mexico,1995,30_pharmaceutical_products,271888000,29814234.0
Mexico,1995,31_fertilizers,265020000,1457978682.0
Mexico,1996,30_pharmaceutical_products,401675486,84259967.0
Mexico,1996,31_fertilizers,271239468,1483279526.0
Mexico,1997,30_pharmaceutical_products,465096781,88719114.0
Mexico,1997,31_fertilizers,184319057,1196481061.0
Mexico,1998,30_pharmaceutical_products,527897239,74846908.0
Mexico,1998,31_fertilizers,198802179,1202943998.0
Mexico,1999,30_pharmaceutical_products,603492923,83594419.0
Mexico,1999,31_fertilizers,156006212,1039421835.0
Mexico,2000,30_pharmaceutical_products,671224382,40275353.0
Mexico,2000,31_fertilizers,96172965,621016823.0
Mexico,2001,30_pharmaceutical_products,884974098,50860400.0
Mexico,2001,31_fertilizers,104567210,646575182.0
Mexico,2002,30_pharmaceutical_products,968490168,90036570.0
Mexico,2002,31_fertilizers,35482680,165416343.0
Mexico,2003,30_pharmaceutical_products,1032643065,94650342.0
Mexico,2003,31_fertilizers,12787114,66582519.0
Mexico,2004,30_pharmaceutical_products,1265092762,1041818946.0
Mexico,2004,31_fertilizers,12486336,26430085.0
Mexico,2005,30_pharmaceutical_products,1256953820,62946931.0
Mexico,2005,31_fertilizers,20362802,41411525.0
Mexico,2006,30_pharmaceutical_products,1224312061,69683401.0
Mexico,2006,31_fertilizers,70313873,241787348.0
Mexico,2007,30_pharmaceutical_products,1309420407,76992199.0
Mexico,2007,31_fertilizers,114235046,292402309.0
Mexico,2008,30_pharmaceutical_products,1303885313,103810122.0
Mexico,2008,31_fertilizers,617204731,695283461.0
Mexico,2009,30_pharmaceutical_products,1264480100,87712001.0
Mexico,2009,31_fertilizers,292595817,798014818.0
Mexico,2010,30_pharmaceutical_products,1448165640,120522627.0
Mexico,2010,31_fertilizers,291406942,685062308.0
Mexico,2011,30_pharmaceutical_products,1762722495,175154415.0
Mexico,2011,31_fertilizers,181589713,280072697.0
Mexico,2012,30_pharmaceutical_products,1858611402,146943019.0
Mexico,2012,31_fertilizers,568868919,1023426226.0
Mexico,2013,30_pharmaceutical_products,1696263504,200463311.0
Mexico,2013,31_fertilizers,500586123,996937484.0
Mexico,2014,30_pharmaceutical_products,1833567408,183492350.0
Mexico,2014,31_fertilizers,452957627,935610944.0
Mexico,2015,30_pharmaceutical_products,1945134222,171942143.0
Mexico,2015,31_fertilizers,401461349,790874116.0
Mexico,2016,30_pharmaceutical_products,1573769489,189728409.0
Mexico,2016,31_fertilizers,296994811,747529115.0
Mongolia,1996,30_pharmaceutical_products,65410,2505000.0
Mongolia,1996,31_fertilizers,1958148,10110000.0
Mongolia,1997,30_pharmaceutical_products,12368,1853.0
Mongolia,1997,31_fertilizers,825492,6421647.0
Mongolia,1998,30_pharmaceutical_products,55808,5351.0
Mongolia,1998,31_fertilizers,64742,483000.0
Mongolia,1999,30_pharmaceutical_products,264683,1613.0
Mongolia,1999,31_fertilizers,1,3.0
Mongolia,2000,30_pharmaceutical_products,21692,2008.0
Mongolia,2001,30_pharmaceutical_products,2849156,1161.0
Mongolia,2002,30_pharmaceutical_products,2481,376.0
Mongolia,2003,30_pharmaceutical_products,18968,2037.0
Mongolia,2004,30_pharmaceutical_products,16425,669.0
Mongolia,2005,30_pharmaceutical_products,25098,1851.0
Mongolia,2006,30_pharmaceutical_products,1717,37.0
Mongolia,2006,31_fertilizers,30,24.0
Mongolia,2007,30_pharmaceutical_products,11320,748.0
Mongolia,2013,30_pharmaceutical_products,64132,3219.0
Mongolia,2014,30_pharmaceutical_products,28915,2500.0
Mongolia,2014,31_fertilizers,73553,16000.0
Mongolia,2015,30_pharmaceutical_products,58056,1402.0
Mongolia,2016,30_pharmaceutical_products,85724,5949.0
Montenegro,2006,30_pharmaceutical_products,11317556,1287914.0
Montenegro,2007,30_pharmaceutical_products,10112583,1133122.0
Montenegro,2008,30_pharmaceutical_products,12439311,1269526.0
Montenegro,2009,30_pharmaceutical_products,12550970,1385506.0
Montenegro,2009,31_fertilizers,142,142.0
Montenegro,2010,30_pharmaceutical_products,8710575,1194896.0
Montenegro,2010,31_fertilizers,28860,65200.0
Montenegro,2011,30_pharmaceutical_products,10817202,1167180.0
Montenegro,2011,31_fertilizers,41460,62000.0
Montenegro,2012,30_pharmaceutical_products,12176375,1536542.0
Montenegro,2012,31_fertilizers,14358,3603.0
Montenegro,2013,30_pharmaceutical_products,8350190,1130988.0
Montenegro,2014,30_pharmaceutical_products,7384087,1002871.0
Montenegro,2015,30_pharmaceutical_products,7355963,1222146.0
Montenegro,2015,31_fertilizers,2037,4830.0
Montenegro,2016,30_pharmaceutical_products,10921630,1253547.0
Montenegro,2016,31_fertilizers,35987,4419270.0
Montserrat,1999,30_pharmaceutical_products,60,2.0
Montserrat,2000,30_pharmaceutical_products,74,30.0
Montserrat,2003,30_pharmaceutical_products,179,15.0
Montserrat,2003,31_fertilizers,3,27.0
Montserrat,2004,30_pharmaceutical_products,1879,10.0
Montserrat,2004,31_fertilizers,96,150.0
Montserrat,2008,30_pharmaceutical_products,9036,250.0
Montserrat,2012,30_pharmaceutical_products,30,3.0
Montserrat,2014,30_pharmaceutical_products,11206,107.0
Morocco,1993,30_pharmaceutical_products,23865161,2074093.0
Morocco,1993,31_fertilizers,311376716,2409220359.0
Morocco,1994,30_pharmaceutical_products,28338610,2708520.0
Morocco,1994,31_fertilizers,272034250,1674074936.0
Morocco,1995,30_pharmaceutical_products,16265911,675792.0
Morocco,1995,31_fertilizers,360673237,1784149504.0
Morocco,1996,30_pharmaceutical_products,8054273,372097.0
Morocco,1996,31_fertilizers,380811772,1884572597.0
Morocco,1997,30_pharmaceutical_products,7961064,417435.0
Morocco,1997,31_fertilizers,351713788,1831512960.0
Morocco,1998,30_pharmaceutical_products,12935076,741807.0
Morocco,1998,31_fertilizers,343133470,1804234728.0
Morocco,1999,30_pharmaceutical_products,13834200,812377.0
Morocco,1999,31_fertilizers,316681059,1853022450.0
Morocco,2000,30_pharmaceutical_products,12614549,1120429.0
Morocco,2000,31_fertilizers,323345446,2217113203.0
Morocco,2001,30_pharmaceutical_products,15398699,1270658.0
Morocco,2001,31_fertilizers,349328017,2451362826.0
Morocco,2002,30_pharmaceutical_products,17984778,1395.0
Morocco,2002,31_fertilizers,331697194,2194811083.0
Morocco,2003,30_pharmaceutical_products,16871509,939.0
Morocco,2003,31_fertilizers,371856333,2158619537.0
Morocco,2004,30_pharmaceutical_products,23096416,1450558.0
Morocco,2004,31_fertilizers,431516260,2031972901.0
Morocco,2005,30_pharmaceutical_products,27722757,1645289.0
Morocco,2005,31_fertilizers,443845622,1922762034.0
Morocco,2006,30_pharmaceutical_products,31594079,1825340.0
Morocco,2006,31_fertilizers,514882083,2150601887.0
Morocco,2007,30_pharmaceutical_products,43450352,2113960.0
Morocco,2007,31_fertilizers,869601601,2316496747.0
Morocco,2008,30_pharmaceutical_products,58467207,2404459.0
Morocco,2008,31_fertilizers,1427289273,1505612689.0
Morocco,2009,30_pharmaceutical_products,55616732,2594912.0
Morocco,2009,31_fertilizers,699709230,2284414783.0
Morocco,2010,30_pharmaceutical_products,61960723,2816943.0
Morocco,2010,31_fertilizers,1561944752,3500023589.0
Morocco,2011,30_pharmaceutical_products,59240937,2445383.0
Morocco,2011,31_fertilizers,2317995172,3837420565.0
Morocco,2012,30_pharmaceutical_products,84643549,4140607.0
Morocco,2012,31_fertilizers,2416815298,4480955865.0
Morocco,2013,30_pharmaceutical_products,106873176,4531679.0
Morocco,2013,31_fertilizers,1924328469,4394283317.0
Morocco,2014,30_pharmaceutical_products,103419188,4706138.0
Morocco,2014,31_fertilizers,2060878653,4747289498.0
Morocco,2015,30_pharmaceutical_products,94455703,4544204.0
Morocco,2015,31_fertilizers,1870049950,4279189590.0
Morocco,2016,30_pharmaceutical_products,98660236,5473700.0
Morocco,2016,31_fertilizers,2133804471,6605240126.0
Mozambique,2000,30_pharmaceutical_products,17055,438.0
Mozambique,2001,30_pharmaceutical_products,360386,583.0
Mozambique,2002,30_pharmaceutical_products,40427,1107.0
Mozambique,2002,31_fertilizers,160549,776390.0
Mozambique,2003,30_pharmaceutical_products,104990,46218.0
Mozambique,2003,31_fertilizers,145230,13393.0
Mozambique,2004,30_pharmaceutical_products,153433,18809.0
Mozambique,2004,31_fertilizers,10280,7800.0
Mozambique,2005,30_pharmaceutical_products,15511,67.0
Mozambique,2005,31_fertilizers,91392,123278.0
Mozambique,2006,30_pharmaceutical_products,20569,632.0
Mozambique,2006,31_fertilizers,254118,362368.0
Mozambique,2007,30_pharmaceutical_products,571681,892.0
Mozambique,2007,31_fertilizers,22237,106612.0
Mozambique,2008,30_pharmaceutical_products,134906,237.0
Mozambique,2008,31_fertilizers,3149578,6573446.0
Mozambique,2009,30_pharmaceutical_products,2302040,538.0
Mozambique,2009,31_fertilizers,181972,216754.0
Mozambique,2010,30_pharmaceutical_products,6446,29.0
Mozambique,2010,31_fertilizers,117159,0.0
Mozambique,2011,30_pharmaceutical_products,6049000,12425.0
Mozambique,2011,31_fertilizers,532000,702150.0
Mozambique,2012,30_pharmaceutical_products,6917,8506.0
Mozambique,2012,31_fertilizers,11842501,44150360.0
Mozambique,2013,30_pharmaceutical_products,45098,20526.0
Mozambique,2013,31_fertilizers,4164850,6157000.0
Mozambique,2014,30_pharmaceutical_products,630350,5400.0
Mozambique,2014,31_fertilizers,25768310,52490425.0
Mozambique,2015,30_pharmaceutical_products,199,4.0
Mozambique,2015,31_fertilizers,6604890,10987979.0
Myanmar,1992,31_fertilizers,1192,12000.0
Myanmar,2012,31_fertilizers,137016,0.0
Myanmar,2015,31_fertilizers,17495,0.0
Myanmar,2016,30_pharmaceutical_products,207295,210326.0
Myanmar,2016,31_fertilizers,178723,344014.0
Namibia,2000,31_fertilizers,358996,1816783.0
Namibia,2001,31_fertilizers,312647,1427564.0
Namibia,2002,31_fertilizers,309351,1607874.0
Namibia,2003,31_fertilizers,326292,882352.0
Namibia,2004,31_fertilizers,1952680,4511263.0
Namibia,2005,31_fertilizers,793195,1392506.0
Namibia,2006,31_fertilizers,367656,1304493.0
Namibia,2007,31_fertilizers,621044,2235247.0
Namibia,2008,31_fertilizers,660059,2877745.0
Namibia,2009,31_fertilizers,2546514,8583224.0
Namibia,2010,31_fertilizers,1044645,4582829.0
Namibia,2011,31_fertilizers,667429,1622882.0
Namibia,2012,31_fertilizers,1722250,3980193.0
Namibia,2013,31_fertilizers,4370205,7701240.0
Namibia,2014,31_fertilizers,2774029,8151613.0
Namibia,2015,31_fertilizers,499004,8547047.0
Namibia,2016,31_fertilizers,784142,10319875.0
Nepal,1994,31_fertilizers,629,0.0
Nepal,2009,31_fertilizers,3059,48.0
Nepal,2011,31_fertilizers,115608,40100.0
Nepal,2012,31_fertilizers,61089,22402.0
Nepal,2015,31_fertilizers,19488,20000.0
Neth. Antilles,2008,31_fertilizers,1400,240.0
Netherlands,1992,31_fertilizers,944600720,6778855133.0
Netherlands,1993,31_fertilizers,715233860,6557159349.0
Netherlands,1994,31_fertilizers,862461932,7424059542.0
Netherlands,1995,31_fertilizers,1099423189,7016544717.0
Netherlands,1996,31_fertilizers,1028041161,6481615037.0
Netherlands,1997,31_fertilizers,835325250,6394042483.0
Netherlands,1998,31_fertilizers,782317508,1678437552.0
Netherlands,1999,31_fertilizers,738032586,1649921501.0
Netherlands,2000,31_fertilizers,699818633,3051978317.0
Netherlands,2001,31_fertilizers,702660400,2482943866.0
Netherlands,2002,31_fertilizers,671992589,2604885074.0
Netherlands,2003,31_fertilizers,993678259,2964037130.0
Netherlands,2004,31_fertilizers,923777366,2470477319.0
Netherlands,2005,31_fertilizers,1105672714,2838924996.0
Netherlands,2006,31_fertilizers,1349139996,2979389399.0
Netherlands,2007,31_fertilizers,1689252964,3453356812.0
Netherlands,2008,31_fertilizers,2921227881,3205442485.0
Netherlands,2009,31_fertilizers,1725113268,1317388252.0
Netherlands,2010,31_fertilizers,1928170180,3615539845.0
Netherlands,2011,31_fertilizers,2725246404,8319353421.0
Netherlands,2012,31_fertilizers,3024310769,10843763328.0
Netherlands,2013,31_fertilizers,2921101639,9247933008.0
Netherlands,2014,31_fertilizers,2821311229,10095869655.0
Netherlands,2015,31_fertilizers,2471977481,8754232727.0
Netherlands,2016,31_fertilizers,2002683472,9902450306.0
New Caledonia,1999,31_fertilizers,30446,85687.0
New Caledonia,2000,31_fertilizers,1104,296.0
New Caledonia,2001,31_fertilizers,4680,4500.0
New Caledonia,2002,31_fertilizers,5050,1824.0
New Caledonia,2003,31_fertilizers,1736,400.0
New Caledonia,2004,31_fertilizers,983,400.0
New Caledonia,2005,31_fertilizers,5067,6105.0
New Caledonia,2006,31_fertilizers,1243,247.0
New Caledonia,2007,31_fertilizers,3067,3679.0
New Caledonia,2008,31_fertilizers,3153,3342.0
New Caledonia,2009,31_fertilizers,453,224.0
New Caledonia,2010,31_fertilizers,3377,955.0
New Caledonia,2012,31_fertilizers,1363,388.0
New Caledonia,2013,31_fertilizers,3810,1568.0
New Caledonia,2014,31_fertilizers,2816,1650.0
New Caledonia,2015,31_fertilizers,2933,1500.0
New Zealand,1989,31_fertilizers,11140124,74160422.0
New Zealand,1990,31_fertilizers,10841243,91121396.0
New Zealand,1991,31_fertilizers,14285324,84107137.0
New Zealand,1992,31_fertilizers,6803501,42189660.0
New Zealand,1993,31_fertilizers,4730273,27991877.0
New Zealand,1994,31_fertilizers,6692220,40216863.0
New Zealand,1995,31_fertilizers,4961375,15902499.0
New Zealand,1996,31_fertilizers,11109865,32665405.0
New Zealand,1997,31_fertilizers,4389217,11273301.0
New Zealand,1998,31_fertilizers,3398240,13066977.0
New Zealand,1999,31_fertilizers,7704858,47284495.0
New Zealand,2000,31_fertilizers,4057378,17564927.0
New Zealand,2001,31_fertilizers,3327389,12248669.0
New Zealand,2002,31_fertilizers,3236904,9258049.0
New Zealand,2003,31_fertilizers,4799018,14697948.0
New Zealand,2004,31_fertilizers,3621207,7413079.0
New Zealand,2005,31_fertilizers,3612758,7823092.0
New Zealand,2006,31_fertilizers,3309269,6036410.0
New Zealand,2007,31_fertilizers,3813321,5752733.0
New Zealand,2008,31_fertilizers,8498991,17429806.0
New Zealand,2009,31_fertilizers,23368573,68001249.0
New Zealand,2010,31_fertilizers,19373693,78170480.0
New Zealand,2011,31_fertilizers,5192473,3259462.0
New Zealand,2012,31_fertilizers,8185672,16764458.0
New Zealand,2013,31_fertilizers,5301142,3873295.0
New Zealand,2014,31_fertilizers,5787475,3871926.0
New Zealand,2015,31_fertilizers,5440467,4503486.0
New Zealand,2016,31_fertilizers,5960477,6061357.0
Nicaragua,1993,31_fertilizers,182189,2213542.0
Nicaragua,1994,31_fertilizers,30111,153662.0
Nicaragua,1997,31_fertilizers,47680,255839.0
Nicaragua,1998,31_fertilizers,33180,137081.0
Nicaragua,1999,31_fertilizers,29237,51565.0
Nicaragua,2000,31_fertilizers,16232,94474.0
Nicaragua,2001,31_fertilizers,95931,548455.0
Nicaragua,2002,31_fertilizers,42047,74799.0
Nicaragua,2003,31_fertilizers,85215,282979.0
Nicaragua,2004,31_fertilizers,7150,114570.0
Nicaragua,2005,31_fertilizers,635730,2256070.0
Nicaragua,2006,31_fertilizers,448036,1525732.0
Nicaragua,2007,31_fertilizers,763631,2836311.0
Nicaragua,2008,31_fertilizers,1630205,3711386.0
Nicaragua,2009,31_fertilizers,1809975,4369654.0
Nicaragua,2010,31_fertilizers,3239290,6856848.0
Nicaragua,2011,31_fertilizers,1404040,3297453.0
Nicaragua,2012,31_fertilizers,862746,1832469.0
Nicaragua,2013,31_fertilizers,1823965,3301190.0
Nicaragua,2014,31_fertilizers,2834791,6485276.0
Nicaragua,2015,31_fertilizers,698980,1814626.0
Niger,1995,31_fertilizers,273620,3349187.0
Niger,1996,31_fertilizers,40584,635699.0
Niger,1997,31_fertilizers,4194,70000.0
Niger,1998,31_fertilizers,3626,7000.0
Niger,1999,31_fertilizers,343,511.0
Niger,2000,31_fertilizers,25539,1091.0
Niger,2001,31_fertilizers,25930,503050.0
Niger,2002,31_fertilizers,54385,1070020.0
Niger,2003,31_fertilizers,38774,640200.0
Niger,2004,31_fertilizers,105923,1475060.0
Niger,2005,31_fertilizers,31282,421100.0
Niger,2006,31_fertilizers,18468,258140.0
Niger,2007,31_fertilizers,6017,26400.0
Niger,2008,31_fertilizers,1167,3500.0
Niger,2009,31_fertilizers,2156,8200.0
Niger,2011,31_fertilizers,2026,4400.0
Niger,2012,31_fertilizers,24943,103000.0
Niger,2013,31_fertilizers,28219,53200.0
Niger,2014,31_fertilizers,1982,8000.0
Niger,2015,31_fertilizers,131204,272700.0
Niger,2016,31_fertilizers,120459,808750.0
Nigeria,1999,31_fertilizers,1707,9000.0
Nigeria,2000,31_fertilizers,916,1625.0
Nigeria,2006,31_fertilizers,1167141,70500.0
Nigeria,2007,31_fertilizers,402971,634179.0
Nigeria,2008,31_fertilizers,9863092,34928867.0
Nigeria,2009,31_fertilizers,4158591,10729320.0
Nigeria,2010,31_fertilizers,935992,7558931.0
Nigeria,2011,31_fertilizers,35421951,41780081.0
Nigeria,2012,31_fertilizers,50028806,85994069.0
Nigeria,2013,31_fertilizers,15973468,532925.0
Nigeria,2014,31_fertilizers,3865534,9821194.0
Norway,1993,31_fertilizers,1899137,802847.0
Norway,1994,31_fertilizers,3027905,8853910.0
Norway,1995,31_fertilizers,1802763,382004.0
Norway,1996,31_fertilizers,2344906,3289347.0
Norway,1997,31_fertilizers,3454003,4147223.0
Norway,1998,31_fertilizers,3671908,7732931.0
Norway,1999,31_fertilizers,3945041,9297962.0
Norway,2000,31_fertilizers,5120511,11546138.0
Norway,2001,31_fertilizers,7004193,25408871.0
Norway,2002,31_fertilizers,6316031,24363460.0
Norway,2003,31_fertilizers,6924054,19096314.0
Norway,2004,31_fertilizers,6000602,13324861.0
Norway,2005,31_fertilizers,7456287,11310113.0
Norway,2006,31_fertilizers,7066018,10468653.0
Norway,2007,31_fertilizers,6493973,6182327.0
Norway,2008,31_fertilizers,7540387,1395677.0
Norway,2009,31_fertilizers,6335264,1257702.0
Norway,2010,31_fertilizers,6926708,1150186.0
Norway,2011,31_fertilizers,10320408,5001475.0
Norway,2012,31_fertilizers,10049898,7469966.0
Norway,2013,31_fertilizers,10583265,7705840.0
Norway,2014,31_fertilizers,12851759,11331733.0
Norway,2015,31_fertilizers,19856234,45184190.0
Norway,2016,31_fertilizers,24320570,63917494.0
Oman,1989,31_fertilizers,28008,151199.0
Oman,1990,31_fertilizers,44477,215500.0
Oman,1991,31_fertilizers,17346,81616.0
Oman,1992,31_fertilizers,53975,282675.0
Oman,1993,31_fertilizers,725959,5980581.0
Oman,1994,31_fertilizers,2013573,28727726.0
Oman,1995,31_fertilizers,5095277,69714240.0
Oman,1996,31_fertilizers,4915958,62370827.0
Oman,1997,31_fertilizers,2327464,16185399.0
Oman,1998,31_fertilizers,957932,2914673.0
Oman,1999,31_fertilizers,615824,1916576.0
Oman,2000,31_fertilizers,1307424,4867578.0
Oman,2001,31_fertilizers,291619,1312749.0
Oman,2002,31_fertilizers,550989,1888401.0
Oman,2003,31_fertilizers,98413,209300.0
Oman,2004,31_fertilizers,783342,1914948.0
Oman,2005,31_fertilizers,154275726,823451698.0
Oman,2006,31_fertilizers,284771948,1849104938.0
Oman,2007,31_fertilizers,298087101,1891382294.0
Oman,2008,31_fertilizers,413553768,1868956923.0
Oman,2009,31_fertilizers,494441700,2452485018.0
Oman,2010,31_fertilizers,776811649,3276835129.0
Oman,2011,31_fertilizers,961941637,2580732179.0
Oman,2012,31_fertilizers,990795123,2981983249.0
Oman,2013,31_fertilizers,905985058,3745418504.0
Oman,2014,31_fertilizers,658061127,1497680572.0
Oman,2015,31_fertilizers,684226815,2596228564.0
Oman,2016,31_fertilizers,503178637,2808670833.0
"Other Asia, nes",1997,31_fertilizers,22824138,144887.0
"Other Asia, nes",1998,31_fertilizers,15859434,210434.0
"Other Asia, nes",1999,31_fertilizers,16402628,236393.0
"Other Asia, nes",2000,31_fertilizers,23321497,232694556.0
"Other Asia, nes",2001,31_fertilizers,26748664,211435488.0
"Other Asia, nes",2002,31_fertilizers,23767780,201161175.0
"Other Asia, nes",2003,31_fertilizers,27283760,236309818.0
"Other Asia, nes",2004,31_fertilizers,40465800,332089711.0
"Other Asia, nes",2005,31_fertilizers,47823151,334728197.0
"Other Asia, nes",2006,31_fertilizers,49763387,367771799.0
"Other Asia, nes",2007,31_fertilizers,57903646,367165802.0
"Other Asia, nes",2008,31_fertilizers,134688353,367070698.0
"Other Asia, nes",2009,31_fertilizers,78747994,361546799.0
"Other Asia, nes",2010,31_fertilizers,87328046,432711012.0
"Other Asia, nes",2011,31_fertilizers,122336248,413770818.0
"Other Asia, nes",2012,31_fertilizers,146630938,456771280.0
"Other Asia, nes",2013,31_fertilizers,123117084,444792375.0
"Other Asia, nes",2014,31_fertilizers,112029693,433338.0
"Other Asia, nes",2015,31_fertilizers,125622121,408635216.0
"Other Asia, nes",2016,31_fertilizers,108854364,479367271.0
Pakistan,2003,31_fertilizers,4600418,23927000.0
Pakistan,2004,31_fertilizers,8784274,48113000.0
Pakistan,2005,31_fertilizers,7758211,43290000.0
Pakistan,2006,31_fertilizers,1508773,7107000.0
Pakistan,2007,31_fertilizers,112345,750000.0
Pakistan,2008,31_fertilizers,978389,5543000.0
Pakistan,2009,31_fertilizers,510176,1445000.0
Pakistan,2010,31_fertilizers,363750,1249000.0
Pakistan,2011,31_fertilizers,219090,660000.0
Pakistan,2012,31_fertilizers,203159,1030000.0
Pakistan,2013,31_fertilizers,51108,369000.0
Pakistan,2015,31_fertilizers,65121,795000.0
Pakistan,2016,31_fertilizers,6516,24000.0
Panama,1996,31_fertilizers,1715,15875.0
Panama,1997,31_fertilizers,16678,18207.0
Panama,1998,31_fertilizers,39204,385550.0
Panama,1999,31_fertilizers,3761,648.0
Panama,2000,31_fertilizers,19494,3412.0
Panama,2005,31_fertilizers,34987,11347.0
Panama,2006,31_fertilizers,803021,219258.0
Panama,2007,31_fertilizers,1168503,269867.0
Panama,2008,31_fertilizers,1548833,434842.0
Panama,2009,31_fertilizers,1128514,253857.0
Panama,2010,31_fertilizers,2784085,2797825.0
Panama,2011,31_fertilizers,2561379,1763191.0
Panama,2012,31_fertilizers,2654359,1137981.0
Panama,2013,31_fertilizers,2102156,377087.0
Panama,2014,31_fertilizers,1711601,320419.0
Panama,2015,31_fertilizers,2434945,1645355.0
Panama,2016,31_fertilizers,5609281,5792755.0
Papua New Guinea,2001,31_fertilizers,639135,691534.0
Papua New Guinea,2002,31_fertilizers,40301,11085.0
Papua New Guinea,2003,31_fertilizers,6472,5125.0
Papua New Guinea,2004,31_fertilizers,43752,215860.0
Papua New Guinea,2011,31_fertilizers,49810,8103.0
Papua New Guinea,2012,31_fertilizers,19724,5116.0
Paraguay,1997,31_fertilizers,7394,10000.0
Paraguay,2002,31_fertilizers,9125,64968.0
Paraguay,2005,31_fertilizers,267283,14148.0
Paraguay,2008,31_fertilizers,10767,3581.0
Paraguay,2009,31_fertilizers,32510,9996.0
Paraguay,2010,31_fertilizers,301378,70360.0
Paraguay,2012,31_fertilizers,297243,463353.0
Paraguay,2013,31_fertilizers,972991,504196.0
Paraguay,2014,31_fertilizers,396915,109142.0
Paraguay,2015,31_fertilizers,474760,744993.0
Paraguay,2016,31_fertilizers,692876,453432.0
Peru,1992,31_fertilizers,119842,310000.0
Peru,1994,31_fertilizers,399626,1155437.0
Peru,1995,31_fertilizers,888824,2471885.0
Peru,1996,31_fertilizers,829023,3122352.0
Peru,1997,31_fertilizers,1891970,7150821.0
Peru,1998,31_fertilizers,2107165,6406474.0
Peru,1999,31_fertilizers,665867,1593067.0
Peru,2000,31_fertilizers,2126789,5610823.0
Peru,2001,31_fertilizers,1576713,4564095.0
Peru,2002,31_fertilizers,1669686,5718951.0
Peru,2003,31_fertilizers,1588839,5672647.0
Peru,2004,31_fertilizers,3526797,12437162.0
Peru,2005,31_fertilizers,6535240,21600623.0
Peru,2006,31_fertilizers,6602702,20023624.0
Peru,2007,31_fertilizers,13632976,34783866.0
Peru,2008,31_fertilizers,29884138,50052343.0
Peru,2009,31_fertilizers,38278993,75556593.0
Peru,2010,31_fertilizers,34735995,72810658.0
Peru,2011,31_fertilizers,34166811,60101586.0
Peru,2012,31_fertilizers,32017140,50455008.0
Peru,2013,31_fertilizers,34347373,56811427.0
Peru,2014,31_fertilizers,39549985,70871649.0
Peru,2015,31_fertilizers,30579716,54505009.0
Peru,2016,31_fertilizers,28477215,56381561.0
Philippines,1996,31_fertilizers,104791483,584842501.0
Philippines,1997,31_fertilizers,99089318,498135173.0
Philippines,1998,31_fertilizers,91784987,521988377.0
Philippines,1999,31_fertilizers,44207274,259498944.0
Philippines,2000,31_fertilizers,43719862,281277427.0
Philippines,2001,31_fertilizers,36557669,265743728.0
Philippines,2002,31_fertilizers,57584925,437789754.0
Philippines,2003,31_fertilizers,49762400,320755290.0
Philippines,2004,31_fertilizers,67633613,346655993.0
Philippines,2005,31_fertilizers,92329377,412698613.0
Philippines,2006,31_fertilizers,83666950,359131136.0
Philippines,2007,31_fertilizers,54150414,260677610.0
Philippines,2008,31_fertilizers,56670514,215280329.0
Philippines,2009,31_fertilizers,97403845,351482461.0
Philippines,2010,31_fertilizers,120825932,386959181.0
Philippines,2011,31_fertilizers,178490484,375143395.0
Philippines,2012,31_fertilizers,119569118,242403339.0
Philippines,2013,31_fertilizers,132282085,324170393.0
Philippines,2014,31_fertilizers,56155970,15646640.0
Philippines,2015,31_fertilizers,12992728,19478105.0
Philippines,2016,31_fertilizers,11785519,27402917.0
Poland,1994,31_fertilizers,173663000,1796010016.0
Poland,1995,31_fertilizers,297763002,2344802036.0
Poland,1996,31_fertilizers,304611001,2320126130.0
Poland,1997,31_fertilizers,266963521,2409141023.0
Poland,1998,31_fertilizers,236200000,2563797531.0
Poland,1999,31_fertilizers,186175000,1868993507.0
Poland,2000,31_fertilizers,249315000,2557009742.0
Poland,2001,31_fertilizers,190379000,1812589310.0
Poland,2002,31_fertilizers,172378000,1768951826.0
Poland,2003,31_fertilizers,308375000,2753768494.0
Poland,2004,31_fertilizers,324245062,2326566348.0
Poland,2005,31_fertilizers,450871944,2703360293.0
Poland,2006,31_fertilizers,409999420,1917271842.0
Poland,2007,31_fertilizers,564567118,2177650987.0
Poland,2008,31_fertilizers,1167285122,2403849584.0
Poland,2009,31_fertilizers,376599073,1474274805.0
Poland,2010,31_fertilizers,622316926,2364054109.0
Poland,2011,31_fertilizers,890687337,2348397388.0
Poland,2012,31_fertilizers,864134667,2444025443.0
Poland,2013,31_fertilizers,768081230,2249965185.0
Poland,2014,31_fertilizers,792358438,2435309037.0
Poland,2015,31_fertilizers,768104227,2558876638.0
Poland,2016,31_fertilizers,577788032,2432476535.0
Portugal,1988,31_fertilizers,16021599,163492579.0
Portugal,1989,31_fertilizers,12085752,125653833.0
Portugal,1990,31_fertilizers,20687094,193513011.0
Portugal,1991,31_fertilizers,18143776,148107339.0
Portugal,1992,31_fertilizers,20074048,186784640.0
Portugal,1993,31_fertilizers,11010957,95005038.0
Portugal,1994,31_fertilizers,12278328,92994405.0
Portugal,1995,31_fertilizers,27550477,171550391.0
Portugal,1996,31_fertilizers,34276337,202282355.0
Portugal,1997,31_fertilizers,36258547,268356998.0
Portugal,1998,31_fertilizers,36958886,318494231.0
Portugal,1999,31_fertilizers,31609348,293930645.0
Portugal,2000,31_fertilizers,33767406,316510085.0
Portugal,2001,31_fertilizers,34092207,280292897.0
Portugal,2002,31_fertilizers,37765191,320472054.0
Portugal,2003,31_fertilizers,49593152,371070792.0
Portugal,2004,31_fertilizers,65601574,385004195.0
Portugal,2005,31_fertilizers,77959003,399693578.0
Portugal,2006,31_fertilizers,77081748,347386386.0
Portugal,2007,31_fertilizers,99294203,376829944.0
Portugal,2008,31_fertilizers,122406139,264869680.0
Portugal,2009,31_fertilizers,64723964,222210367.0
Portugal,2010,31_fertilizers,161513228,436233452.0
Portugal,2011,31_fertilizers,173538663,444000225.0
Portugal,2012,31_fertilizers,168992997,442692721.0
Portugal,2013,31_fertilizers,189996385,463146914.0
Portugal,2014,31_fertilizers,174904281,483569455.0
Portugal,2015,31_fertilizers,137375614,432795452.0
Portugal,2016,31_fertilizers,112007830,390901544.0
Qatar,2000,31_fertilizers,188933192,1688463564.0
Qatar,2001,31_fertilizers,173147664,1583407488.0
Qatar,2002,31_fertilizers,186966496,1759648449.0
Qatar,2003,31_fertilizers,278611243,1893650062.0
Qatar,2004,31_fertilizers,394385685,2134209937.0
Qatar,2005,31_fertilizers,685239764,2965912313.0
Qatar,2006,31_fertilizers,673929776,2979190694.0
Qatar,2007,31_fertilizers,896381337,2912324700.0
Qatar,2009,31_fertilizers,785834482,1510172730.0
Qatar,2010,31_fertilizers,40577,162300.0
Qatar,2013,31_fertilizers,67188,200000.0
Qatar,2014,31_fertilizers,272269,1003200.0
Rep. of Korea,1988,31_fertilizers,235711249,1462448649.0
Rep. of Korea,1989,31_fertilizers,183006836,1103695419.0
Rep. of Korea,1990,31_fertilizers,188692031,1196952419.0
Rep. of Korea,1991,31_fertilizers,168175622,1115538850.0
Rep. of Korea,1992,31_fertilizers,184084313,1218732514.0
Rep. of Korea,1993,31_fertilizers,197930664,1486281203.0
Rep. of Korea,1994,31_fertilizers,225171703,1505570070.0
Rep. of Korea,1995,31_fertilizers,253383646,1403972247.0
Rep. of Korea,1996,31_fertilizers,295172481,1626128879.0
Rep. of Korea,1997,31_fertilizers,214206130,1370928486.0
Rep. of Korea,1998,31_fertilizers,177713751,1268986380.0
Rep. of Korea,1999,31_fertilizers,143841379,984600174.0
Rep. of Korea,2000,31_fertilizers,126743414,1036311790.0
Rep. of Korea,2001,31_fertilizers,129340718,1130157502.0
Rep. of Korea,2002,31_fertilizers,127877623,1095061093.0
Rep. of Korea,2003,31_fertilizers,135884053,1160222556.0
Rep. of Korea,2004,31_fertilizers,221392656,1359043148.0
Rep. of Korea,2005,31_fertilizers,197416236,1193203523.0
Rep. of Korea,2006,31_fertilizers,239275776,1297322945.0
Rep. of Korea,2007,31_fertilizers,332927381,1486641839.0
Rep. of Korea,2008,31_fertilizers,783329397,1477928023.0
Rep. of Korea,2009,31_fertilizers,362014490,1506559544.0
Rep. of Korea,2010,31_fertilizers,424139347,1644772859.0
Rep. of Korea,2011,31_fertilizers,604205122,1715545457.0
Rep. of Korea,2012,31_fertilizers,540510788,1539469764.0
Rep. of Korea,2013,31_fertilizers,462642467,1429062265.0
Rep. of Korea,2014,31_fertilizers,356551774,1140111952.0
Rep. of Korea,2015,31_fertilizers,303584444,883376832.0
Rep. of Korea,2016,31_fertilizers,280765345,1044450937.0
Rep. of Moldova,1994,31_fertilizers,3500,18757.0
Rep. of Moldova,1995,31_fertilizers,52897,699198.0
Rep. of Moldova,1996,31_fertilizers,88623,746000.0
Rep. of Moldova,1999,31_fertilizers,474,9.0
Rep. of Moldova,2000,31_fertilizers,2699,19921.0
Rep. of Moldova,2001,31_fertilizers,3325,35000.0
Rep. of Moldova,2002,31_fertilizers,163115,989600.0
Rep. of Moldova,2003,31_fertilizers,705362,4034110.0
Rep. of Moldova,2004,31_fertilizers,724521,2976000.0
Rep. of Moldova,2005,31_fertilizers,1439133,6394006.0
Rep. of Moldova,2006,31_fertilizers,185161,878910.0
Rep. of Moldova,2007,31_fertilizers,250322,778140.0
Rep. of Moldova,2008,31_fertilizers,205239,227000.0
Rep. of Moldova,2009,31_fertilizers,99917,274395.0
Rep. of Moldova,2010,31_fertilizers,55150,60000.0
Rep. of Moldova,2011,31_fertilizers,25231,45000.0
Rep. of Moldova,2012,31_fertilizers,38917,39599.0
Rep. of Moldova,2013,31_fertilizers,9976,3733.0
Rep. of Moldova,2014,31_fertilizers,37509,11258.0
Rep. of Moldova,2015,31_fertilizers,83213,38547.0
Rep. of Moldova,2016,31_fertilizers,22415,7917.0
Romania,1989,31_fertilizers,411456000,0.0
Romania,1990,31_fertilizers,111163000,0.0
Romania,1991,31_fertilizers,144305022,1318761008.0
Romania,1992,31_fertilizers,211263598,1888764016.0
Romania,1993,31_fertilizers,168256588,1760942032.0
Romania,1994,31_fertilizers,208213000,2082686984.0
Romania,1995,31_fertilizers,335533008,2464902832.0
Romania,1996,31_fertilizers,355619992,2505033488.0
Romania,1997,31_fertilizers,180330000,1371134832.0
Romania,1998,31_fertilizers,48257000,469365140.0
Romania,1999,31_fertilizers,83694000,927803688.0
Romania,2000,31_fertilizers,146758000,1617218301.0
Romania,2001,31_fertilizers,168030000,1703978199.0
Romania,2002,31_fertilizers,144457000,1583500101.0
Romania,2003,31_fertilizers,227896998,2011930311.0
Romania,2004,31_fertilizers,262987223,1983978751.0
Romania,2005,31_fertilizers,405210139,2499399675.0
Romania,2006,31_fertilizers,409116099,2206482308.0
Romania,2007,31_fertilizers,513434676,2013747980.0
Romania,2008,31_fertilizers,831616450,1884205268.0
Romania,2009,31_fertilizers,329290306,1438567213.0
Romania,2010,31_fertilizers,542686445,2125365377.0
Romania,2011,31_fertilizers,878114739,2350403761.0
Romania,2012,31_fertilizers,747268752,1917541410.0
Romania,2013,31_fertilizers,489223902,1338440032.0
Romania,2014,31_fertilizers,404761996,1273570230.0
Romania,2015,31_fertilizers,151134359,468750349.0
Romania,2016,31_fertilizers,81641063,259747991.0
Russian Federation,1996,31_fertilizers,1937646308,15523309796.0
Russian Federation,1997,31_fertilizers,1599149265,15170048426.0
Russian Federation,1998,31_fertilizers,1496000719,16121482840.0
Russian Federation,1999,31_fertilizers,1441633294,19104780598.0
Russian Federation,2000,31_fertilizers,1581234688,20198130888.0
Russian Federation,2001,31_fertilizers,1675983375,21649444472.0
Russian Federation,2002,31_fertilizers,1646501176,21245180129.0
Russian Federation,2003,31_fertilizers,1964488838,22577950745.0
Russian Federation,2004,31_fertilizers,2841225334,24835724101.0
Russian Federation,2005,31_fertilizers,3881148644,26263793812.0
Russian Federation,2006,31_fertilizers,4083713870,25566091891.0
Russian Federation,2007,31_fertilizers,5696829841,26932915103.0
Russian Federation,2008,31_fertilizers,11832361578,25239093227.0
Russian Federation,2009,31_fertilizers,5504913837,21337562786.0
Russian Federation,2010,31_fertilizers,7371152339,27632385123.0
Russian Federation,2011,31_fertilizers,10077950419,26756936846.0
Russian Federation,2012,31_fertilizers,11176891825,28915777514.0
Russian Federation,2013,31_fertilizers,9121229312,27290359858.0
Russian Federation,2014,31_fertilizers,8988265601,30895479254.0
Russian Federation,2015,31_fertilizers,8852738891,31651117592.0
Russian Federation,2016,31_fertilizers,6637347167,31515127000.0
Rwanda,2004,31_fertilizers,282,45.0
Rwanda,2007,31_fertilizers,29986,94551.0
Rwanda,2008,31_fertilizers,71070,214650.0
Rwanda,2009,31_fertilizers,12552,63.0
Rwanda,2010,31_fertilizers,244894,387410.0
Rwanda,2011,31_fertilizers,271175,289968.0
Rwanda,2012,31_fertilizers,139624,127365.0
Rwanda,2013,31_fertilizers,183478,185585.0
Rwanda,2014,31_fertilizers,15648,32550.0
Rwanda,2015,31_fertilizers,9706,15141.0
Rwanda,2016,31_fertilizers,167319,118064.0
Réunion,1994,31_fertilizers,4811,9000.0
Saint Kitts and Nevis,1993,31_fertilizers,27,20.0
Saint Kitts and Nevis,1994,31_fertilizers,7,226.0
Saint Kitts and Nevis,1995,31_fertilizers,66,100.0
Saint Kitts and Nevis,1996,31_fertilizers,13611,12310.0
Saint Kitts and Nevis,1997,31_fertilizers,1518,2231.0
Saint Kitts and Nevis,2000,31_fertilizers,663,1335.0
Saint Kitts and Nevis,2001,31_fertilizers,4347,1275.0
Saint Kitts and Nevis,2002,31_fertilizers,786,1511.0
Saint Kitts and Nevis,2003,31_fertilizers,1004,4420.0
Saint Kitts and Nevis,2004,31_fertilizers,13068,34545.0
Saint Kitts and Nevis,2005,31_fertilizers,15,182.0
Saint Kitts and Nevis,2006,31_fertilizers,1719,216.0
Saint Kitts and Nevis,2009,31_fertilizers,2074,236.0
Saint Kitts and Nevis,2010,31_fertilizers,5932,1255.0
Saint Kitts and Nevis,2011,31_fertilizers,2148,1090.0
Saint Lucia,1992,31_fertilizers,1185,5000.0
Saint Lucia,1993,31_fertilizers,66,796.0
Saint Lucia,1995,31_fertilizers,377,36.0
Saint Lucia,1998,31_fertilizers,178504,504747.0
Saint Lucia,1999,31_fertilizers,217,530.0
Saint Lucia,2000,31_fertilizers,32959,187319.0
Saint Lucia,2001,31_fertilizers,555508,5366949.0
Saint Lucia,2002,31_fertilizers,139138,613596.0
Saint Lucia,2003,31_fertilizers,6035,10533.0
Saint Lucia,2004,31_fertilizers,741,30.0
Saint Lucia,2006,31_fertilizers,4129,335.0
Saint Lucia,2008,31_fertilizers,148,18.0
Saint Lucia,2009,31_fertilizers,229,74.0
Saint Lucia,2010,31_fertilizers,37,5.0
Saint Lucia,2013,31_fertilizers,222,16.0
Saint Vincent and the Grenadines,1993,31_fertilizers,2723,4500.0
Saint Vincent and the Grenadines,1994,31_fertilizers,7407,4000.0
Saint Vincent and the Grenadines,1997,31_fertilizers,27371,36363.0
Saint Vincent and the Grenadines,1999,31_fertilizers,1462,2382.0
Saint Vincent and the Grenadines,2002,31_fertilizers,56,100.0
Saint Vincent and the Grenadines,2003,31_fertilizers,215,455.0
Saint Vincent and the Grenadines,2004,31_fertilizers,37,9.0
Saint Vincent and the Grenadines,2005,31_fertilizers,4810,8409.0
Saint Vincent and the Grenadines,2006,31_fertilizers,674,1377.0
Saint Vincent and the Grenadines,2007,31_fertilizers,317,561.0
Saint Vincent and the Grenadines,2008,31_fertilizers,680,857.0
Saint Vincent and the Grenadines,2009,31_fertilizers,624,1238.0
Saint Vincent and the Grenadines,2010,31_fertilizers,2289,1569.0
Saint Vincent and the Grenadines,2011,31_fertilizers,1005,777.0
Saint Vincent and the Grenadines,2012,31_fertilizers,2199,1015.0
Saint Vincent and the Grenadines,2015,31_fertilizers,1496,1700.0
Samoa,2001,31_fertilizers,622,1234.0
Samoa,2003,31_fertilizers,211,100.0
Samoa,2008,31_fertilizers,76,20.0
Samoa,2011,31_fertilizers,115677,191400.0
Samoa,2012,31_fertilizers,2432,1360.0
Samoa,2013,31_fertilizers,421,1840.0
Samoa,2014,31_fertilizers,23,45.0
Saudi Arabia,1991,31_fertilizers,145902289,950739311.0
Saudi Arabia,1992,31_fertilizers,297229315,2058746471.0
Saudi Arabia,1993,31_fertilizers,158845678,1237824723.0
Saudi Arabia,1994,31_fertilizers,254301243,1907840881.0
Saudi Arabia,1995,31_fertilizers,319010253,1757900228.0
Saudi Arabia,1996,31_fertilizers,420242793,2009285506.0
Saudi Arabia,1998,31_fertilizers,281049700,2210509933.0
Saudi Arabia,1999,31_fertilizers,239498959,2334549659.0
Saudi Arabia,2000,31_fertilizers,250147512,2121766000.0
Saudi Arabia,2001,31_fertilizers,325968673,2595754000.0
Saudi Arabia,2002,31_fertilizers,317839064,2423829000.0
Saudi Arabia,2003,31_fertilizers,443809888,2947742000.0
Saudi Arabia,2004,31_fertilizers,460865643,2635159000.0
Saudi Arabia,2005,31_fertilizers,635149157,3075723000.0
Saudi Arabia,2006,31_fertilizers,669040547,3260389000.0
Saudi Arabia,2007,31_fertilizers,1135848076,4454710000.0
Saudi Arabia,2008,31_fertilizers,1714919477,4304261000.0
Saudi Arabia,2009,31_fertilizers,1067910403,4112180000.0
Saudi Arabia,2010,31_fertilizers,1249532228,4429456000.0
Saudi Arabia,2011,31_fertilizers,1615079086,4110139000.0
Saudi Arabia,2012,31_fertilizers,1618563354,3799756000.0
Saudi Arabia,2013,31_fertilizers,1038202630,3076420000.0
Saudi Arabia,2014,31_fertilizers,1124423842,3323101000.0
Saudi Arabia,2015,31_fertilizers,1070582940,3736259000.0
Senegal,1996,31_fertilizers,42900310,165705571.0
Senegal,1997,31_fertilizers,42211913,227841802.0
Senegal,1998,31_fertilizers,52003368,223713125.0
Senegal,1999,31_fertilizers,34796536,167527615.0
Senegal,2000,31_fertilizers,14505738,106431357.0
Senegal,2001,31_fertilizers,20045002,140792733.0
Senegal,2002,31_fertilizers,37458973,195168688.0
Senegal,2003,31_fertilizers,49848634,219371451.0
Senegal,2004,31_fertilizers,68879429,233089331.0
Senegal,2005,31_fertilizers,35389478,121238230.0
Senegal,2006,31_fertilizers,10042476,45247645.0
Senegal,2007,31_fertilizers,26154310,105734400.0
Senegal,2008,31_fertilizers,42466017,143017162.0
Senegal,2009,31_fertilizers,11081797,56249671.0
Senegal,2010,31_fertilizers,9287287,38351800.0
Senegal,2011,31_fertilizers,13065081,47661832.0
Senegal,2012,31_fertilizers,7373127,34732353.0
Senegal,2013,31_fertilizers,11456479,35259330.0
Senegal,2014,31_fertilizers,31812608,72135273.0
Senegal,2015,31_fertilizers,10508492,26506922.0
Senegal,2016,31_fertilizers,17345601,93049288.0
Serbia,2005,31_fertilizers,14898443,74758715.0
Serbia,2006,31_fertilizers,8920679,39976110.0
Serbia,2007,31_fertilizers,25709918,102647873.0
Serbia,2008,31_fertilizers,64311976,154695576.0
Serbia,2009,31_fertilizers,26070071,67334102.0
Serbia,2010,31_fertilizers,39475786,126416056.0
Serbia,2011,31_fertilizers,60519679,150880962.0
Serbia,2012,31_fertilizers,66622826,161085483.0
Serbia,2013,31_fertilizers,70483592,185901069.0
Serbia,2014,31_fertilizers,86539307,238244219.0
Serbia,2015,31_fertilizers,80054344,241581905.0
Serbia,2016,31_fertilizers,85442278,274534624.0
Serbia and Montenegro,1992,31_fertilizers,22591000,186196000.0
Serbia and Montenegro,1996,31_fertilizers,13617000,83213000.0
Serbia and Montenegro,1997,31_fertilizers,16361000,114213000.0
Serbia and Montenegro,1998,31_fertilizers,12454000,92086000.0
Serbia and Montenegro,1999,31_fertilizers,1648000,14399000.0
Serbia and Montenegro,2000,31_fertilizers,2595000,24107000.0
Serbia and Montenegro,2001,31_fertilizers,2186982,22004518.0
Serbia and Montenegro,2002,31_fertilizers,2226440,17320309.0
Serbia and Montenegro,2004,31_fertilizers,12594876,63081012.0
Seychelles,1996,31_fertilizers,6034,30000.0
Seychelles,2010,31_fertilizers,114,10.0
Sierra Leone,2014,31_fertilizers,2,0.0
Singapore,1989,31_fertilizers,29679643,202790368.0
Singapore,1990,31_fertilizers,29485234,188672964.0
Singapore,1991,31_fertilizers,28106362,139224886.0
Singapore,1992,31_fertilizers,34949688,170561548.0
Singapore,1993,31_fertilizers,23884968,112281659.0
Singapore,1994,31_fertilizers,20492747,104359165.0
Singapore,1995,31_fertilizers,14281366,74610936.0
Singapore,1996,31_fertilizers,15497087,48022320.0
Singapore,1997,31_fertilizers,15868961,55361178.0
Singapore,1998,31_fertilizers,13075387,53897567.0
Singapore,1999,31_fertilizers,15771718,157633962.0
Singapore,2000,31_fertilizers,6222388,26452322.0
Singapore,2001,31_fertilizers,5952592,28725738.0
Singapore,2002,31_fertilizers,7772205,29360389.0
Singapore,2003,31_fertilizers,7324037,31339210.0
Singapore,2004,31_fertilizers,8116020,23405167.0
Singapore,2005,31_fertilizers,10163432,25938892.0
Singapore,2006,31_fertilizers,10053965,25578369.0
Singapore,2007,31_fertilizers,9510455,41991733.0
Singapore,2008,31_fertilizers,34696528,42426357.0
Singapore,2009,31_fertilizers,28306137,29782819.0
Singapore,2010,31_fertilizers,29945030,61619261.0
Singapore,2011,31_fertilizers,21719728,44009632.0
Singapore,2012,31_fertilizers,14564974,23710767.0
Singapore,2013,31_fertilizers,9423192,14307919.0
Singapore,2014,31_fertilizers,23974595,73415524.0
Singapore,2015,31_fertilizers,28527525,96177717.0
Singapore,2016,31_fertilizers,26569915,86994182.0
Slovakia,1994,31_fertilizers,77218182,811229809.0
Slovakia,1995,31_fertilizers,103022662,852177359.0
Slovakia,1996,31_fertilizers,112193157,938782673.0
Slovakia,1997,31_fertilizers,83111969,827052914.0
Slovakia,1998,31_fertilizers,69385309,783269478.0
Slovakia,1999,31_fertilizers,42255478,580082053.0
Slovakia,2000,31_fertilizers,57540098,709176159.0
Slovakia,2001,31_fertilizers,67228316,703355332.0
Slovakia,2002,31_fertilizers,61431711,667777161.0
Slovakia,2003,31_fertilizers,80605226,686391047.0
Slovakia,2004,31_fertilizers,116753384,824577414.0
Slovakia,2005,31_fertilizers,96248989,571057141.0
Slovakia,2006,31_fertilizers,123767332,684899319.0
Slovakia,2007,31_fertilizers,125664670,580046094.0
Slovakia,2008,31_fertilizers,212895407,509785977.0
Slovakia,2009,31_fertilizers,151134485,639042865.0
Slovakia,2010,31_fertilizers,182966536,783443550.0
Slovakia,2011,31_fertilizers,340599948,1000052014.0
Slovakia,2012,31_fertilizers,316998249,963458870.0
Slovakia,2013,31_fertilizers,347074473,1092135248.0
Slovakia,2014,31_fertilizers,310400736,1052634576.0
Slovakia,2015,31_fertilizers,330398238,1304120117.0
Slovakia,2016,31_fertilizers,246803872,1198802329.0
Slovenia,1994,31_fertilizers,355874,466647.0
Slovenia,1995,31_fertilizers,547778,556378.0
Slovenia,1996,31_fertilizers,675771,988791.0
Slovenia,1997,31_fertilizers,714296,1764742.0
Slovenia,1998,31_fertilizers,895871,2283912.0
Slovenia,1999,31_fertilizers,840454,2044253.0
Slovenia,2000,31_fertilizers,620558,1063332.0
Slovenia,2001,31_fertilizers,1036276,1465916.0
Slovenia,2002,31_fertilizers,950732,1067447.0
Slovenia,2003,31_fertilizers,1235098,1052390.0
Slovenia,2004,31_fertilizers,1284631,1387513.0
Slovenia,2005,31_fertilizers,3062113,7368625.0
Slovenia,2006,31_fertilizers,6475019,19708661.0
Slovenia,2007,31_fertilizers,9371558,22224779.0
Slovenia,2008,31_fertilizers,11962526,16322124.0
Slovenia,2009,31_fertilizers,9941628,19954840.0
Slovenia,2010,31_fertilizers,5783905,12081756.0
Slovenia,2011,31_fertilizers,6271040,7849754.0
Slovenia,2012,31_fertilizers,9198903,14251234.0
Slovenia,2013,31_fertilizers,8984417,15211631.0
Slovenia,2014,31_fertilizers,21734396,47541475.0
Slovenia,2015,31_fertilizers,22721311,50821713.0
So. African Customs Union,1992,31_fertilizers,72143152,0.0
So. African Customs Union,1993,31_fertilizers,80095288,0.0
So. African Customs Union,1994,31_fertilizers,84849698,447105707.0
So. African Customs Union,1995,31_fertilizers,160028601,122103000.0
So. African Customs Union,1996,31_fertilizers,202775765,0.0
So. African Customs Union,1997,31_fertilizers,132783018,0.0
So. African Customs Union,1998,31_fertilizers,142916680,0.0
So. African Customs Union,1999,31_fertilizers,154416138,1772871487.0
Solomon Isds,2014,31_fertilizers,245082,210000.0
South Africa,2000,31_fertilizers,131628519,891807063.0
South Africa,2001,31_fertilizers,125532084,738759054.0
South Africa,2002,31_fertilizers,140956306,760330018.0
South Africa,2003,31_fertilizers,145347842,784336914.0
South Africa,2004,31_fertilizers,143356154,564836251.0
South Africa,2005,31_fertilizers,193992542,668388928.0
South Africa,2006,31_fertilizers,167144892,559661990.0
South Africa,2007,31_fertilizers,186013550,464032052.0
South Africa,2008,31_fertilizers,325129339,468636923.0
South Africa,2009,31_fertilizers,213410991,461664923.0
South Africa,2010,31_fertilizers,272890451,599114545.0
South Africa,2011,31_fertilizers,313569319,543179479.0
South Africa,2012,31_fertilizers,367032898,582282091.0
South Africa,2013,31_fertilizers,478367000,774574869.0
South Africa,2014,31_fertilizers,361179902,676216251.0
South Africa,2015,31_fertilizers,412619275,811847650.0
South Africa,2016,31_fertilizers,329213769,726643050.0
Spain,1989,31_fertilizers,182394083,1443533715.0
Spain,1990,31_fertilizers,226265299,1760630027.0
Spain,1991,31_fertilizers,181127598,1363301834.0
Spain,1992,31_fertilizers,195355204,1639692055.0
Spain,1993,31_fertilizers,114246817,1189728891.0
Spain,1994,31_fertilizers,142932007,1183475691.0
Spain,1995,31_fertilizers,238231159,1548724640.0
Spain,1996,31_fertilizers,219128366,1486867864.0
Spain,1997,31_fertilizers,203607996,1634862031.0
Spain,1998,31_fertilizers,195535264,1479846321.0
Spain,1999,31_fertilizers,223590448,1713749878.0
Spain,2000,31_fertilizers,146751294,1147377790.0
Spain,2001,31_fertilizers,150080669,1079934403.0
Spain,2002,31_fertilizers,159381310,1101406529.0
Spain,2003,31_fertilizers,228645701,1326310515.0
Spain,2004,31_fertilizers,296037805,1349271749.0
Spain,2005,31_fertilizers,334569600,1407065196.0
Spain,2006,31_fertilizers,342808391,1185676876.0
Spain,2007,31_fertilizers,456752794,951441603.0
Spain,2008,31_fertilizers,818696415,1275226507.0
Spain,2009,31_fertilizers,563681897,1233633192.0
Spain,2010,31_fertilizers,1004044564,1695841648.0
Spain,2011,31_fertilizers,920526191,1695185434.0
Spain,2012,31_fertilizers,1019416208,2113593073.0
Spain,2013,31_fertilizers,1023127461,2048756830.0
Spain,2014,31_fertilizers,922476320,1949930251.0
Spain,2015,31_fertilizers,846161426,2101824460.0
Spain,2016,31_fertilizers,799873991,2175310971.0
Sri Lanka,1990,31_fertilizers,72668,511686.0
Sri Lanka,1991,31_fertilizers,134056,1013261.0
Sri Lanka,1992,31_fertilizers,99370,722157.0
Sri Lanka,1993,31_fertilizers,144465,933493.0
Sri Lanka,1994,31_fertilizers,156897,1047711.0
Sri Lanka,1999,31_fertilizers,114159,749667.0
Sri Lanka,2000,31_fertilizers,831518,8920129.0
Sri Lanka,2001,31_fertilizers,155354,618136.0
Sri Lanka,2002,31_fertilizers,193224,1084088.0
Sri Lanka,2003,31_fertilizers,210083,1014235.0
Sri Lanka,2004,31_fertilizers,224843,1608686.0
Sri Lanka,2005,31_fertilizers,226299,1761840.0
Sri Lanka,2006,31_fertilizers,277397,1987154.0
Sri Lanka,2007,31_fertilizers,266843,1890659.0
Sri Lanka,2008,31_fertilizers,538404,3757376.0
Sri Lanka,2009,31_fertilizers,351691,2637403.0
Sri Lanka,2010,31_fertilizers,290016,2932938.0
Sri Lanka,2011,31_fertilizers,460580,3163783.0
Sri Lanka,2012,31_fertilizers,691831,3042893.0
Sri Lanka,2013,31_fertilizers,597541,420871.0
Sri Lanka,2014,31_fertilizers,1521448,6420122.0
Sri Lanka,2015,31_fertilizers,899405,4566387.0
Sri Lanka,2016,31_fertilizers,1106457,5419564.0
State of Palestine,2007,31_fertilizers,426370,423341.0
State of Palestine,2008,31_fertilizers,223032,0.0
State of Palestine,2009,31_fertilizers,644637,0.0
State of Palestine,2010,31_fertilizers,179591,106094.0
State of Palestine,2011,31_fertilizers,302363,484034.0
State of Palestine,2012,31_fertilizers,283402,106107.0
State of Palestine,2013,31_fertilizers,217885,60860.0
State of Palestine,2014,31_fertilizers,345965,439892.0
State of Palestine,2015,31_fertilizers,290872,363303.0
Sudan,2012,31_fertilizers,5081,1050.0
Sudan,2015,31_fertilizers,244,50.0
Suriname,1994,31_fertilizers,7061,42562.0
Suriname,1995,31_fertilizers,3338,38300.0
Suriname,1996,31_fertilizers,33612,231000.0
Suriname,2000,31_fertilizers,4720,107300.0
Suriname,2001,31_fertilizers,60835,515000.0
Suriname,2002,31_fertilizers,11859,83915.0
Suriname,2003,31_fertilizers,7896,78610.0
Suriname,2004,31_fertilizers,3451,8355.0
Suriname,2005,31_fertilizers,126026,200980.0
Suriname,2006,31_fertilizers,5853,42845.0
Suriname,2007,31_fertilizers,1040,1135.0
Suriname,2008,31_fertilizers,731934,1285945.0
Suriname,2009,31_fertilizers,669,750.0
Suriname,2011,31_fertilizers,25152,19250.0
Suriname,2012,31_fertilizers,704,650.0
Suriname,2014,31_fertilizers,8000,4000.0
Suriname,2016,31_fertilizers,47931,88050.0
Swaziland,2000,31_fertilizers,131162,1690070.0
Swaziland,2001,31_fertilizers,1240766,11552559.0
Swaziland,2002,31_fertilizers,910595,34904913.0
Swaziland,2003,31_fertilizers,598276,18978065.0
Swaziland,2004,31_fertilizers,404600,8736846.0
Swaziland,2005,31_fertilizers,879488,12818484.0
Swaziland,2006,31_fertilizers,1649931,12691953.0
Swaziland,2007,31_fertilizers,1469921,34988396.0
Sweden,1992,31_fertilizers,45927902,33911000.0
Sweden,1993,31_fertilizers,46509181,12472000.0
Sweden,1994,31_fertilizers,55165079,11149000.0
Sweden,1995,31_fertilizers,72088174,238997292.0
Sweden,1996,31_fertilizers,59356338,358721483.0
Sweden,1997,31_fertilizers,47872205,306246428.0
Sweden,1998,31_fertilizers,66850127,371652227.0
Sweden,1999,31_fertilizers,20934346,308067020.0
Sweden,2000,31_fertilizers,55990178,359587818.0
Sweden,2001,31_fertilizers,57720476,330014111.0
Sweden,2002,31_fertilizers,53955452,307935427.0
Sweden,2003,31_fertilizers,62532922,315372719.0
Sweden,2004,31_fertilizers,60856528,264646868.0
Sweden,2005,31_fertilizers,62390373,236998994.0
Sweden,2006,31_fertilizers,74121970,272825852.0
Sweden,2007,31_fertilizers,81573365,319092372.0
Sweden,2008,31_fertilizers,163638166,400506894.0
Sweden,2009,31_fertilizers,133840097,376540364.0
Sweden,2010,31_fertilizers,150001154,418409897.0
Sweden,2011,31_fertilizers,179714090,409541485.0
Sweden,2012,31_fertilizers,201649010,415554424.0
Sweden,2013,31_fertilizers,176144155,392078485.0
Sweden,2014,31_fertilizers,152401130,365605270.0
Sweden,2015,31_fertilizers,149080034,346110711.0
Sweden,2016,31_fertilizers,154575536,421613714.0
Switzerland,1988,31_fertilizers,4140875,7060599.0
Switzerland,1989,31_fertilizers,3608284,9594621.0
Switzerland,1990,31_fertilizers,4851997,12420657.0
Switzerland,1991,31_fertilizers,6128784,15121641.0
Switzerland,1992,31_fertilizers,6001752,20943173.0
Switzerland,1993,31_fertilizers,5160585,16520978.0
Switzerland,1994,31_fertilizers,5243900,16128318.0
Switzerland,1995,31_fertilizers,5166283,12235881.0
Switzerland,1996,31_fertilizers,5204317,16275540.0
Switzerland,1997,31_fertilizers,4325898,17013736.0
Switzerland,1998,31_fertilizers,7123591,21289776.0
Switzerland,1999,31_fertilizers,6520083,10182666.0
Switzerland,2000,31_fertilizers,7650063,24250820.0
Switzerland,2001,31_fertilizers,6474847,16112794.0
Switzerland,2002,31_fertilizers,8050272,24750940.0
Switzerland,2003,31_fertilizers,9022075,21676579.0
Switzerland,2004,31_fertilizers,6790193,7108763.0
Switzerland,2005,31_fertilizers,6508136,4598636.0
Switzerland,2006,31_fertilizers,7448516,6610368.0
Switzerland,2007,31_fertilizers,8544143,7751730.0
Switzerland,2008,31_fertilizers,11032499,9691949.0
Switzerland,2009,31_fertilizers,9199632,7654337.0
Switzerland,2010,31_fertilizers,11172389,11465548.0
Switzerland,2011,31_fertilizers,14827869,13013905.0
Switzerland,2012,31_fertilizers,5238970,8082085.0
Switzerland,2013,31_fertilizers,20983151,5696592.0
Switzerland,2014,31_fertilizers,7669150,6533817.0
Switzerland,2015,31_fertilizers,10290913,18309885.0
Switzerland,2016,31_fertilizers,10702947,26031539.0
Syria,2002,31_fertilizers,725180,2369000.0
Syria,2003,31_fertilizers,23495,151826.0
Syria,2004,31_fertilizers,248847,2500000.0
Syria,2005,31_fertilizers,680423,6035000.0
Syria,2006,31_fertilizers,346036,2811135.0
Syria,2007,31_fertilizers,325239,3327201.0
Syria,2008,31_fertilizers,1339345,4419420.0
Syria,2009,31_fertilizers,4089353,13861840.0
Syria,2010,31_fertilizers,17501869,64190650.0
TFYR of Macedonia,1994,31_fertilizers,137507,863050.0
TFYR of Macedonia,1995,31_fertilizers,235134,1151753.0
TFYR of Macedonia,1996,31_fertilizers,8083560,42515537.0
TFYR of Macedonia,1997,31_fertilizers,4811567,21611518.0
TFYR of Macedonia,1998,31_fertilizers,5845101,25933002.0
TFYR of Macedonia,1999,31_fertilizers,4838767,21513672.0
TFYR of Macedonia,2000,31_fertilizers,3388075,16035732.0
TFYR of Macedonia,2001,31_fertilizers,6719078,34878921.0
TFYR of Macedonia,2002,31_fertilizers,6841408,41573292.0
TFYR of Macedonia,2003,31_fertilizers,2869321,16536363.0
TFYR of Macedonia,2004,31_fertilizers,377002,2163404.0
TFYR of Macedonia,2005,31_fertilizers,197661,1295927.0
TFYR of Macedonia,2006,31_fertilizers,13470,7235.0
TFYR of Macedonia,2007,31_fertilizers,9672,48368.0
TFYR of Macedonia,2009,31_fertilizers,47320,262903.0
TFYR of Macedonia,2010,31_fertilizers,49744,119625.0
TFYR of Macedonia,2011,31_fertilizers,642337,1527698.0
TFYR of Macedonia,2012,31_fertilizers,829911,1856102.0
TFYR of Macedonia,2013,31_fertilizers,415407,565825.0
TFYR of Macedonia,2014,31_fertilizers,93411,112520.0
TFYR of Macedonia,2015,31_fertilizers,119240,202256.0
TFYR of Macedonia,2016,31_fertilizers,351107,311377.0
Thailand,1989,31_fertilizers,96676,463209.0
Thailand,1990,31_fertilizers,1533773,7163460.0
Thailand,1991,31_fertilizers,82940,402229.0
Thailand,1992,31_fertilizers,937234,4045895.0
Thailand,1993,31_fertilizers,3052449,7114918.0
Thailand,1994,31_fertilizers,1552864,5596547.0
Thailand,1995,31_fertilizers,3805763,11013732.0
Thailand,1996,31_fertilizers,9375514,35698949.0
Thailand,1997,31_fertilizers,22552551,88164561.0
Thailand,1998,31_fertilizers,19290139,101538318.0
Thailand,1999,31_fertilizers,20910479,103192471.0
Thailand,2000,31_fertilizers,19401815,100381943.0
Thailand,2001,31_fertilizers,17801231,92472935.0
Thailand,2002,31_fertilizers,31539879,180725656.0
Thailand,2003,31_fertilizers,32398690,167094324.0
Thailand,2004,31_fertilizers,39995992,186370479.0
Thailand,2005,31_fertilizers,68359180,315351238.0
Thailand,2006,31_fertilizers,54976715,285080920.0
Thailand,2007,31_fertilizers,55163804,230146541.0
Thailand,2008,31_fertilizers,91074162,265049027.0
Thailand,2009,31_fertilizers,76546680,287832398.0
Thailand,2010,31_fertilizers,88701928,261964452.0
Thailand,2011,31_fertilizers,132070967,294858062.0
Thailand,2012,31_fertilizers,139534510,315640047.0
Thailand,2013,31_fertilizers,124085197,318154789.0
Thailand,2014,31_fertilizers,160562787,397004632.0
Thailand,2015,31_fertilizers,143597849,408371059.0
Timor-Leste,2005,31_fertilizers,23,68.0
Togo,1995,31_fertilizers,70816,255581.0
Togo,1997,31_fertilizers,40953,26144.0
Togo,1998,31_fertilizers,23771,51823.0
Togo,1999,31_fertilizers,98778,210207.0
Togo,2000,31_fertilizers,107027,486435.0
Togo,2001,31_fertilizers,2740845,17110029.0
Togo,2002,31_fertilizers,46736,36950.0
Togo,2003,31_fertilizers,39926,16000.0
Togo,2004,31_fertilizers,79047,52400.0
Togo,2005,31_fertilizers,19074,43459.0
Togo,2008,31_fertilizers,15717133,23730000.0
Togo,2009,31_fertilizers,24790913,39153800.0
Togo,2010,31_fertilizers,30245908,62052050.0
Togo,2011,31_fertilizers,46802171,73523938.0
Togo,2012,31_fertilizers,24014052,37940320.0
Togo,2013,31_fertilizers,20803091,42139750.0
Togo,2014,31_fertilizers,6742631,15966000.0
Togo,2015,31_fertilizers,12793535,31870309.0
Togo,2016,31_fertilizers,21290224,50994500.0
Tonga,2011,31_fertilizers,18,1.0
Trinidad and Tobago,1991,31_fertilizers,67000481,460875012.0
Trinidad and Tobago,1992,31_fertilizers,59958010,442724499.0
Trinidad and Tobago,1993,31_fertilizers,58076740,513926356.0
Trinidad and Tobago,1994,31_fertilizers,58808030,341973635.0
Trinidad and Tobago,1995,31_fertilizers,96293132,512230341.0
Trinidad and Tobago,1996,31_fertilizers,115665194,606801888.0
Trinidad and Tobago,1997,31_fertilizers,85364931,597100641.0
Trinidad and Tobago,1998,31_fertilizers,49681900,473700187.0
Trinidad and Tobago,1999,31_fertilizers,48104182,0.0
Trinidad and Tobago,2000,31_fertilizers,61007668,722271404.0
Trinidad and Tobago,2001,31_fertilizers,65648379,515329069.0
Trinidad and Tobago,2002,31_fertilizers,62872683,626921671.0
Trinidad and Tobago,2003,31_fertilizers,79976664,518767239.0
Trinidad and Tobago,2004,31_fertilizers,103048664,570489828.0
Trinidad and Tobago,2005,31_fertilizers,144421143,606993219.0
Trinidad and Tobago,2006,31_fertilizers,151699354,682745793.0
Trinidad and Tobago,2007,31_fertilizers,233416987,711950264.0
Trinidad and Tobago,2008,31_fertilizers,364594617,591423604.0
Trinidad and Tobago,2009,31_fertilizers,153313267,560931357.0
Trinidad and Tobago,2010,31_fertilizers,218662721,712518223.0
Trinidad and Tobago,2011,31_fertilizers,475729993,1017130002.0
Trinidad and Tobago,2012,31_fertilizers,332992340,660495545.0
Trinidad and Tobago,2013,31_fertilizers,242196674,687802168.0
Trinidad and Tobago,2014,31_fertilizers,448529629,1347848817.0
Trinidad and Tobago,2015,31_fertilizers,505037582,1603581664.0
Tunisia,1991,31_fertilizers,239615880,1470891157.0
Tunisia,1992,31_fertilizers,236451048,1596203464.0
Tunisia,1993,31_fertilizers,183360009,1439008148.0
Tunisia,1994,31_fertilizers,229782842,1534986593.0
Tunisia,1995,31_fertilizers,298104504,1619118782.0
Tunisia,1996,31_fertilizers,327369658,1628098703.0
Tunisia,1997,31_fertilizers,279658025,1487791641.0
Tunisia,1998,31_fertilizers,303679148,1652885008.0
Tunisia,1999,31_fertilizers,288563127,1746748637.0
Tunisia,2000,31_fertilizers,266452846,1912094175.0
Tunisia,2001,31_fertilizers,288768582,2059321630.0
Tunisia,2002,31_fertilizers,289479255,2055829193.0
Tunisia,2003,31_fertilizers,346543611,2132635650.0
Tunisia,2004,31_fertilizers,437529781,2156175425.0
Tunisia,2005,31_fertilizers,419891146,1885757676.0
Tunisia,2006,31_fertilizers,456977113,2036430668.0
Tunisia,2007,31_fertilizers,661666581,1864435030.0
Tunisia,2008,31_fertilizers,1525443879,1678757553.0
Tunisia,2009,31_fertilizers,661205755,2030478147.0
Tunisia,2010,31_fertilizers,812785240,1956268295.0
Tunisia,2011,31_fertilizers,471901084,840741202.0
Tunisia,2012,31_fertilizers,551341699,1070723451.0
Tunisia,2013,31_fertilizers,600057898,1385048565.0
Tunisia,2014,31_fertilizers,498524673,1140434395.0
Tunisia,2015,31_fertilizers,257753356,631365083.0
Tunisia,2016,31_fertilizers,312536246,986395143.0
Turkey,1993,31_fertilizers,9497,81800.0
Turkey,1994,31_fertilizers,31986986,229623128.0
Turkey,1995,31_fertilizers,20390414,133745893.0
Turkey,1996,31_fertilizers,19388883,96761765.0
Turkey,1997,31_fertilizers,7880690,40201718.0
Turkey,1998,31_fertilizers,14115827,73778235.0
Turkey,1999,31_fertilizers,8372318,49862400.0
Turkey,2000,31_fertilizers,6022753,37540068.0
Turkey,2001,31_fertilizers,18742801,165617470.0
Turkey,2002,31_fertilizers,34903960,309286563.0
Turkey,2003,31_fertilizers,20371402,136398010.0
Turkey,2004,31_fertilizers,39177657,206442331.0
Turkey,2005,31_fertilizers,37754762,165596502.0
Turkey,2006,31_fertilizers,37557667,191169675.0
Turkey,2007,31_fertilizers,84346154,279106733.0
Turkey,2008,31_fertilizers,217320797,271108527.0
Turkey,2009,31_fertilizers,83679409,254351622.0
Turkey,2010,31_fertilizers,205483896,532403314.0
Turkey,2011,31_fertilizers,200598345,489550216.0
Turkey,2012,31_fertilizers,147397383,331370926.0
Turkey,2013,31_fertilizers,98500703,198259199.0
Turkey,2014,31_fertilizers,151355908,324906824.0
Turkey,2015,31_fertilizers,134435224,313837900.0
Turkey,2016,31_fertilizers,146239422,325991372.0
