country,year,trade_usd,trade_yoy_pct,volatility,lpi_overall,vol_norm,lpi_risk,risk_score,risk_tier,region
Afghanistan,2015,46919,,,1.9,0.5,1.0,0.7,High,Other
Albania,1996,2938025,,,2.5,0.5,0.8888888889506172,0.656,Medium,Other
Albania,1997,1176461,-59.95742037593281,,2.5,0.5,0.8888888889506172,0.656,Medium,Other
Albania,1998,1555609,32.22784265691765,65.18482461599412,2.5,0.06461916098523361,0.8888888889506172,0.394,Medium,Other
Albania,1999,1758482,13.041387649467184,48.63995057103771,2.5,0.047086335921262594,0.8888888889506172,0.384,Medium,Other
Albania,2000,1591337,-9.505073125570807,20.888989160725806,2.5,0.017678269686250598,0.8888888889506172,0.366,Medium,Other
Albania,2001,3376931,112.20715662364414,64.75088094670457,2.5,0.06415930505519764,0.8888888889506172,0.394,Medium,Other
Albania,2002,1922117,-43.08095131348553,81.70638789114452,2.5,0.08212728331360175,0.8888888889506172,0.405,Medium,Other
Albania,2003,2525265,31.379359320998667,77.66580880421262,2.5,0.07784542742906496,0.8888888889506172,0.402,Medium,Other
Albania,2004,2593254,2.6923510997855615,37.55546456971919,2.5,0.03533995734762836,0.8888888889506172,0.377,Medium,Other
Albania,2005,5078358,95.82956393781711,47.69925528955791,2.5,0.04608946850698838,0.8888888889506172,0.383,Medium,Other
Albania,2006,6982157,37.488475605697744,47.06200393035393,2.5,0.04541416468948322,0.8888888889506172,0.383,Medium,Other
Albania,2007,6600261,-5.469599151093285,50.8438774044294,2.5,0.04942186676414789,0.8888888889506172,0.385,Medium,Other
Albania,2008,11281664,70.92754362289612,38.29728206347938,2.5,0.03612607130124021,0.8888888889506172,0.377,Medium,Other
Albania,2009,13216423,17.149588925888935,39.24329986270391,2.5,0.03712857905899874,0.8888888889506172,0.378,Medium,Other
Albania,2010,12549528,-5.045956837186583,39.065507879441704,2.5,0.03694017050829944,0.8888888889506172,0.378,Medium,Other
Albania,2011,22397523,78.4730310175809,43.26012046134153,2.5,0.0413852577546421,0.8888888889506172,0.38,Medium,Other
Albania,2012,11545616,-48.45137116278438,64.51001885224846,2.5,0.06390406026124118,0.8888888889506172,0.394,Medium,Other
Albania,2013,17651868,52.888057250474986,67.12435536950893,2.5,0.06667450775397697,0.8888888889506172,0.396,Medium,Other
Albania,2014,6090560,-65.49622963416677,63.998758233553154,2.5,0.06336227052229693,0.8888888889506172,0.394,Medium,Other
Albania,2015,10826570,77.75984474334052,76.54600799555054,2.5,0.07665875948397108,0.8888888889506172,0.402,Medium,Other
Albania,2016,20271982,87.2428848656592,85.57790602155671,2.5,0.086229983033652,0.8888888889506172,0.407,Medium,Other
Algeria,1992,70888214,,,2.5,0.5,0.8888888889506172,0.656,Medium,Other
Algeria,1993,147399833,107.93277850109186,,2.5,0.5,0.8888888889506172,0.656,Medium,Other
Algeria,1994,73920654,-49.8502457597764,111.56944641098148,2.5,0.1137735672007276,0.8888888889506172,0.424,Medium,Other
Algeria,1995,93582395,26.598440268128588,78.90411788587991,2.5,0.07915768018148876,0.8888888889506172,0.403,Medium,Other
Algeria,1996,176824436,88.95053498043089,69.51959201608351,2.5,0.06921277217334296,0.8888888889506172,0.397,Medium,Other
Algeria,1997,138351028,-21.757970148424512,55.5015003569751,2.5,0.05435761231404005,0.8888888889506172,0.388,Medium,Other
Algeria,1998,100873168,-27.08896387817227,65.51075979990893,2.5,0.06496455887380281,0.8888888889506172,0.395,Medium,Other
Algeria,1999,116741561,15.73103463945933,23.335942403591943,2.5,0.02027133887676323,0.8888888889506172,0.368,Medium,Other
Algeria,2000,156297020,33.88292794885619,31.30658902087696,2.5,0.028717940066222976,0.8888888889506172,0.373,Medium,Other
Algeria,2001,189840914,21.461633753477827,9.279184109333642,2.5,0.0053752034652709705,0.8888888889506172,0.359,Medium,Other
Algeria,2002,207086196,9.084070254739718,12.39943527333992,2.5,0.008681775498731148,0.8888888889506172,0.361,Medium,Other
Algeria,2003,201995994,-2.458011252473824,11.96225411377531,2.5,0.008218488756802343,0.8888888889506172,0.36,Medium,Other
Algeria,2004,202843073,0.4193543561066937,6.007997170003636,2.5,0.00190868276508447,0.8888888889506172,0.357,Medium,Other
Algeria,2005,304971025,50.34825714753395,29.691964539065943,2.5,0.027006900833970424,0.8888888889506172,0.372,Medium,Other
Algeria,2006,350674182,14.986065315549247,25.676088140829346,2.5,0.02275122272016356,0.8888888889506172,0.369,Medium,Other
Algeria,2007,285509083,-18.58280487840419,34.46941873913821,2.5,0.032069633165047615,0.8888888889506172,0.375,Medium,Other
Algeria,2008,507206879,77.64999756592684,48.84395171951189,2.5,0.04730251867607404,0.8888888889506172,0.384,Medium,Other
Algeria,2009,258065989,-49.12017173174026,66.16136695532629,2.5,0.06565401600779519,0.8888888889506172,0.395,Medium,Other
Algeria,2010,310411500,20.283769745419654,63.480268601981805,2.5,0.06281282010139182,0.8888888889506172,0.393,Medium,Other
Algeria,2011,474757769,52.94464573638542,52.12303853681865,2.5,0.05077741098297188,0.8888888889506172,0.386,Medium,Other
Algeria,2012,506181505,6.618898742023527,23.803138289667903,2.5,0.020766432627185208,0.8888888889506172,0.368,Medium,Other
Algeria,2013,447909405,-11.512095843960157,33.24023499319774,2.5,0.03076705065335901,0.8888888889506172,0.374,Medium,Other
Algeria,2014,1125694956,151.32201812105285,89.240008211442,2.5,0.09011076187108394,0.8888888889506172,0.41,Medium,Other
Algeria,2015,1021206251,-9.282150945340117,93.37524693990395,2.5,0.09449292984811868,0.8888888889506172,0.412,Medium,Other
Algeria,2016,888156657,-13.028670150590372,93.82508927344956,2.5,0.09496963380603295,0.8888888889506172,0.413,Medium,Other
Andorra,1995,1005601,,,,0.5,0.5,0.5,Medium,Other
Andorra,1996,1358560,35.099308771570435,,,0.5,0.5,0.5,Medium,Other
Andorra,1997,1195807,-11.979816864915794,33.28996898989285,,0.030819754437106054,0.5,0.218,Low,Other
Andorra,1998,1333598,11.522846078004223,23.539572458754357,,0.02048712837901198,0.5,0.212,Low,Other
Andorra,1999,2306808,72.97626421155401,43.868047364752705,,0.04202948605279823,0.5,0.225,Low,Other
Andorra,2000,3094084,34.128371325225146,31.08239360610046,,0.028480357176396198,0.5,0.217,Low,Other
Andorra,2001,2071104,-33.06245079319113,53.64695461768838,,0.05239232530540556,0.5,0.231,Low,Other
Andorra,2002,1673495,-19.19792535768363,35.47422905061762,,0.03313444413706062,0.5,0.22,Low,Other
Andorra,2003,2366465,41.40854917403398,39.60492321423776,,0.037511796177742696,0.5,0.223,Low,Other
Andorra,2004,2873145,21.410838529198607,30.881830932925723,,0.02826781822000523,0.5,0.217,Low,Other
Andorra,2005,1236951,-56.94783938854461,51.983923808430305,,0.05062998923832595,0.5,0.23,Low,Other
Andorra,2006,1231580,-0.43421283462319327,40.43735620351707,,0.03839393658805074,0.5,0.223,Low,Other
Andorra,2007,887730,-27.91942058169181,28.26032474925951,,0.025489772935559606,0.5,0.215,Low,Other
Andorra,2008,1311457,47.73151746589617,38.29368670281888,,0.03612226124929717,0.5,0.222,Low,Other
Andorra,2009,1301728,-0.7418466636725407,38.321777928455504,,0.03615202989809928,0.5,0.222,Low,Other
Andorra,2010,1190194,-8.568149413702397,30.497460373848217,,0.027860495580151044,0.5,0.217,Low,Other
Andorra,2011,1761283,47.98284985472956,30.64137340210592,,0.028013002147563554,0.5,0.217,Low,Other
Andorra,2012,1472288,-16.408209242921213,35.13234632097387,,0.03277214642026029,0.5,0.22,Low,Other
Andorra,2013,1826184,24.03714490643134,32.545946878873316,,0.03003130422099767,0.5,0.218,Low,Other
Andorra,2014,2400670,31.458275836388893,25.762053005644894,,0.022842320841089926,0.5,0.214,Low,Other
Anguilla,2000,7682,,,,0.5,0.5,0.5,Medium,Other
Anguilla,2001,41117,435.23821921374645,,,0.5,0.5,0.5,Medium,Other
Anguilla,2002,15782,-61.61684947831797,351.3295883390666,,0.3678506072746252,0.5,0.421,Medium,Other
Anguilla,2003,21377,35.451780509441136,263.34909492426203,,0.27461649767112195,0.5,0.365,Medium,Other
Anguilla,2004,36560,71.02493333957057,68.65567551082259,,0.06829726825862839,0.5,0.241,Low,Other
Anguilla,2006,19367,-47.026805251641136,60.5590335895917,,0.05971714815467209,0.5,0.236,Low,Other
Anguilla,2007,32608,68.36887489027728,67.40354914778825,,0.06697037314770674,0.5,0.24,Low,Other
Anguilla,2008,37151,13.932163886162897,57.7285521769849,,0.05671764901559071,0.5,0.234,Low,Other
Antigua and Barbuda,1999,519880,,,2.9,0.5,0.6666666668518517,0.567,Medium,Other
Antigua and Barbuda,2000,479360,-7.794106332230511,,2.9,0.5,0.6666666668518517,0.567,Medium,Other
Antigua and Barbuda,2005,517491,7.95456441922564,11.135991883028886,2.9,0.007342887582125543,0.6666666668518517,0.271,Low,Other
Antigua and Barbuda,2007,1269439,145.30648842202086,84.21536258487612,2.9,0.08478607746794808,0.6666666668518517,0.318,Low,Other
Antigua and Barbuda,2009,521748,-58.89932481986138,104.11132478861289,2.9,0.10587009562666203,0.6666666668518517,0.33,Low,Other
Antigua and Barbuda,2010,411000,-21.22633915223441,108.66803475935963,2.9,0.11069890233545106,0.6666666668518517,0.333,Medium,Other
Antigua and Barbuda,2011,335068,-18.474939172749394,22.58670333738707,2.9,0.01947736018323141,0.6666666668518517,0.278,Low,Other
Antigua and Barbuda,2012,416614,24.337149474136588,25.548896362209035,2.9,0.022616435885397353,0.6666666668518517,0.28,Low,Other
Antigua and Barbuda,2013,533237,27.993058322571972,25.837683703723958,2.9,0.02292246770683717,0.6666666668518517,0.28,Low,Other
Antigua and Barbuda,2014,302120,-43.3422661968318,40.17170957145599,2.9,0.038112427286976315,0.6666666668518517,0.29,Low,Other
Antigua and Barbuda,2015,393351,30.196941612604267,41.836189897990174,2.9,0.039876299426966494,0.6666666668518517,0.291,Low,Other
Antigua and Barbuda,2016,242200,-38.42649440321748,41.112357972155436,2.9,0.039109245021058434,0.6666666668518517,0.29,Low,Other
Argentina,1993,506146269,,,2.8,0.5,0.7222222223765432,0.589,Medium,Americas
Argentina,1994,676654415,33.687524030726394,,2.8,0.5,0.7222222223765432,0.589,Medium,Americas
Argentina,1995,1023452778,51.251917568586315,12.419901778049923,2.8,0.008703464128440648,0.7222222223765432,0.294,Low,Americas
Argentina,1996,1042331028,1.8445648305231321,25.04518741382605,2.8,0.02208264875282937,0.7222222223765432,0.302,Low,Americas
Argentina,1997,1170735590,12.318981067500179,26.033867188358236,2.8,0.023130365978361433,0.7222222223765432,0.303,Low,Americas
Argentina,1998,1377879439,17.693478422399366,8.060052516020269,2.8,0.004083273354625034,0.7222222223765432,0.291,Low,Americas
Argentina,1999,1344746004,-2.404668656936104,10.40517979220217,2.8,0.006568436201699003,0.7222222223765432,0.293,Low,Americas
Argentina,2000,1476238440,9.778235860814654,10.124308563386418,2.8,0.006270793191123753,0.7222222223765432,0.293,Low,Americas
Argentina,2001,1626329849,10.16715219798774,7.148718976318446,2.8,0.003117520972158732,0.7222222223765432,0.291,Low,Americas
Argentina,2002,1587525195,-2.3860260588502546,7.137959656132869,2.8,0.0031061191761638887,0.7222222223765432,0.291,Low,Americas
Argentina,2003,1864875225,17.470590758088722,10.043303992908793,2.8,0.006184951560676331,0.7222222223765432,0.293,Low,Americas
Argentina,2004,2449611244,31.355235522526726,16.958485215137816,2.8,0.013513061906246395,0.7222222223765432,0.297,Low,Americas
Argentina,2005,2836901019,15.8102546250396,8.536065715661838,2.8,0.0045877109305642065,0.7222222223765432,0.292,Low,Americas
Argentina,2006,3127251819,10.234787821478086,10.945361059017866,2.8,0.007140873539582576,0.7222222223765432,0.293,Low,Americas
Argentina,2007,3312180068,5.913442847053307,4.961631718069061,2.8,0.0007998352530452689,0.7222222223765432,0.289,Low,Americas
Argentina,2008,4813166922,45.31718756783485,21.610583411728612,2.8,0.018442952798108807,0.7222222223765432,0.3,Low,Americas
Argentina,2009,4156929769,-13.634207240984608,30.027855600786737,2.8,0.027362849099862325,0.7222222223765432,0.305,Low,Americas
Argentina,2010,4750704851,14.283981568032122,29.489410785645887,2.8,0.026792251903122434,0.7222222223765432,0.305,Low,Americas
Argentina,2011,6042148479,27.184253042538685,20.864599087167747,2.8,0.017652423197977017,0.7222222223765432,0.299,Low,Americas
Argentina,2012,5736110792,-5.0650474423735155,16.231755447925973,2.8,0.01274293661894088,0.7222222223765432,0.297,Low,Americas
Argentina,2013,4933206935,-13.997356154971563,21.663057866637764,2.8,0.01849856068220327,0.7222222223765432,0.3,Low,Americas
Argentina,2014,5152963050,4.454629977933422,9.227551041787665,2.8,0.005320487210657006,0.7222222223765432,0.292,Low,Americas
Argentina,2015,4026182397,-21.86665501123669,13.510561919101486,2.8,0.009859251316988775,0.7222222223765432,0.295,Low,Americas
Argentina,2016,4526939762,12.437523083234513,17.950456171311163,2.8,0.014564266841132508,0.7222222223765432,0.298,Low,Americas
Armenia,1997,3954084,,,2.5,0.5,0.8888888889506172,0.656,Medium,Other
Armenia,1999,1782684,-54.91537357324731,,2.5,0.5,0.8888888889506172,0.656,Medium,Other
Armenia,2000,2381642,33.598663588162566,62.58887590703099,2.5,0.06186819929972191,0.8888888889506172,0.393,Medium,Other
Armenia,2001,2916477,22.456565680316352,48.21012705552058,2.5,0.0466308461734733,0.8888888889506172,0.384,Medium,Other
Armenia,2002,2325466,-20.264552060585427,28.43262869440541,2.5,0.025672365738615487,0.8888888889506172,0.371,Medium,Other
Armenia,2003,3219053,38.42614770544914,30.34446597024529,2.5,0.027698365357409677,0.8888888889506172,0.372,Medium,Other
Armenia,2004,2412417,-25.0581770477218,35.3502394355639,2.5,0.03300305067800018,0.8888888889506172,0.375,Medium,Other
Armenia,2005,3281941,36.0436856480451,35.98465700756688,2.5,0.033675351493177935,0.8888888889506172,0.376,Medium,Other
Armenia,2006,7094615,116.17131447518405,70.82801211640611,2.5,0.07059932251315246,0.8888888889506172,0.398,Medium,Other
Armenia,2007,15962426,124.9935479233193,49.00739179495168,2.5,0.047475718317445834,0.8888888889506172,0.384,Medium,Other
Armenia,2008,20392313,27.75196577262129,53.77691314924669,2.5,0.05253004410539104,0.8888888889506172,0.387,Medium,Other
Armenia,2009,10744922,-47.308959018037825,86.38887045204025,2.5,0.08708937292408789,0.8888888889506172,0.408,Medium,Other
Armenia,2010,14081075,31.048647910147697,44.31877914055718,2.5,0.04250713256461087,0.8888888889506172,0.381,Medium,Other
Armenia,2011,17182397,22.024753081707193,42.87289134740261,2.5,0.04097490586583837,0.8888888889506172,0.38,Medium,Other
Armenia,2012,21493048,25.087599826729658,4.58885974055802,2.5,0.0004048037857344617,0.8888888889506172,0.356,Medium,Other
Armenia,2013,24469643,13.849105999298006,5.809847658772065,2.5,0.0016987010687902302,0.8888888889506172,0.357,Medium,Other
Armenia,2014,23054514,-5.783202476636051,15.6244344668693,2.5,0.012099350424835528,0.8888888889506172,0.363,Medium,Other
Armenia,2015,23766741,3.089316912080653,9.831261343276433,2.5,0.005960247119167548,0.8888888889506172,0.359,Medium,Other
Armenia,2016,24637242,3.6626855991740648,5.295834109550126,2.5,0.00115399401242153,0.8888888889506172,0.356,Medium,Other
Aruba,2005,297271,,,,0.5,0.5,0.5,Medium,Other
Aruba,2009,1856771,524.6054946496631,,,0.5,0.5,0.5,Medium,Other
Aruba,2010,1006182,-45.81011874916185,403.3447483289932,,0.42297177037927003,0.5,0.454,Medium,Other
Aruba,2011,1055658,4.917201858113152,315.70639174443573,,0.3301002277663866,0.5,0.398,Medium,Other
Aruba,2012,5809419,450.31260124017433,272.97377045432904,,0.2848158954971567,0.5,0.371,Medium,Other
Aruba,2013,3341660,-42.478585207918385,271.8659522213209,,0.28364192564829405,0.5,0.37,Medium,Other
Aruba,2014,2040960,-38.92376842647067,283.49250888629217,,0.2959627437789965,0.5,0.378,Medium,Other
Aruba,2015,946604,-53.61966917529006,7.667354749596396,,0.0036671262613915995,0.5,0.202,Low,Other
Aruba,2016,645550,-31.80358418092465,11.125107392673858,,0.007331353141622301,0.5,0.204,Low,Other
Australia,1988,2036059813,,,3.7,0.5,0.2222222226543208,0.389,Medium,Asia Pacific
Australia,1989,2735223442,34.3390515610555,,3.7,0.5,0.2222222226543208,0.389,Medium,Asia Pacific
Australia,1990,2993383301,9.438346243889795,17.60745758609579,3.7,0.01420078663720772,0.2222222226543208,0.097,Low,Asia Pacific
Australia,1991,2836916388,-5.227092465830518,20.00249972293953,3.7,0.01673884493200154,0.2222222226543208,0.099,Low,Asia Pacific
Australia,1992,2613242237,-7.884411114339828,9.3292939840088,3.7,0.005428305571957898,0.2222222226543208,0.092,Low,Asia Pacific
Australia,1993,2660822697,1.8207443353824848,5.015366192670984,3.7,0.0008567783969181058,0.2222222226543208,0.089,Low,Asia Pacific
Australia,1994,2889671992,8.60069689190568,8.285696359284472,3.7,0.0043223911635586944,0.2222222226543208,0.091,Low,Asia Pacific
Australia,1995,3411911845,18.072634349012983,8.163019099116049,3.7,0.004192388424582516,0.2222222226543208,0.091,Low,Asia Pacific
Australia,1996,3741386722,9.656605796624863,5.190730189498545,3.7,0.0010426139778081079,0.2222222226543208,0.09,Low,Asia Pacific
Australia,1997,3781411775,1.069791924065111,8.501564165926604,3.7,0.004551149175285801,0.2222222226543208,0.092,Low,Asia Pacific
Australia,1998,3455344476,-8.622898494041953,9.145325738100272,3.7,0.005233351952844486,0.2222222226543208,0.092,Low,Asia Pacific
Australia,1999,3683101255,6.591434821678255,7.701869102928415,3.7,0.003703701584813348,0.2222222226543208,0.091,Low,Asia Pacific
Australia,2000,4482304081,21.699181495894003,15.161071217266638,3.7,0.011608318170719749,0.2222222226543208,0.096,Low,Asia Pacific
Australia,2001,4457575861,-0.5516854625017609,11.360525643404953,3.7,0.00758082902132491,0.2222222226543208,0.093,Low,Asia Pacific
Australia,2002,4083806498,-8.38503650089647,15.607277369704596,3.7,0.012081168818715293,0.2222222226543208,0.096,Low,Asia Pacific
Australia,2003,4985148739,22.07112999701193,15.81524183371982,3.7,0.012301551552194786,0.2222222226543208,0.096,Low,Asia Pacific
Australia,2004,6232811476,25.027593003178406,18.4964976938506,3.7,0.015142914370653399,0.2222222226543208,0.098,Low,Asia Pacific
Australia,2005,7534662296,20.8870559459867,2.1325552742785283,3.7,0.0,0.2222222226543208,0.089,Low,Asia Pacific
Australia,2006,8766403720,16.34766596843904,4.341490562365196,3.7,0.00014266334781464656,0.2222222226543208,0.089,Low,Asia Pacific
Australia,2007,10484374016,19.597207142999352,2.339134068695437,3.7,0.0,0.2222222226543208,0.089,Low,Asia Pacific
Australia,2008,11121608519,6.077945159410847,7.056877589999821,3.7,0.0030201954225303916,0.2222222226543208,0.091,Low,Asia Pacific
Australia,2009,8752424904,-21.302526617013363,20.837661820688947,3.7,0.017623877415181025,0.2222222226543208,0.099,Low,Asia Pacific
Australia,2010,10547790336,20.51277733533583,21.23901386314829,3.7,0.01804919556087294,0.2222222226543208,0.1,Low,Asia Pacific
Australia,2011,11740959363,11.31202829210276,21.97302368626757,3.7,0.0188270356211247,0.2222222226543208,0.1,Low,Asia Pacific
Australia,2012,12235056758,4.208322162813016,8.1746731045821,3.7,0.0042047383305760955,0.2222222226543208,0.091,Low,Asia Pacific
Australia,2013,11036261106,-9.79803915675468,10.741475270192174,3.7,0.006924813032938809,0.2222222226543208,0.093,Low,Asia Pacific
Australia,2014,10070918204,-8.747010357295547,7.800891612054745,3.7,0.003808637066654424,0.2222222226543208,0.091,Low,Asia Pacific
Australia,2015,8914811956,-11.479650857861346,1.3783929988651769,3.7,0.0,0.2222222226543208,0.089,Low,Asia Pacific
Australia,2016,8775863939,-1.5586197183495631,5.124567346852813,3.7,0.0009725003255257995,0.2222222226543208,0.089,Low,Asia Pacific
Austria,1994,4371382376,,,4.0,0.5,0.05555555608024676,0.322,Low,Europe
Austria,1995,4258750773,-2.576567165992527,,4.0,0.5,0.05555555608024676,0.322,Low,Europe
Austria,1996,4299152662,0.9486793464445809,2.4927257142985058,4.0,0.0,0.05555555608024676,0.022,Low,Europe
Austria,1997,4009941018,-6.727177812417029,3.8421720166877273,4.0,0.0,0.05555555608024676,0.022,Low,Europe
Austria,1998,4243536094,5.825399300174938,6.328090454446303,4.0,0.002247889914382535,0.05555555608024676,0.024,Low,Europe
Austria,1999,4517069338,6.44587999114119,7.4328285368729325,4.0,0.003418595686337169,0.05555555608024676,0.024,Low,Europe
Austria,2000,4446428790,-1.5638579511218498,4.456119779161992,4.0,0.00026413746722209555,0.05555555608024676,0.022,Low,Europe
Austria,2001,4718814821,6.125950596860896,4.53489088853821,4.0,0.00034761226896645633,0.05555555608024676,0.022,Low,Europe
Austria,2002,5782746508,22.54658695792038,12.3158705722788,4.0,0.008593220863546464,0.05555555608024676,0.027,Low,Europe
Austria,2003,7760541430,34.20165347493389,14.105099350447663,4.0,0.01048929061190579,0.05555555608024676,0.029,Low,Europe
Austria,2004,8654386374,11.517816792326574,11.343359243221727,4.0,0.007562637556671096,0.05555555608024676,0.027,Low,Europe
Austria,2005,10346069598,19.547119239814048,11.502039805216647,4.0,0.007730793477770879,0.05555555608024676,0.027,Low,Europe
Austria,2006,12481311016,20.63818919614424,4.980651299899668,4.0,0.0008199905591612177,0.05555555608024676,0.023,Low,Europe
Austria,2007,15267187180,22.32038093136801,1.3970912099491033,4.0,0.0,0.05555555608024676,0.022,Low,Europe
Austria,2008,17130742877,12.206280535036962,5.419438463075532,4.0,0.0012849792046700512,0.05555555608024676,0.023,Low,Europe
Austria,2009,15549639604,-9.229624683251847,16.110017140675083,4.0,0.012613928900972517,0.05555555608024676,0.03,Low,Europe
Austria,2010,17035132374,9.553229578503352,11.685691579332968,4.0,0.007925411727478918,0.05555555608024676,0.027,Low,Europe
Austria,2011,19497919007,14.457102997091154,12.502697421800589,4.0,0.008791203783272403,0.05555555608024676,0.027,Low,Europe
Austria,2012,19082651661,-2.1298034208210304,8.521215671148987,4.0,0.004571974139100667,0.05555555608024676,0.025,Low,Europe
Austria,2013,20393881594,6.871319333883852,8.303511196544354,4.0,0.004341269785684915,0.05555555608024676,0.025,Low,Europe
Austria,2014,21840785173,7.094792486319457,5.262498151150239,4.0,0.0011186674499238723,0.05555555608024676,0.023,Low,Europe
Austria,2015,18605465360,-14.81320285590998,12.584571922031268,4.0,0.008877967289953926,0.05555555608024676,0.028,Low,Europe
Azerbaijan,1996,42020539,,,2.448376,0.5,0.9175688889346838,0.667,High,Other
Azerbaijan,1997,35543661,-15.413600477614054,,2.448376,0.5,0.9175688889346838,0.667,High,Other
Azerbaijan,1998,18256670,-48.6359325788078,23.49173631558562,2.448376,0.02043643577611675,0.9175688889346838,0.379,Medium,Other
Azerbaijan,1999,34863788,90.96466113480717,72.92505703245003,2.448376,0.07282158915382814,0.9175688889346838,0.411,Medium,Other
Azerbaijan,2000,55721443,59.82612962194469,73.2825045591957,2.448376,0.0732003810950029,0.9175688889346838,0.411,Medium,Other
Azerbaijan,2001,34302196,-38.43986416503966,67.54177083824976,2.448376,0.06711684852807669,0.9175688889346838,0.407,Medium,Other
Azerbaijan,2002,57552541,67.78092283071322,59.16409364349155,2.448376,0.058238911573162744,0.9175688889346838,0.402,Medium,Other
Azerbaijan,2003,83605493,45.26811770135397,55.97128462127417,2.448376,0.05485544900360209,0.9175688889346838,0.4,Medium,Other
Azerbaijan,2004,142422041,70.35010008253883,13.799353286258704,2.448376,0.010165287404455757,0.9175688889346838,0.373,Medium,Other
Azerbaijan,2005,201926117,41.78010340407914,15.585873914730508,2.448376,0.01205848729023671,0.9175688889346838,0.374,Medium,Other
Azerbaijan,2006,291056193,44.139944512477314,15.857626005967983,2.448376,0.012346466628337948,0.9175688889346838,0.374,Medium,Other
Azerbaijan,2007,161794847,-44.41113060253626,50.45755736865191,2.448376,0.04901247823767201,0.9175688889346838,0.396,Medium,Other
Azerbaijan,2008,228454894,41.20035232024417,50.29787953535572,2.448376,0.04884326549479051,0.9175688889346838,0.396,Medium,Other
Azerbaijan,2009,93287124,-59.16606452738106,54.19171479447653,2.448376,0.052969614975637666,0.9175688889346838,0.399,Medium,Other
Azerbaijan,2010,131014691,40.442416254573345,57.729024389238674,2.448376,0.05671814942525331,0.9175688889346838,0.401,Medium,Other
Azerbaijan,2011,243134031,85.57768532996045,74.06055526950139,2.448376,0.07402489187445163,0.9175688889346838,0.411,Medium,Other
Azerbaijan,2012,282058526,16.009480384093177,35.29375773218445,2.448376,0.03294319625892295,0.9175688889346838,0.387,Medium,Other
Azerbaijan,2013,177565925,-37.046425251474226,61.49706870803997,2.448376,0.06071119655848139,0.9175688889346838,0.403,Medium,Other
Azerbaijan,2014,231181157,30.194549996008526,35.44360326616941,2.448376,0.03310198958227112,0.9175688889346838,0.387,Medium,Other
Azerbaijan,2015,191109336,-17.33351520513413,34.566034765580056,2.448376,0.032172018464892024,0.9175688889346838,0.386,Medium,Other
Bahamas,1997,27523951,,,,0.5,0.5,0.5,Medium,Other
Bahamas,1998,58634310,113.03013509942667,,,0.5,0.5,0.5,Medium,Other
Bahamas,1999,79206162,35.08500739584042,55.11552835965727,,0.05394859260859068,0.5,0.232,Low,Other
Bahamas,2000,110064246,38.95919612921026,43.92599130165735,,0.04209089002036585,0.5,0.225,Low,Other
Bahamas,2001,88475840,-19.61436777570802,32.756407441962466,,0.030254332104164405,0.5,0.218,Low,Other
Bahamas,2002,82953123,-6.242062239815982,30.694284761206653,,0.028069073024893254,0.5,0.217,Low,Other
Bahamas,2003,89710093,8.145528167758066,13.883042028997279,,0.010253973488270729,0.5,0.206,Low,Other
Bahamas,2004,100693222,12.24291340328898,9.708120724687541,,0.005829753353054753,0.5,0.203,Low,Other
Bahamas,2005,159170475,58.074666634463235,27.71959907730454,,0.02491675868424382,0.5,0.215,Low,Other
Bahamas,2006,197604958,24.146741410428028,23.781487321985434,,0.020743488806167838,0.5,0.212,Low,Other
Bahamas,2007,232107153,17.460186904824514,21.77670806493858,,0.018618997322571725,0.5,0.211,Low,Other
Bahamas,2008,231313250,-0.34204159145410085,12.657868722020245,,0.008955640892573304,0.5,0.205,Low,Other
Bahamas,2009,232903274,0.6873899355095414,9.994213216292385,,0.0061329294058789455,0.5,0.204,Low,Other
Bahamas,2010,187801763,-19.3649106882027,11.291767194468619,,0.007507964770222422,0.5,0.205,Low,Other
Bahamas,2011,211865815,12.813538922954626,16.25110698253729,,0.01276344369987348,0.5,0.208,Low,Other
Bahamas,2012,233319538,10.126089949905314,17.85307685898717,,0.014461072676995196,0.5,0.209,Low,Other
Bahamas,2013,249836458,7.079098536531481,2.8690981510269156,,0.0,0.5,0.2,Low,Other
Bahamas,2014,248211601,-0.6503682500974328,5.555190738027172,,0.0014288377122836987,0.5,0.201,Low,Other
Bahamas,2015,136903474,-44.84404699520874,28.014397904595334,,0.025229160957836765,0.5,0.215,Low,Other
Bahrain,2000,157392294,,,3.5,0.5,0.33333333370370355,0.433,Medium,Other
Bahrain,2001,159866365,1.571913679585868,,3.5,0.5,0.33333333370370355,0.433,Medium,Other
Bahrain,2002,155075368,-2.9968761721704262,3.2306222859931566,3.5,0.0,0.33333333370370355,0.133,Low,Other
Bahrain,2003,199888031,28.897344290035786,17.247194446478527,3.5,0.013819010953286333,0.33333333370370355,0.142,Low,Other
Bahrain,2004,235012835,17.572239730551953,16.168837420558315,3.5,0.012676261540955407,0.33333333370370355,0.141,Low,Other
Bahrain,2005,290711670,23.700337473057598,5.668927809863488,3.5,0.0015493664137036004,0.33333333370370355,0.134,Low,Other
Bahrain,2006,311626950,7.194509941757765,8.343592351858444,3.5,0.004383744323875672,0.33333333370370355,0.136,Low,Other
Bahrain,2007,617989558,98.31069103618925,48.547752537307304,3.5,0.04698863242758565,0.33333333370370355,0.162,Low,Other
Bahrain,2008,611981023,-0.9722712822924473,55.114972828817564,3.5,0.05394800390510441,0.33333333370370355,0.166,Low,Other
Bahrain,2009,315814613,-48.39470487959886,74.86484155444411,3.5,0.07487720484443466,0.33333333370370355,0.178,Low,Other
Bahrain,2010,124977068,-60.42707878118356,31.433897214972284,3.5,0.028852850268030396,0.33333333370370355,0.151,Low,Other
Bahrain,2011,182619036,46.12203576419316,58.35367182682563,3.5,0.05738009669787147,0.33333333370370355,0.168,Low,Other
Bahrain,2012,739807045,305.10948979053853,187.99122236452135,3.5,0.19475874878812427,0.33333333370370355,0.25,Low,Other
Bahrain,2013,723059086,-2.2638279958526186,165.27454413887008,3.5,0.17068558000590087,0.33333333370370355,0.236,Low,Other
Bahrain,2014,956351802,32.26468217010967,168.3819386329403,3.5,0.17397852765368835,0.33333333370370355,0.238,Low,Other
Bahrain,2015,815807598,-14.695868581633098,24.331279505725654,3.5,0.021326110961698504,0.33333333370370355,0.146,Low,Other
Bahrain,2016,633008728,-22.407105602858092,29.590992102318783,3.5,0.02689989898766078,0.33333333370370355,0.149,Low,Other
Bangladesh,1989,48153217,,,2.6,0.5,0.8333333334259257,0.633,Medium,Other
Bangladesh,1990,15588875,-67.6265139253313,,2.6,0.5,0.8333333334259257,0.633,Medium,Other
Bangladesh,1991,34113328,118.83123701999021,131.84554009822924,2.6,0.13526041579402787,0.8333333334259257,0.414,Medium,Other
Bangladesh,1992,20441233,-40.07845555262154,100.64597922190413,2.6,0.1021978224233593,0.8333333334259257,0.395,Medium,Other
Bangladesh,1993,58434723,185.86691908457772,116.04409031580106,2.6,0.11851540739809566,0.8333333334259257,0.404,Medium,Other
Bangladesh,1994,42772302,-26.803277564950555,126.7912688985968,2.6,0.12990433677352686,0.8333333334259257,0.411,Medium,Other
Bangladesh,1995,106970194,150.09220686789314,113.87160532069007,2.6,0.1162131958931979,0.8333333334259257,0.403,Medium,Other
Bangladesh,1996,113044679,5.678670639785888,94.16506678683312,2.6,0.09532991253959362,0.8333333334259257,0.391,Medium,Other
Bangladesh,1997,82291544,-27.20440738303127,94.31388700416163,2.6,0.09548761932112082,0.8333333334259257,0.391,Medium,Other
Bangladesh,1998,61642841,-25.092132187968186,18.405618858647703,2.6,0.0150466088493602,0.8333333334259257,0.342,Medium,Other
Bangladesh,2000,79306574,28.654962544636774,31.65828250608711,2.6,0.02909063437236111,0.8333333334259257,0.351,Medium,Other
Bangladesh,2001,68795561,-13.25364653881026,28.24072546863861,2.6,0.025469003314855805,0.8333333334259257,0.349,Medium,Other
Bangladesh,2002,60419310,-12.175569002191866,23.890814388521385,2.6,0.020859344165786987,0.8333333334259257,0.346,Medium,Other
Bangladesh,2003,95050870,57.31869496689055,40.43733910091988,2.6,0.03839391846419897,0.8333333334259257,0.356,Medium,Other
Bangladesh,2004,139161979,46.4078961086837,37.373164705721464,2.6,0.035146771735216145,0.8333333334259257,0.354,Medium,Other
Bangladesh,2005,212692902,52.838371176081075,5.484369343676362,2.6,0.0013537873302399753,0.8333333334259257,0.334,Medium,Other
Bangladesh,2006,171633423,-19.304583563395074,39.925110963711106,2.6,0.03785110343290153,0.8333333334259257,0.356,Medium,Other
Bangladesh,2007,203117962,18.344060527185313,36.08296871457918,2.6,0.03377953372847954,0.8333333334259257,0.354,Medium,Other
Bangladesh,2008,252976341,24.546514010415276,23.7304642091786,2.6,0.02068941892877677,0.8333333334259257,0.346,Medium,Other
Bangladesh,2009,172424751,-31.841550748020342,30.921081954655648,2.6,0.02830941305449614,0.8333333334259257,0.35,Medium,Other
Bangladesh,2010,145658676,-15.523336901904528,29.015774165284096,2.6,0.026290332820140642,0.8333333334259257,0.349,Medium,Other
Bangladesh,2011,198078400,35.98805470399855,35.40377320776416,2.6,0.03305978113484447,0.8333333334259257,0.353,Medium,Other
Bangladesh,2012,180831857,-8.706927660966567,27.980732503877157,2.6,0.02519348528089317,0.8333333334259257,0.348,Medium,Other
Bangladesh,2013,149331626,-17.419624795425293,28.65290203299514,2.6,0.025905792351671387,0.8333333334259257,0.349,Medium,Other
Bangladesh,2015,176107110,17.930216603949646,18.416748866668907,2.6,0.01505840346822923,0.8333333334259257,0.342,Medium,Other
Barbados,1997,24614114,,,,0.5,0.5,0.5,Medium,Other
Barbados,1998,26568633,7.940643323582552,,,0.5,0.5,0.5,Medium,Other
Barbados,1999,28715319,8.079775877065254,0.09838157205141759,,0.0,0.5,0.2,Low,Other
Barbados,2000,30379698,5.796136201725632,1.2801874101031019,,0.0,0.5,0.2,Low,Other
Barbados,2001,32390216,6.617965721713226,1.1566692740363467,,0.0,0.5,0.2,Low,Other
Barbados,2002,27407922,-15.382095630359494,12.471271031110064,,0.008757900815303482,0.5,0.205,Low,Other
Barbados,2003,29047225,5.981128375949107,12.521951400398446,,0.0088116074827883,0.5,0.205,Low,Other
Barbados,2004,25092899,-13.613438116721998,11.856520887820729,,0.008106441838277984,0.5,0.205,Low,Other
Barbados,2005,40560313,61.64060198863432,39.04077908857072,,0.03691396507674364,0.5,0.222,Low,Other
Barbados,2006,40304694,-0.6302194955941309,40.22724973253666,,0.03817128394104369,0.5,0.223,Low,Other
Barbados,2007,40360181,0.13766882835035688,35.73246807437426,,0.03340810349620189,0.5,0.22,Low,Other
Barbados,2008,48652850,20.546659590054862,12.010944760214787,,0.008270086888281333,0.5,0.205,Low,Other
Barbados,2009,53479878,9.921367401909652,10.20738699646049,,0.006358832521596661,0.5,0.204,Low,Other
Barbados,2010,84098929,57.25340472915814,24.834799946642697,,0.021859698330374985,0.5,0.213,Low,Other
Barbados,2011,87450001,3.9846785682609687,29.19224559896076,,0.026477341966721867,0.5,0.216,Low,Other
Barbados,2012,83172204,-4.891706061844414,33.61141221403876,,0.03116039213562435,0.5,0.219,Low,Other
Barbados,2013,60081393,-27.762653734653952,16.379680297580425,,0.012899694567327698,0.5,0.208,Low,Other
Barbados,2014,63780353,6.156581622533275,17.29961191966177,,0.013874558453081134,0.5,0.208,Low,Other
Barbados,2015,64616344,1.3107343573341534,18.345111329185457,,0.014982488208354895,0.5,0.209,Low,Other
Barbados,2016,61277605,-5.167019353493596,5.681365269018464,,0.0015625465560855816,0.5,0.201,Low,Other
Belarus,1998,897053663,,,2.7,0.5,0.7777777779012344,0.611,Medium,Other
Belarus,1999,871049319,-2.8988615812608254,,2.7,0.5,0.7777777779012344,0.611,Medium,Other
Belarus,2000,803909900,-7.707878019706027,3.400488134462181,2.7,0.0,0.7777777779012344,0.311,Low,Other
Belarus,2001,915140100,13.836152534009095,11.308791484526028,2.7,0.007526005638868735,0.7777777779012344,0.316,Low,Other
Belarus,2002,933324400,1.9870509444400941,10.789949865493481,2.7,0.0069761822121271935,0.7777777779012344,0.315,Low,Other
Belarus,2003,1116677900,19.64520588982781,8.999599485958582,2.7,0.0050789238877479576,0.7777777779012344,0.314,Low,Other
Belarus,2004,1441303600,29.070665766735427,13.748769167995677,2.7,0.010111682735474237,0.7777777779012344,0.317,Low,Other
Belarus,2005,1712899900,18.843795297534815,5.687272814839024,2.7,0.001568806861673151,0.7777777779012344,0.312,Low,Other
Belarus,2006,1899263700,10.880016981727891,9.11875674892709,2.7,0.00520519643845168,0.7777777779012344,0.314,Low,Other
Belarus,2007,2468745800,29.984361834536188,9.59609278199287,2.7,0.005711035838723417,0.7777777779012344,0.315,Low,Other
Belarus,2008,5005376700,102.74978088063986,48.47651617029273,2.7,0.04691314229344105,0.7777777779012344,0.339,Medium,Other
Belarus,2009,2989946600,-40.26530310895482,71.5112297500407,2.7,0.07132333740855669,0.7777777779012344,0.354,Medium,Other
Belarus,2010,3824531800,27.9130470089332,71.53337031289753,2.7,0.07134680006015089,0.7777777779012344,0.354,Medium,Other
Belarus,2011,6851648500,79.149994255506,59.907603068653444,2.7,0.05902681848918735,0.7777777779012344,0.347,Medium,Other
Belarus,2012,7386563500,7.807099269613738,36.78605388507166,2.7,0.03452460251932203,0.7777777779012344,0.332,Medium,Other
Belarus,2013,4193318700,-43.2304521581653,61.47033699967369,2.7,0.060682868608375906,0.7777777779012344,0.348,Medium,Other
Belarus,2014,5087279400,21.31869204217651,34.04405677939319,2.7,0.0316188713877858,0.7777777779012344,0.33,Low,Other
Belarus,2015,4804965100,-5.549416059200518,32.42516443400941,2.7,0.029903309443228835,0.7777777779012344,0.329,Low,Other
Belarus,2016,3846937400,-19.938286336356537,20.940682437649336,2.7,0.01773304974554999,0.7777777779012344,0.322,Low,Other
Belgium,1999,30284338216,,,4.0,0.5,0.05555555608024676,0.322,Low,Europe
Belgium,2000,32056077965,5.850349894929985,,4.0,0.5,0.05555555608024676,0.322,Low,Europe
Belgium,2001,34237370291,6.804613865681297,0.6747665247602544,4.0,0.0,0.05555555608024676,0.022,Low,Europe
Belgium,2002,52006631968,51.900194220439346,26.315743544064897,4.0,0.023429074135392167,0.05555555608024676,0.036,Low,Europe
Belgium,2003,63103858704,21.338099230936926,23.01765704316981,4.0,0.019934047608812754,0.05555555608024676,0.034,Low,Europe
Belgium,2004,77718923268,23.160334192168165,17.14322871595819,4.0,0.013708837073394108,0.05555555608024676,0.03,Low,Europe
Belgium,2005,88606790712,14.009287553373717,4.843787695672875,4.0,0.0006749543610002273,0.05555555608024676,0.023,Low,Europe
Belgium,2006,96316577712,8.701124302153351,7.314221333932278,4.0,0.0032929060416269796,0.05555555608024676,0.024,Low,Europe
Belgium,2007,115056556610,19.45664946073473,5.377912703646464,4.0,0.0012409738001115111,0.05555555608024676,0.023,Low,Europe
Belgium,2008,121438818779,5.547065162599596,7.292758346922061,4.0,0.0032701614262507666,0.05555555608024676,0.024,Low,Europe
Belgium,2009,109606535982,-9.743410645761418,14.605470984166576,4.0,0.011019541147336215,0.05555555608024676,0.029,Low,Europe
Belgium,2010,117573470731,7.268667582294874,9.364590852203877,4.0,0.005465710136881678,0.05555555608024676,0.026,Low,Europe
Belgium,2011,126273476464,7.399633334721423,9.859951948687739,4.0,0.005990650938760796,0.05555555608024676,0.026,Low,Europe
Belgium,2012,120922192381,-4.2378528198086185,6.681420105900803,4.0,0.0026223180878477814,0.05555555608024676,0.024,Low,Europe
Belgium,2013,138756050115,14.748209061418049,9.573428460811407,4.0,0.005687018153403572,0.05555555608024676,0.026,Low,Europe
Belgium,2014,127097083430,-8.402492486156198,12.340784358197165,4.0,0.00861962233683668,0.05555555608024676,0.027,Low,Europe
Belgium,2015,111538369543,-12.24159789281799,14.601046719871645,4.0,0.011014852695087562,0.05555555608024676,0.029,Low,Europe
Belgium,2016,109935742600,-1.436839133982637,5.4772540076017835,4.0,0.0013462471131112158,0.05555555608024676,0.023,Low,Europe
Belgium-Luxembourg,1995,25354437708,,,,0.5,0.5,0.5,Medium,Other
Belgium-Luxembourg,1996,24942127437,-1.6261858209930091,,,0.5,0.5,0.5,Medium,Other
Belgium-Luxembourg,1997,26543798067,6.421547777131575,5.6906070004167075,,0.0015723401428758665,0.5,0.201,Low,Other
Belgium-Luxembourg,1998,28686616651,8.072765542411254,5.1891263510736225,,0.001040914368705093,0.5,0.201,Low,Other
Belize,1992,370136,,,,0.5,0.5,0.5,Medium,Other
Belize,1993,253952,-31.389543303002142,,,0.5,0.5,0.5,Medium,Other
Belize,1994,164735,-35.131442162298384,2.6459220579225797,,0.0,0.5,0.2,Low,Other
Belize,1995,76308,-53.67833186633077,11.93579365038562,,0.008190448248638758,0.5,0.205,Low,Other
Belize,1996,159098,108.49452219950729,88.76226614991664,,0.08960449219700453,0.5,0.254,Low,Other
Belize,1997,301372,89.42538561138417,88.64004035236913,,0.08947496787902652,0.5,0.254,Low,Other
Belize,1998,465390,54.42376863145879,27.423808247708546,,0.024603305172495003,0.5,0.215,Low,Other
Belize,1999,2731882,487.0091751004534,240.28736849365842,,0.2501776766754318,0.5,0.35,Medium,Other
Belize,2000,193900,-92.9023288707199,301.422313190114,,0.3149631980245804,0.5,0.389,Medium,Other
Belize,2001,9369,-95.16812790097988,335.46805571056893,,0.3510419282803784,0.5,0.411,Medium,Other
Belize,2002,1900,-79.7203543601238,8.341982224601914,,0.004382038050413405,0.5,0.203,Low,Other
Belize,2003,201350,10497.368421052632,6111.149320948665,,0.9999999999989403,0.5,0.8,High,Other
Belize,2004,339966,68.84330767320586,6064.253377581126,,0.9999999999989403,0.5,0.8,High,Other
Belize,2005,493787,45.245995187754076,6027.735286142016,,0.9999999999989403,0.5,0.8,High,Other
Belize,2006,82247,-83.34362792054064,81.90745559584737,,0.08234035745868078,0.5,0.249,Low,Other
Belize,2007,31098,-62.1895023526694,68.95067600763926,,0.0686098842441244,0.5,0.241,Low,Other
Belize,2008,969,-96.88404398996721,17.485952053607697,,0.01407202559377942,0.5,0.208,Low,Other
Belize,2009,13147,1256.7595459236327,771.7060398539712,,0.813329174557555,0.5,0.688,High,Other
Belize,2010,9751,-25.830988058112116,761.8440329370836,,0.8028782734758286,0.5,0.682,High,Other
Belize,2011,298974,2966.085529689263,1501.021776757726,,0.9999999999989403,0.5,0.8,High,Other
Belize,2012,249235,-16.636563714570496,1724.7357320803267,,0.9999999999989403,0.5,0.8,High,Other
Belize,2013,503098,101.85688205910085,1688.9087960907382,,0.9999999999989403,0.5,0.8,High,Other
Belize,2014,1542533,206.60686387145248,111.69219857968977,,0.11390364932128877,0.5,0.268,Low,Other
Belize,2015,3237033,109.85178274954248,58.30669322595352,,0.05733031284405652,0.5,0.234,Low,Other
Belize,2016,6500016,100.80166003868358,58.64894372750187,,0.0576930002936798,0.5,0.235,Low,Other
Benin,1998,250347,,,2.9,0.5,0.6666666668518517,0.567,Medium,Other
Benin,1999,265338,5.988088533116032,,2.9,0.5,0.6666666668518517,0.567,Medium,Other
Benin,2000,733636,176.4911169904047,120.5638476349917,2.9,0.12330505488611199,0.6666666668518517,0.341,Medium,Other
Benin,2001,363683,-50.42732363188285,118.14254112251037,2.9,0.12073916387997706,0.6666666668518517,0.339,Medium,Other
Benin,2002,396410,8.998770907631105,117.66982436956206,2.9,0.12023821959283831,0.6666666668518517,0.339,Medium,Other
Benin,2003,523496,32.0592316036427,42.558346917995905,2.9,0.04064157891268968,0.6666666668518517,0.291,Low,Other
Benin,2004,2511884,379.828690190565,207.7619672480748,2.9,0.21571007247217566,0.6666666668518517,0.396,Medium,Other
Benin,2005,631372,-74.86460362023087,237.7401572800768,2.9,0.24747836276785168,0.6666666668518517,0.415,Medium,Other
Benin,2006,828523,31.225806655980936,237.8813208996286,2.9,0.24762795574996044,0.6666666668518517,0.415,Medium,Other
Benin,2007,1509659,82.21087404936253,80.13255469825572,2.9,0.08045947115765475,0.6666666668518517,0.315,Low,Other
Benin,2008,1760746,16.632034121612893,34.43118630002471,2.9,0.0320291177362251,0.6666666668518517,0.286,Low,Other
Benin,2009,2478326,40.754316636243956,33.16904910839921,2.9,0.030691614015896235,0.6666666668518517,0.285,Low,Other
Benin,2010,3754473,51.49229762347649,17.853229030147077,2.9,0.014461233934815545,0.6666666668518517,0.275,Low,Other
Benin,2011,5037807,34.18146834455862,8.73852944027795,2.9,0.004802264456680437,0.6666666668518517,0.27,Low,Other
Benin,2012,4111667,-18.383792789203714,36.39010740055976,2.9,0.03410501271593167,0.6666666668518517,0.287,Low,Other
Benin,2013,3698454,-10.049768135405913,28.251740139731254,2.9,0.025480675709633773,0.6666666668518517,0.282,Low,Other
Benin,2014,6431762,73.90406910563169,51.04695911208469,2.9,0.04963707517518431,0.6666666668518517,0.296,Low,Other
Benin,2015,3757991,-41.57136100496256,59.68868201448186,2.9,0.05879482491007754,0.6666666668518517,0.302,Low,Other
Benin,2016,4029176,7.216222710485476,57.96848589368959,2.9,0.05697190999518482,0.6666666668518517,0.301,Low,Other
Bermuda,2012,158179,,,,0.5,0.5,0.5,Medium,Other
Bermuda,2013,129446,-18.164863856769863,,,0.5,0.5,0.5,Medium,Other
Bermuda,2014,417640,222.636466171222,170.27225338153286,,0.17598171956151804,0.5,0.306,Low,Other
Bermuda,2015,58506,-85.99128435973566,162.1916521995373,,0.16741859804420223,0.5,0.3,Low,Other
Bermuda,2016,57797,-1.2118415205278121,159.4504662804857,,0.16451372653802096,0.5,0.299,Low,Other
Bhutan,1993,12319236,,,2.5,0.5,0.8888888889506172,0.656,Medium,Other
Bhutan,1994,13873274,12.614727082101517,,2.5,0.5,0.8888888889506172,0.656,Medium,Other
Bhutan,1998,15081461,8.708737389602472,2.761951798810832,2.5,0.0,0.8888888889506172,0.356,Medium,Other
Bhutan,1999,13207216,-12.427476356567846,13.472863096272517,2.5,0.009819301368504311,0.8888888889506172,0.361,Medium,Other
Bhutan,2005,23511973,78.02368795967296,47.31580960281441,2.5,0.04568312596675868,0.8888888889506172,0.383,Medium,Other
Bhutan,2006,18582914,-20.964038194497757,54.852614558392574,2.5,0.05366997932498682,0.8888888889506172,0.388,Medium,Other
Bhutan,2007,25849597,39.10410929093251,49.86897144059415,2.5,0.048388745830661176,0.8888888889506172,0.385,Medium,Other
Bhutan,2008,2078,-99.99196118995587,69.76306541732491,2.5,0.06947078420414453,0.8888888889506172,0.397,Medium,Other
Bhutan,2009,28007911,1347730.1732435033,778129.9582340069,2.5,0.9999999999989403,0.8888888889506172,0.956,High,Other
Bhutan,2010,36951418,31.932074477100425,778132.0283098652,2.5,0.9999999999989403,0.8888888889506172,0.956,High,Other
Bhutan,2011,38110286,3.136193582611635,778102.2551133246,2.5,0.9999999999989403,0.8888888889506172,0.956,High,Other
Bhutan,2012,36626798,-3.892618386542679,18.982518825384226,2.5,0.015657957486328852,0.8888888889506172,0.365,Medium,Other
Bolivia (Plurinational State of),1992,1513372,,,,0.5,0.5,0.5,Medium,Other
Bolivia (Plurinational State of),1993,2379816,57.25254597019107,,,0.5,0.5,0.5,Medium,Other
Bolivia (Plurinational State of),1994,2727153,14.595119958853964,30.16335520057989,,0.027506439844219528,0.5,0.217,Low,Other
Bolivia (Plurinational State of),1995,8747659,220.76157809994524,108.82667262238918,,0.11086701300788421,0.5,0.267,Low,Other
Bolivia (Plurinational State of),1996,10069326,15.108807967937476,118.88224860534719,,0.12152304182669627,0.5,0.273,Low,Other
Bolivia (Plurinational State of),1997,11656780,15.765245856574705,118.54463927631117,,0.12116527268987062,0.5,0.273,Low,Other
Bolivia (Plurinational State of),1998,12281208,5.356779487988961,5.829081435945871,,0.0017190833605859504,0.5,0.201,Low,Other
Bolivia (Plurinational State of),1999,11302212,-7.971495963589248,11.898263254891638,,0.008150676784861541,0.5,0.205,Low,Other
Bolivia (Plurinational State of),2000,7014047,-37.94093580973353,22.175445885060256,,0.019041545141768552,0.5,0.211,Low,Other
Bolivia (Plurinational State of),2001,7371390,5.09467644000674,22.06413419889893,,0.01892358665409804,0.5,0.211,Low,Other
Bolivia (Plurinational State of),2002,7328598,-0.5805146654837112,23.381163301076082,,0.02031926006870889,0.5,0.212,Low,Other
Bolivia (Plurinational State of),2003,11402710,55.59196997843243,30.923379720045556,,0.028311848027316715,0.5,0.217,Low,Other
Bolivia (Plurinational State of),2004,16257892,42.57919389338149,29.403630205007115,,0.026701349070611363,0.5,0.216,Low,Other
Bolivia (Plurinational State of),2005,22331640,37.35876705294881,9.390020294243612,,0.005492658057884014,0.5,0.203,Low,Other
Bolivia (Plurinational State of),2006,25497693,14.17743166198273,15.117800020470714,,0.011562463102759114,0.5,0.207,Low,Other
Bolivia (Plurinational State of),2007,28407506,11.412063828676589,14.249286403012066,,0.010642087566553623,0.5,0.206,Low,Other
Bolivia (Plurinational State of),2008,40486813,42.52153286529272,17.218373887687193,,0.013788469420352245,0.5,0.208,Low,Other
Bolivia (Plurinational State of),2009,32483758,-19.767065883896564,31.14430586669932,,0.028545966429839,0.5,0.217,Low,Other
Bolivia (Plurinational State of),2010,94219411,190.05083401988156,107.75614085620266,,0.10973255612831105,0.5,0.266,Low,Other
Bolivia (Plurinational State of),2011,77530843,-17.71245205512907,120.54968242644739,,0.12329004382451507,0.5,0.274,Low,Other
Bolivia (Plurinational State of),2012,206509379,166.3577113433424,113.73124179133323,,0.11606445077740628,0.5,0.27,Low,Other
Bolivia (Plurinational State of),2013,78009463,-62.22473604939754,121.18381611968728,,0.12396204380955782,0.5,0.274,Low,Other
Bolivia (Plurinational State of),2014,50999913,-34.623427673127296,124.76991205180715,,0.12776227779560273,0.5,0.277,Low,Other
Bolivia (Plurinational State of),2015,39346126,-22.85060172553628,20.21036907393347,,0.016959126872935926,0.5,0.21,Low,Other
Bosnia Herzegovina,2003,28797971,,,,0.5,0.5,0.5,Medium,Other
Bosnia Herzegovina,2004,122824258,326.5031657959514,,,0.5,0.5,0.5,Medium,Other
Bosnia Herzegovina,2005,202051857,64.50484642862651,185.26078828411423,,0.19186527114964833,0.5,0.315,Low,Other
Bosnia Herzegovina,2006,275107972,36.157111389478594,160.07682777474852,,0.16517749021950184,0.5,0.299,Low,Other
Bosnia Herzegovina,2007,284844492,3.539163161727643,30.50775629420002,,0.027871406305123036,0.5,0.217,Low,Other
Bosnia Herzegovina,2008,370180042,29.958644943711942,17.322146472536893,,0.013898438621185208,0.5,0.208,Low,Other
Bosnia Herzegovina,2009,268278675,-27.527515111146915,28.77436971331646,,0.026034513282650565,0.5,0.216,Low,Other
Bosnia Herzegovina,2010,367949486,37.15196930952489,35.44911427715454,,0.03310782967457194,0.5,0.22,Low,Other
Bosnia Herzegovina,2011,464381025,26.207820004944928,34.618627810673345,,0.03222775202059614,0.5,0.219,Low,Other
Bosnia Herzegovina,2012,429585524,-7.4928774275391685,23.268984190737378,,0.02020038235999645,0.5,0.212,Low,Other
Bosnia Herzegovina,2013,455308945,5.987962713566675,16.962275236681297,,0.013517078242939557,0.5,0.208,Low,Other
Bosnia Herzegovina,2014,515553814,13.231646261638907,10.517524141466327,,0.0066874890163183195,0.5,0.204,Low,Other
Bosnia Herzegovina,2015,503847209,-2.270685364379832,7.756701460275482,,0.0037618081697652194,0.5,0.202,Low,Other
Bosnia Herzegovina,2016,548590736,8.880376074485707,7.995853188768322,,0.004015240465956647,0.5,0.202,Low,Other
Botswana,2000,29792185,,,3.1,0.5,0.555555555802469,0.522,Medium,Other
Botswana,2001,31556920,5.923482953667203,,3.1,0.5,0.555555555802469,0.522,Medium,Other
Botswana,2002,33936135,7.539439843939144,1.1426540752164156,3.1,0.0,0.555555555802469,0.222,Low,Other
Botswana,2003,15872283,-53.228960811241464,34.62759361699004,3.1,0.03223725320587449,0.555555555802469,0.242,Low,Other
Botswana,2004,36604376,130.61821667368204,93.66693519528576,3.1,0.09480203580691461,0.555555555802469,0.279,Low,Other
Botswana,2005,37218070,1.6765591086705056,94.37544864569873,3.1,0.09555285701883842,0.555555555802469,0.28,Low,Other
Botswana,2006,41761686,12.208091392165144,71.5982099369292,3.1,0.07141551147990977,0.555555555802469,0.265,Low,Other
Botswana,2007,42412008,1.5572216121734206,6.115123884636253,3.1,0.002022206382262093,0.555555555802469,0.223,Low,Other
Botswana,2008,49481291,16.668116727696546,7.763933756546528,3.1,0.003769472331183826,0.555555555802469,0.224,Low,Other
Botswana,2009,56409420,14.001512207917122,8.065464434742289,3.1,0.004089008437524776,0.555555555802469,0.225,Low,Other
Botswana,2010,96422349,70.93306224385927,32.12734162939722,3.1,0.029587702620285476,0.555555555802469,0.24,Low,Other
Botswana,2011,84489373,-12.375736666610349,42.57800023405829,3.1,0.04066240579547599,0.555555555802469,0.247,Low,Other
Botswana,2012,82232345,-2.6713750142281167,45.55608959488843,3.1,0.043818327058244705,0.555555555802469,0.249,Low,Other
Botswana,2013,75368965,-8.346326497195234,4.875377861042053,3.1,0.000708430883194034,0.555555555802469,0.223,Low,Other
Botswana,2014,78519844,4.180605372516388,6.272675288141285,3.1,0.0021891657189564034,0.555555555802469,0.224,Low,Other
Botswana,2015,82108947,4.570950242845617,7.34770292410017,3.1,0.003328386932063626,0.555555555802469,0.224,Low,Other
Botswana,2016,84098310,2.422833409372549,1.1443001735012164,3.1,0.0,0.555555555802469,0.222,Low,Other
Brazil,1989,1076571786,,,3.2,0.5,0.5000000002777776,0.5,Medium,Americas
Brazil,1990,1006957750,-6.466269774600986,,3.2,0.5,0.5000000002777776,0.5,Medium,Americas
Brazil,1991,1013562207,0.6558822353768035,5.036121982896694,3.2,0.0008787735863709255,0.5000000002777776,0.201,Low,Americas
Brazil,1992,1099397250,8.468650706113001,7.470121040918173,3.2,0.0034581150533535615,0.5000000002777776,0.202,Low,Americas
Brazil,1993,1278933606,16.330435245312835,7.837289278181858,3.2,0.003847208161919911,0.5000000002777776,0.202,Low,Americas
Brazil,1994,1393513847,8.959045290737322,4.404269384204512,3.2,0.00020919090783354404,0.5000000002777776,0.2,Low,Americas
Brazil,1995,1618471046,16.143162085134264,4.202856076814039,3.2,0.0,0.5000000002777776,0.2,Low,Americas
Brazil,1996,1707371099,5.492841729835929,5.43224055848695,3.2,0.0012985457569865424,0.5000000002777776,0.201,Low,Americas
Brazil,1997,1870561907,9.55801630328521,5.37461801667965,3.2,0.00123748237611682,0.5000000002777776,0.201,Low,Americas
Brazil,1998,1799984461,-3.773061224858998,6.832523081310375,3.2,0.002782443938748964,0.5000000002777776,0.202,Low,Americas
Brazil,1999,1722401420,-4.310206153496344,7.856353552449682,3.2,0.0038674108292113684,0.5000000002777776,0.202,Low,Americas
Brazil,2000,2119352285,23.046361921833537,15.641567480359644,3.2,0.012117506509162832,0.5000000002777776,0.207,Low,Americas
Brazil,2001,1988403951,-6.178695959459146,16.360404840040136,3.2,0.01287926810628825,0.5000000002777776,0.208,Low,Americas
Brazil,2002,2028186768,2.0007411964753308,15.077164587925763,3.2,0.011519401189548202,0.5000000002777776,0.207,Low,Americas
Brazil,2003,2657977785,31.05192415888989,19.566099501009322,3.2,0.016276385760164394,0.5000000002777776,0.21,Low,Americas
Brazil,2004,3419179990,28.638396050401905,16.121212762294828,3.2,0.012625793051452481,0.5000000002777776,0.208,Low,Americas
Brazil,2005,4344342293,27.058017001322,2.0113846910567865,3.2,0.0,0.5000000002777776,0.2,Low,Americas
Brazil,2006,5646533178,29.97440802715312,1.459900827473279,3.2,0.0,0.5000000002777776,0.2,Low,Americas
Brazil,2007,6724137106,19.084345987703678,5.637348922913206,3.2,0.0015159018434016582,0.5000000002777776,0.201,Low,Americas
Brazil,2008,7663935495,13.976490576930845,8.17126062147641,3.2,0.0042011220764321695,0.5000000002777776,0.203,Low,Americas
Brazil,2009,6870550646,-10.352185890886078,15.729399726903656,3.2,0.012210583519567829,0.5000000002777776,0.207,Low,Americas
Brazil,2010,8434917672,22.769165189267127,17.157211908742134,3.2,0.013723655250447043,0.5000000002777776,0.208,Low,Americas
Brazil,2011,10478553338,24.228282307768325,19.55744402599011,3.2,0.016267213437126754,0.5000000002777776,0.21,Low,Americas
Brazil,2012,9647893133,-7.927241272778074,18.158451150853832,3.2,0.014784681912325964,0.5000000002777776,0.209,Low,Americas
Brazil,2013,9200429975,-4.63793650936577,17.692068898070065,3.2,0.014290450380022992,0.5000000002777776,0.209,Low,Americas
Brazil,2014,9829862041,6.841333151932383,7.753536271938744,3.2,0.003758453977206741,0.5000000002777776,0.202,Low,Americas
Brazil,2015,9308403022,-5.304845752921183,6.828226488684663,3.2,0.0027778907818815832,0.5000000002777776,0.202,Low,Americas
Brazil,2016,8969467093,-3.6411823617750527,6.5850913605768895,3.2,0.0025202372236594653,0.5000000002777776,0.202,Low,Americas
Brunei Darussalam,1992,122905,,,2.71,0.5,0.7722222223487654,0.609,Medium,Other
Brunei Darussalam,1993,93417,-23.99251454375331,,2.71,0.5,0.7722222223487654,0.609,Medium,Other
Brunei Darussalam,1994,17532,-81.2325379748868,40.474808723431366,2.71,0.03843362552603104,0.7722222223487654,0.332,Medium,Other
Brunei Darussalam,1997,2012812,11380.789413643623,6601.139730748223,2.71,0.9999999999989403,0.7722222223487654,0.909,High,Other
Brunei Darussalam,1998,1019694,-49.3398290550732,6608.4140667922065,2.71,0.9999999999989403,0.7722222223487654,0.909,High,Other
Brunei Darussalam,2001,1397811,37.081418543210034,6574.382533933476,2.71,0.9999999999989403,0.7722222223487654,0.909,High,Other
Brunei Darussalam,2002,1304060,-6.706986853015174,43.211911393858074,2.71,0.04133416995884578,0.7722222223487654,0.334,Medium,Other
Brunei Darussalam,2003,2466888,89.16982347438001,47.99824499226176,2.71,0.04640631190749969,0.7722222223487654,0.337,Medium,Other
Brunei Darussalam,2004,2997538,21.510907669906377,49.271934570214505,2.71,0.047756057846656964,0.7722222223487654,0.338,Medium,Other
Brunei Darussalam,2006,2762736,-7.833161748074591,49.74666226653133,2.71,0.04825913315747096,0.7722222223487654,0.338,Medium,Other
Brunei Darussalam,2012,6129815,121.87480092198459,68.01732752123947,2.71,0.06762080232719325,0.7722222223487654,0.349,Medium,Other
Brunei Darussalam,2013,10406897,69.77505846424404,65.27068585099295,2.71,0.06471014928825244,0.7722222223487654,0.348,Medium,Other
Brunei Darussalam,2014,5343346,-48.65572321893836,87.38887503383982,2.71,0.08814909119986444,0.7722222223487654,0.362,Medium,Other
Brunei Darussalam,2015,7141274,33.64798012331598,60.697220451792745,2.71,0.05986358662706703,0.7722222223487654,0.345,Medium,Other
Bulgaria,1996,638378618,,,3.2,0.5,0.5000000002777776,0.5,Medium,Other
Bulgaria,1997,548522038,-14.075750262675623,,3.2,0.5,0.5000000002777776,0.5,Medium,Other
Bulgaria,1998,369507232,-32.63584570871881,13.1239693493667,3.2,0.009449573982620835,0.5000000002777776,0.206,Low,Other
Bulgaria,1999,207658973,-43.80110725410646,15.01519817058232,3.2,0.011453734545476359,0.5000000002777776,0.207,Low,Other
Bulgaria,2000,288113041,38.74336217583048,44.783262902324736,3.2,0.04299935224050548,0.5000000002777776,0.226,Low,Other
Bulgaria,2001,296822656,3.02298534275649,41.39651837632041,3.2,0.03941037361489324,0.5000000002777776,0.224,Low,Other
Bulgaria,2002,269287457,-9.276650027685218,24.94376315958368,3.2,0.02197516810945649,0.5000000002777776,0.213,Low,Other
Bulgaria,2003,361981250,34.42187543105657,22.53416833866322,3.2,0.01942168814004399,0.5000000002777776,0.212,Low,Other
Bulgaria,2004,420115013,16.059882383410738,21.94183139792047,3.2,0.01879398073455085,0.5000000002777776,0.211,Low,Other
Bulgaria,2005,644568902,53.426771730245214,18.68436642170524,3.2,0.015342001382831063,0.5000000002777776,0.209,Low,Other
Bulgaria,2006,713988045,10.769856067303717,23.251814451632868,3.2,0.02018218735704294,0.5000000002777776,0.212,Low,Other
Bulgaria,2007,1072459329,50.20690283406637,23.753107401165103,3.2,0.020713414223205155,0.5000000002777776,0.212,Low,Other
Bulgaria,2008,1401570940,30.68756101985477,19.71885871072296,3.2,0.01643826674478489,0.5000000002777776,0.21,Low,Other
Bulgaria,2009,1043761188,-25.529193120970383,39.32192853336957,3.2,0.03721190291652995,0.5000000002777776,0.222,Low,Other
Bulgaria,2010,1391914222,33.35562176508138,33.2537301627822,3.2,0.030781351665677994,0.5000000002777776,0.218,Low,Other
Bulgaria,2011,1935399240,39.045870026321204,35.75317964861266,3.2,0.03343005182937955,0.5000000002777776,0.22,Low,Other
Bulgaria,2012,1955041511,1.014895045634101,20.512827645151553,3.2,0.01727964627996531,0.5000000002777776,0.21,Low,Other
Bulgaria,2013,2177691838,11.388521714104915,19.659162850528975,3.2,0.016375006240596075,0.5000000002777776,0.21,Low,Other
Bulgaria,2014,2430752810,11.620605247453742,6.057324518138385,3.2,0.001960955617894722,0.5000000002777776,0.201,Low,Other
Bulgaria,2015,2286959672,-5.915580449334135,10.05819419877326,3.2,0.006200730911663157,0.5000000002777776,0.204,Low,Other
Bulgaria,2016,2393512387,4.659142717056186,8.829916377483896,3.2,0.004899108420485189,0.5000000002777776,0.203,Low,Other
Burkina Faso,1995,601267,,,2.3,0.5,1.0,0.7,High,Other
Burkina Faso,1996,2096688,248.71163725932072,,2.3,0.5,1.0,0.7,High,Other
Burkina Faso,1997,2377033,13.370849644773086,166.4110668120297,2.3,0.17188996833521658,1.0,0.503,Medium,Other
Burkina Faso,1998,1741092,-26.753562108729668,148.8155070305063,2.3,0.15324371749560153,1.0,0.492,Medium,Other
Burkina Faso,1999,1010510,-41.96113703353988,28.5857409192863,2.3,0.025834620818146324,1.0,0.416,Medium,Other
Burkina Faso,2000,2497871,147.1891421163571,105.09135929491197,2.3,0.10690865134542465,1.0,0.464,Medium,Other
Burkina Faso,2001,984306,-60.59420202244231,114.96299209953563,2.3,0.11736975310956808,1.0,0.47,Medium,Other
Burkina Faso,2002,664374,-32.5033068984645,112.73301255866544,2.3,0.11500661386293053,1.0,0.469,Medium,Other
Burkina Faso,2003,976840,47.03164181620594,55.8244700197155,2.3,0.054699867600022316,1.0,0.433,Medium,Other
Burkina Faso,2004,1638346,67.71897137709348,52.912315412937986,2.3,0.05161381828099277,1.0,0.431,Medium,Other
Burkina Faso,2005,3562831,117.46511420664501,36.20202195953895,2.3,0.03390569604990344,1.0,0.42,Medium,Other
Burkina Faso,2007,2532291,-28.924751131894833,74.43641637962821,2.3,0.07442319693705272,1.0,0.445,Medium,Other
Burkina Faso,2008,3143225,24.12574226263886,74.11318582427467,2.3,0.07408066517966702,1.0,0.444,Medium,Other
Burkina Faso,2009,2343529,-25.44189486912327,29.67444407784983,2.3,0.026988334166088427,1.0,0.416,Medium,Other
Burkina Faso,2010,4487972,91.50486296521187,58.69900726792655,2.3,0.05774605329933966,1.0,0.435,Medium,Other
Burkina Faso,2011,6314471,40.69764695501665,58.64065193955527,2.3,0.05768421337471382,1.0,0.435,Medium,Other
Burkina Faso,2012,14802020,134.41425259534805,46.91373482233615,2.3,0.045257041925888704,1.0,0.427,Medium,Other
Burkina Faso,2013,14924507,0.8275019220349566,68.57824070985184,2.3,0.06821520956083509,1.0,0.441,Medium,Other
Burkina Faso,2014,13899277,-6.86943964045178,79.44153464094464,2.3,0.07972718792916902,1.0,0.448,Medium,Other
Burkina Faso,2015,14946513,7.534463842975425,7.207619616132514,2.3,0.003179938770638789,1.0,0.402,Medium,Other
Burundi,1993,7270,,,2.06,0.5,1.0,0.7,High,Other
Burundi,1994,985,-86.45116918844566,,2.06,0.5,1.0,0.7,High,Other
Burundi,1995,141822,14298.172588832485,10171.46500411372,2.06,0.9999999999989403,1.0,1.0,High,Other
Burundi,1996,91606,-35.40776466274625,8290.270721746369,2.06,0.9999999999989403,1.0,1.0,High,Other
Burundi,1998,2612,-97.14865838482196,8293.37699109605,2.06,0.9999999999989403,1.0,1.0,High,Other
Burundi,1999,59786,2188.897396630934,1302.3921551110168,2.06,0.9999999999989403,1.0,1.0,High,Other
Burundi,2000,1746,-97.07958384906166,1319.8293655942002,2.06,0.9999999999989403,1.0,1.0,High,Other
Burundi,2001,172647,9788.144329896908,5175.131182442495,2.06,0.9999999999989403,1.0,1.0,High,Other
Burundi,2002,264448,53.17265866189391,5664.360820089985,2.06,0.9999999999989403,1.0,1.0,High,Other
Burundi,2003,261555,-1.0939768877057165,5636.2192548803105,2.06,0.9999999999989403,1.0,1.0,High,Other
Burundi,2004,278668,6.54279214696718,29.37553524699325,2.06,0.026671576466558995,1.0,0.416,Medium,Other
Burundi,2005,341320,22.48266754704522,12.029533322782191,2.06,0.008289785437499623,1.0,0.405,Medium,Other
Burundi,2006,117174,-65.67033868510488,46.97475988944653,2.06,0.04532171100848528,1.0,0.427,Medium,Other
Burundi,2007,609199,419.90970693157186,258.68487420113235,2.06,0.2696737603751973,1.0,0.562,Medium,Other
Burundi,2008,681014,11.788430381533788,260.88018258042325,2.06,0.27200015812660905,1.0,0.563,Medium,Other
Burundi,2009,410797,-39.67862628374748,251.80457711029925,2.06,0.2623826172118259,1.0,0.557,Medium,Other
Burundi,2010,239019,-41.81578735969348,30.35028154405864,2.06,0.0277045281990269,1.0,0.417,Medium,Other
Burundi,2011,523961,119.21311694886181,92.35931783682113,2.06,0.09341633614342512,1.0,0.456,Medium,Other
Burundi,2012,2830337,440.1808531551012,245.38111757551272,2.06,0.25557559093753157,1.0,0.553,Medium,Other
Burundi,2013,219021,-92.26166354041939,268.09106166044046,2.06,0.2796416234604555,1.0,0.568,Medium,Other
Burundi,2014,6335378,2792.5892950904254,1535.126789811778,2.06,0.9999999999989403,1.0,1.0,High,Other
Burundi,2015,4191927,-33.83304042789555,1648.9613991959156,2.06,0.9999999999989403,1.0,1.0,High,Other
Cabo Verde,1997,74434,,,,0.5,0.5,0.5,Medium,Other
Cabo Verde,1998,148538,99.55665421715882,,,0.5,0.5,0.5,Medium,Other
Cabo Verde,1999,284344,91.42845601798865,5.747504065461517,,0.001632634726284202,0.5,0.201,Low,Other
Cabo Verde,2000,254323,-10.557986101342031,61.363039899977515,,0.0605691644318598,0.5,0.236,Low,Other
Cabo Verde,2001,12716,-95.00005898011582,93.35174454058352,,0.09446802404014765,0.5,0.257,Low,Other
Cabo Verde,2002,330071,2495.7140610254796,1471.9788092608364,,0.9999999999989403,0.5,0.8,High,Other
Cabo Verde,2003,144943,-56.08732666608094,1484.6438503648544,,0.9999999999989403,0.5,0.8,High,Other
Cabo Verde,2004,100709,-30.518203707664394,1465.957795984829,,0.9999999999989403,0.5,0.8,High,Other
Cabo Verde,2005,332243,229.90398077629607,158.25323701421155,,0.1632450066172761,0.5,0.298,Low,Other
Cabo Verde,2006,657939,98.02945434516303,130.21463389579577,,0.1335321226039248,0.5,0.28,Low,Other
Cabo Verde,2007,364217,-44.64274043642343,137.30874457093756,,0.14104984689204814,0.5,0.285,Low,Other
Cabo Verde,2009,459260,26.09515755717058,71.33693343414588,,0.0711386332634798,0.5,0.243,Low,Other
Cabo Verde,2010,899403,95.83743413317076,70.24067530243853,,0.06997691380910658,0.5,0.242,Low,Other
Cabo Verde,2011,1467477,63.16123028275422,34.89415707386192,,0.03251973407850505,0.5,0.22,Low,Other
Cabo Verde,2012,1292125,-11.949216239845672,55.26794651744314,,0.05411011217590628,0.5,0.232,Low,Other
Cabo Verde,2013,1217643,-5.764302989261871,41.69444700350771,,0.039726092579439626,0.5,0.224,Low,Other
Cabo Verde,2014,747954,-38.573621332360965,17.433509249827278,,0.014016451250810847,0.5,0.208,Low,Other
Cabo Verde,2015,495561,-33.74445487289325,17.713747571964166,,0.014313423561684658,0.5,0.209,Low,Other
Cabo Verde,2016,62591,-87.36966791172026,29.66490205592082,,0.026978222357392674,0.5,0.216,Low,Other
Cambodia,2000,118059,,,2.4,0.5,0.9444444444753086,0.678,High,Other
Cambodia,2001,26114,-77.88055124979883,,2.4,0.5,0.9444444444753086,0.678,High,Other
Cambodia,2002,471921,1707.157080493222,1262.2122140786653,2.4,0.9999999999989403,0.9444444444753086,0.978,High,Other
Cambodia,2003,557804,18.198596799040523,1004.006250733453,2.4,0.9999999999989403,0.9444444444753086,0.978,High,Other
Cambodia,2004,1585664,184.26902639636862,930.8909865052308,2.4,0.982019598846696,0.9444444444753086,0.967,High,Other
Cambodia,2005,1409019,-11.140128047303843,105.3762196470666,2.4,0.10721052168353769,0.9444444444753086,0.442,Medium,Other
Cambodia,2006,4964773,252.3567105908437,136.77917382387747,2.4,0.14048865366434682,0.9444444444753086,0.462,Medium,Other
Cambodia,2007,4749831,-4.329341945744547,150.20247465029476,2.4,0.15471350569592673,0.9444444444753086,0.471,Medium,Other
Cambodia,2008,1513701,-68.1314766778018,169.64232969295793,2.4,0.1753141809749186,0.9444444444753086,0.483,Medium,Other
Cambodia,2009,5533050,265.53123767507583,177.1187227911371,2.4,0.18323701507711082,0.9444444444753086,0.488,Medium,Other
Cambodia,2010,11661397,110.75893042716044,166.9765711082204,2.4,0.1724892408271736,0.9444444444753086,0.481,Medium,Other
Cambodia,2011,15468386,32.64608005370198,118.52677694979651,2.4,0.12114634374274379,0.9444444444753086,0.45,Medium,Other
Cambodia,2012,17815375,15.172811177585043,50.898000471329446,2.4,0.049479221704494106,0.9444444444753086,0.407,Medium,Other
Cambodia,2013,23383545,31.25485711078213,9.711529470091314,2.4,0.005833365646305796,0.9444444444753086,0.381,Medium,Other
Cambodia,2014,22150148,-5.274636501864882,18.308168584892115,2.4,0.014943339486441498,0.9444444444753086,0.387,Medium,Other
Cambodia,2015,75676368,241.65174878289753,133.2753388532443,2.4,0.1367755927231629,0.9444444444753086,0.46,Medium,Other
Cambodia,2016,126643264,67.34849642889837,126.90441479558508,2.4,0.13002423899902651,0.9444444444753086,0.456,Medium,Other
Cameroon,1995,3791562,,,2.1,0.5,1.0,0.7,High,Other
Cameroon,1996,2318592,-38.848632832589836,,2.1,0.5,1.0,0.7,High,Other
Cameroon,1997,2209088,-4.722866291266426,24.130560934558776,2.1,0.021113406798113056,1.0,0.413,Medium,Other
Cameroon,2000,816931,-63.019535663586055,29.289651601444262,2.1,0.026580564414779403,1.0,0.416,Medium,Other
Cameroon,2001,349022,-57.27644072755227,32.12829227067654,2.1,0.029588710027607136,1.0,0.418,Medium,Other
Cameroon,2002,1487933,326.3149600884758,223.14296445028214,2.1,0.2320095216262136,1.0,0.539,Medium,Other
Cameroon,2003,1396766,-6.127090399903756,208.27719340335108,2.1,0.2162560645434538,1.0,0.53,Medium,Other
Cameroon,2004,975656,-30.148929741989704,199.23238962384335,2.1,0.20667116459358714,1.0,0.524,Medium,Other
Cameroon,2005,779788,-20.075518420426874,12.062897836437818,2.1,0.008325142260385011,1.0,0.405,Medium,Other
Cameroon,2006,838545,7.534996691408424,19.510221559616568,2.1,0.01621717115576717,1.0,0.41,Medium,Other
Cameroon,2007,3456822,312.24048798812225,184.4097363149243,2.1,0.19096339995645517,1.0,0.515,Medium,Other
Cameroon,2008,3686690,6.649691537487312,176.17791909833682,2.1,0.18224003277790538,1.0,0.509,Medium,Other
Cameroon,2009,9419084,155.48890739389535,152.81246953421493,2.1,0.15747935230154542,1.0,0.494,Medium,Other
Cameroon,2010,4348726,-53.83069096740192,107.72316611173824,2.1,0.10969761234906843,1.0,0.466,Medium,Other
Cameroon,2011,5943906,36.68154765326672,104.97805193372467,2.1,0.1067885780141464,1.0,0.464,Medium,Other
Cameroon,2012,11902069,100.23985910948122,77.42723325407255,2.1,0.0775926057168065,1.0,0.447,Medium,Other
Cameroon,2013,12314425,3.464574100519835,49.17398037535487,2.1,0.047652254471781494,1.0,0.429,Medium,Other
Cameroon,2014,12411208,0.7859319456653413,56.66232513858601,2.1,0.0555877539138252,1.0,0.433,Medium,Other
Cameroon,2015,11320941,-8.784535719649533,6.439586768744369,2.1,0.0023660440549673305,1.0,0.401,Medium,Other
Canada,1989,1642475234,,,4.0,0.5,0.05555555608024676,0.322,Low,Americas
Canada,1990,1904399562,15.946927087729845,,4.0,0.5,0.05555555608024676,0.322,Low,Americas
Canada,1991,1877702198,-1.4018782892368686,12.267457927538802,4.0,0.0085419173341993,0.05555555608024676,0.027,Low,Americas
Canada,1992,1986659587,5.802698059151967,8.715812746113382,4.0,0.004778191271007529,0.05555555608024676,0.025,Low,Americas
Canada,1993,2049610670,3.168689966410443,3.645408371543636,4.0,0.0,0.05555555608024676,0.022,Low,Americas
Canada,1994,2452844630,19.673685637087356,8.867141376160728,4.0,0.004938556251156732,0.05555555608024676,0.025,Low,Americas
Canada,1995,2813476098,14.702580978396496,8.467166049837202,4.0,0.004514697030030001,0.05555555608024676,0.025,Low,Americas
Canada,1996,2871748199,2.0711781074459257,9.074804785292441,4.0,0.005158619952735898,0.05555555608024676,0.025,Low,Americas
Canada,1997,3326702214,15.842406209514603,7.643060725095213,4.0,0.0036413815575926057,0.05555555608024676,0.024,Low,Americas
Canada,1998,3468973167,4.276636255606858,7.396821431187077,4.0,0.0033804384732127528,0.05555555608024676,0.024,Low,Americas
Canada,1999,3688409266,6.325678765332454,6.171624733139934,4.0,0.0020820810896844174,0.05555555608024676,0.023,Low,Americas
Canada,2000,4114692195,11.55736520156545,3.7545113343426837,4.0,0.0,0.05555555608024676,0.022,Low,Americas
Canada,2001,4140010420,0.6153127330099206,5.472771013767299,4.0,0.0013414964243813228,0.05555555608024676,0.023,Low,Americas
Canada,2002,4404225545,6.381991787354013,5.473688420022941,4.0,0.0013424686121023689,0.05555555608024676,0.023,Low,Americas
Canada,2003,5122711203,16.313552761067783,7.940667800096364,4.0,0.003956759768971973,0.05555555608024676,0.025,Low,Americas
Canada,2004,6526852323,27.4101167205697,10.519439729130372,4.0,0.0066895189902738275,0.05555555608024676,0.026,Low,Americas
Canada,2005,7857242490,20.383334893480477,5.613562759931443,4.0,0.0014906953272704896,0.05555555608024676,0.023,Low,Americas
Canada,2006,9077026110,15.524321943129959,5.975753609219511,4.0,0.0018745138310006292,0.05555555608024676,0.023,Low,Americas
Canada,2007,11645353524,28.29481134983758,6.4457591517989465,4.0,0.002372585012126005,0.05555555608024676,0.024,Low,Americas
Canada,2008,15431257941,32.509999882765264,8.84464498179521,4.0,0.004914716520137385,0.05555555608024676,0.025,Low,Americas
Canada,2009,12184138980,-21.04247737556498,29.776399193673054,4.0,0.027096377370602904,0.05555555608024676,0.038,Low,Americas
Canada,2010,13719877888,12.604410623687755,27.068472978384957,4.0,0.024226751618857727,0.05555555608024676,0.037,Low,Americas
Canada,2011,15896921095,15.867803086674236,20.433353478250922,4.0,0.017195426438727027,0.05555555608024676,0.033,Low,Americas
Canada,2012,14940795337,-6.014534212544631,11.805023809512399,4.0,0.008051869693284181,0.05555555608024676,0.027,Low,Americas
Canada,2013,14460362033,-3.2155805173921026,11.908304925865409,4.0,0.008161318078355505,0.05555555608024676,0.027,Low,Americas
Canada,2014,15206062395,5.156858177535506,5.812800234841932,4.0,0.0017018299532761672,0.05555555608024676,0.023,Low,Americas
Canada,2015,16249250488,6.860343367675625,5.393264837292084,4.0,0.0012572426621672733,0.05555555608024676,0.023,Low,Americas
Canada,2016,15089661175,-7.136263385541087,7.636837261609001,4.0,0.0036347864698150086,0.05555555608024676,0.024,Low,Americas
Central African Rep.,1993,255612,,,,0.5,0.5,0.5,Medium,Other
Central African Rep.,1994,103217,-59.61965791903354,,,0.5,0.5,0.5,Medium,Other
Central African Rep.,1995,183936,78.20320296075258,97.4554795306269,,0.09881680708278803,0.5,0.259,Low,Other
Central African Rep.,1996,10455,-94.31595772442589,91.25224655206483,,0.09224315784564927,0.5,0.255,Low,Other
Central African Rep.,1997,14196,35.78192252510761,89.89612921101407,,0.09080606209972494,0.5,0.254,Low,Other
Central African Rep.,1998,8039,-43.37137221752606,65.55665909031926,,0.06501319896783667,0.5,0.239,Low,Other
Central African Rep.,1999,1665,-79.2884687150143,58.87341905814945,,0.057930879814111734,0.5,0.235,Low,Other
Central African Rep.,2000,31681,1802.7627627627628,1076.384234375071,,0.9999999999989403,0.5,0.8,High,Other
Central African Rep.,2001,464711,1366.8444809191628,985.1769802401107,,0.9999999999989403,0.5,0.8,High,Other
Central African Rep.,2002,350048,-24.6740447288745,954.4521850292269,,0.9999999999989403,0.5,0.8,High,Other
Central African Rep.,2003,89525,-74.42493600877593,818.1336983827515,,0.8625291873774188,0.5,0.718,High,Other
Central African Rep.,2004,560649,526.2485339290702,333.3665291000875,,0.34881491232796125,0.5,0.409,Medium,Other
Central African Rep.,2006,2263,-99.5963606463224,354.28897107952736,,0.3709867048807385,0.5,0.423,Medium,Other
Central African Rep.,2007,8056,255.98762704374724,313.89031050090676,,0.3281757021001148,0.5,0.397,Medium,Other
Central African Rep.,2008,13082,62.38828202581927,178.02607634583774,,0.18419854981605846,0.5,0.311,Low,Other
Central African Rep.,2011,7064,-46.00214034551292,152.98529867334017,,0.15766250165970952,0.5,0.295,Low,Other
Central African Rep.,2012,11157,57.94167610419025,61.33592332962805,,0.06054042863834574,0.5,0.236,Low,Other
Chile,1990,76153571,,,3.0,0.5,0.6111111113271603,0.544,Medium,Americas
Chile,1991,82034989,7.723102045995978,,3.0,0.5,0.6111111113271603,0.544,Medium,Americas
Chile,1992,101265133,23.441392793994286,11.114509976571375,3.0,0.007320122917557127,0.6111111113271603,0.249,Low,Americas
Chile,1993,104344046,3.040447297886817,10.686365898219298,3.0,0.006866412891870326,0.6111111113271603,0.249,Low,Americas
Chile,1994,97748059,-6.321383205707775,15.218767376289179,3.0,0.011669459564740432,0.6111111113271603,0.251,Low,Americas
Chile,1995,112644143,15.2392632164696,10.811386392253718,3.0,0.006998898787221395,0.6111111113271603,0.249,Low,Americas
Chile,1996,122670030,8.900495607658886,11.081117900505939,3.0,0.007284736886416166,0.6111111113271603,0.249,Low,Americas
Chile,1997,142365969,16.056031778911283,3.916818087453186,3.0,0.0,0.6111111113271603,0.244,Low,Americas
Chile,1998,158476417,11.31622122418876,3.640128941102666,3.0,0.0,0.6111111113271603,0.244,Low,Americas
Chile,1999,177100485,11.751949187493294,2.6198215558320053,3.0,0.0,0.6111111113271603,0.244,Low,Americas
Chile,2000,190808264,7.740113755193834,2.2012582395704374,3.0,0.0,0.6111111113271603,0.244,Low,Americas
Chile,2001,203525658,6.665012161108486,2.6810319929666138,3.0,0.0,0.6111111113271603,0.244,Low,Americas
Chile,2002,200320157,-1.5749861867539128,5.096150559308713,3.0,0.000942386674401171,0.6111111113271603,0.245,Low,Americas
Chile,2003,211494095,5.578039757626585,4.476696362640777,3.0,0.0002859427488801761,0.6111111113271603,0.245,Low,Americas
Chile,2004,255705781,20.90445409362376,11.484699908129269,3.0,0.007712418156119341,0.6111111113271603,0.249,Low,Americas
Chile,2005,290615103,13.652144219609962,7.666878306177355,3.0,0.003666621367906389,0.6111111113271603,0.247,Low,Americas
Chile,2006,323113195,11.182519994495955,5.05323402963838,3.0,0.0008969074519532952,0.6111111113271603,0.245,Low,Americas
Chile,2007,374001722,15.749442544430913,2.285989415755289,3.0,0.0,0.6111111113271603,0.244,Low,Americas
Chile,2008,727674441,94.56446272725985,46.87787779946023,3.0,0.04521904375753214,0.6111111113271603,0.272,Low,Americas
Chile,2009,655502629,-9.918145798939781,54.44760169530512,3.0,0.053240781758545686,0.6111111113271603,0.276,Low,Americas
Chile,2010,895967204,36.68399856257481,52.342658631129794,3.0,0.05101014534429898,0.6111111113271603,0.275,Low,Americas
Chile,2011,1024230166,14.315586712033257,23.30729320484713,3.0,0.020240978936370158,0.6111111113271603,0.257,Low,Americas
Chile,2012,1305873800,27.498080348475117,11.243554306256264,3.0,0.00745687292554841,0.6111111113271603,0.249,Low,Americas
Chile,2013,1204115897,-7.792322887556214,17.83232255344274,3.0,0.014439079060879054,0.6111111113271603,0.253,Low,Americas
Chile,2014,1146031453,-4.8238250275338785,19.57434591177238,3.0,0.01628512459231999,0.6111111113271603,0.254,Low,Americas
Chile,2015,1105290352,-3.554972325877337,2.174745445104282,3.0,0.0,0.6111111113271603,0.244,Low,Americas
Chile,2016,972360676,-12.02667477911723,4.569113228673014,3.0,0.0003838781420841871,0.6111111113271603,0.245,Low,Americas
China,1992,816101033,,,3.7,0.5,0.2222222226543208,0.389,Medium,Asia Pacific
China,1993,792666967,-2.871466283268387,,3.7,0.5,0.2222222226543208,0.389,Medium,Asia Pacific
China,1994,1021988514,28.930377642443126,22.487299494106825,3.7,0.019372020596469777,0.2222222226543208,0.101,Low,Asia Pacific
China,1995,1368490948,33.90472879619859,19.952401572238507,3.7,0.016685755249367343,0.2222222226543208,0.099,Low,Asia Pacific
China,1996,1564912420,14.353143678959878,10.161236801554786,3.7,0.006309926540701838,0.2222222226543208,0.093,Low,Asia Pacific
China,1997,1751658995,11.933356308846976,12.047552036901795,3.7,0.008308880110670195,0.2222222226543208,0.094,Low,Asia Pacific
China,1998,1702034950,-2.83297406296823,9.302889574441966,3.7,0.005400324464782661,0.2222222226543208,0.092,Low,Asia Pacific
China,1999,1844184602,8.351746948557071,7.702493344852301,3.7,0.003704363102357655,0.2222222226543208,0.091,Low,Asia Pacific
China,2000,2137810321,15.921709718298583,9.43522199152587,3.7,0.005540558903118068,0.2222222226543208,0.092,Low,Asia Pacific
China,2001,2438661744,14.072877282174922,3.946598746734916,3.7,0.0,0.2222222226543208,0.089,Low,Asia Pacific
China,2002,2573089882,5.512373264998405,5.553597869894225,3.7,0.0014271497285463155,0.2222222226543208,0.09,Low,Asia Pacific
China,2003,3531277043,37.238775361209875,16.41394555861378,3.7,0.012936005924297639,0.2222222226543208,0.097,Low,Asia Pacific
China,2004,5176076288,46.578028995500695,21.52585394741341,3.7,0.018353163847672205,0.2222222226543208,0.1,Low,Asia Pacific
China,2005,6027600949,16.45116133574267,15.421709321094447,3.7,0.011884519867209007,0.2222222226543208,0.096,Low,Asia Pacific
China,2006,6956718415,15.414382502447243,17.700639951151224,3.7,0.014299533239999903,0.2222222226543208,0.097,Low,Asia Pacific
China,2007,11622389174,67.06712102850005,29.5269811167368,3.7,0.02683206568718767,0.2222222226543208,0.105,Low,Asia Pacific
China,2008,15789586890,35.85491462738381,26.012889687028956,3.7,0.023108135838676713,0.2222222226543208,0.103,Low,Asia Pacific
China,2009,12484018037,-20.93511930380846,44.61633498663398,3.7,0.042822456488011584,0.2222222226543208,0.115,Low,Asia Pacific
China,2010,19383640793,55.26764488445124,39.59971237242164,3.7,0.03750627417873867,0.2222222226543208,0.111,Low,Asia Pacific
China,2011,25194511980,29.97822364258047,38.812765483057476,3.7,0.036672335998951554,0.2222222226543208,0.111,Low,Asia Pacific
China,2012,24094009471,-4.368024710594131,29.93223649828656,3.7,0.027261520253698,0.2222222226543208,0.105,Low,Asia Pacific
China,2013,24740201844,2.6819628081319102,18.140438048250054,3.7,0.014765593185754022,0.2222222226543208,0.098,Low,Asia Pacific
China,2014,29684014806,19.982912803918683,12.529919876084682,3.7,0.008820051783412993,0.2222222226543208,0.094,Low,Asia Pacific
China,2015,31007238547,4.457698022480905,9.517601241191365,3.7,0.005627857299549597,0.2222222226543208,0.092,Low,Asia Pacific
China,2016,26972262380,-13.013013593209477,16.507519585394455,3.7,0.01303516757627631,0.2222222226543208,0.097,Low,Asia Pacific
"China, Hong Kong SAR",1993,984166794,,,4.0,0.5,0.05555555608024676,0.322,Low,Asia Pacific
"China, Hong Kong SAR",1994,1130605651,14.87947550077573,,4.0,0.5,0.05555555608024676,0.322,Low,Asia Pacific
"China, Hong Kong SAR",1995,1354048504,19.76311128485595,3.453251979768405,4.0,0.0,0.05555555608024676,0.022,Low,Asia Pacific
"China, Hong Kong SAR",1996,1396916748,3.1659311962136227,8.529589727739094,4.0,0.004580848239252242,0.05555555608024676,0.025,Low,Asia Pacific
"China, Hong Kong SAR",1997,1463700555,4.780800795438678,9.151901608578672,4.0,0.005240320491041141,0.05555555608024676,0.025,Low,Asia Pacific
"China, Hong Kong SAR",1998,1399777804,-4.367201391134268,4.882653554619106,4.0,0.0007161410333202242,0.05555555608024676,0.023,Low,Asia Pacific
"China, Hong Kong SAR",1999,1407251423,0.5339146669309569,4.577898433573343,4.0,0.00039318794161787214,0.05555555608024676,0.022,Low,Asia Pacific
"China, Hong Kong SAR",2000,1438373560,2.211554843103536,3.418465756370248,4.0,0.0,0.05555555608024676,0.022,Low,Asia Pacific
"China, Hong Kong SAR",2001,1410757896,-1.9199229440785892,2.077855636944525,4.0,0.0,0.05555555608024676,0.022,Low,Asia Pacific
"China, Hong Kong SAR",2002,1363950647,-3.3178796399237043,2.875124267793433,4.0,0.0,0.05555555608024676,0.022,Low,Asia Pacific
"China, Hong Kong SAR",2003,1536596552,12.657782404351181,8.847650854906643,4.0,0.004917901884213537,0.05555555608024676,0.025,Low,Asia Pacific
"China, Hong Kong SAR",2004,1618115839,5.305184818610731,7.99624609495774,4.0,0.004015656833918524,0.05555555608024676,0.025,Low,Asia Pacific
"China, Hong Kong SAR",2005,1645560585,1.6960927851099372,5.586365483220382,4.0,0.0014618740081419337,0.05555555608024676,0.023,Low,Asia Pacific
"China, Hong Kong SAR",2006,1989633668,20.909171387329994,10.211532137067191,4.0,0.006363225182726952,0.05555555608024676,0.026,Low,Asia Pacific
"China, Hong Kong SAR",2007,2291984206,15.196291802999395,9.866059294730013,4.0,0.0059971229753247104,0.05555555608024676,0.026,Low,Asia Pacific
"China, Hong Kong SAR",2008,2781650175,21.36428199278786,3.4372523374925414,4.0,0.0,0.05555555608024676,0.022,Low,Asia Pacific
"China, Hong Kong SAR",2009,2682956778,-3.548016133984211,12.974434997171453,4.0,0.009291110422791396,0.05555555608024676,0.028,Low,Asia Pacific
"China, Hong Kong SAR",2010,2909462922,8.442407490770254,12.459050908905098,4.0,0.008744950987804171,0.05555555608024676,0.027,Low,Asia Pacific
"China, Hong Kong SAR",2011,3222725891,10.767037676653368,7.682175579478758,4.0,0.003682832093719138,0.05555555608024676,0.024,Low,Asia Pacific
"China, Hong Kong SAR",2012,3258318015,1.1044105271067917,5.043419282771824,4.0,0.0008865066329811524,0.05555555608024676,0.023,Low,Asia Pacific
"China, Hong Kong SAR",2013,2714477619,-16.690832309687853,13.928218689878381,4.0,0.010301847802094479,0.05555555608024676,0.028,Low,Asia Pacific
"China, Hong Kong SAR",2014,2776848004,2.2976938385285584,10.635308473533717,4.0,0.00681230665372087,0.05555555608024676,0.026,Low,Asia Pacific
"China, Hong Kong SAR",2015,2821426497,1.6053630928227092,10.768737262324043,4.0,0.0069537029318673,0.05555555608024676,0.026,Low,Asia Pacific
"China, Hong Kong SAR",2016,2754644172,-2.3669702213050425,2.517202303189099,4.0,0.0,0.05555555608024676,0.022,Low,Asia Pacific
"China, Macao SAR",1991,2989081,,,,0.5,0.5,0.5,Medium,Other
"China, Macao SAR",1992,2794868,-6.497415091795777,,,0.5,0.5,0.5,Medium,Other
"China, Macao SAR",1993,2517697,-9.91714098841162,2.4181113712963094,,0.0,0.5,0.2,Low,Other
"China, Macao SAR",1994,2114035,-16.032985700821023,4.830893440382727,,0.0006612901456234258,0.5,0.2,Low,Other
"China, Macao SAR",1995,1766657,-16.431989063568007,3.6516207742169855,,0.0,0.5,0.2,Low,Other
"China, Macao SAR",1996,1548044,-12.37438846363499,2.2363906954437955,,0.0,0.5,0.2,Low,Other
"China, Macao SAR",1997,1734086,12.017875460904204,15.388531733370877,,0.01184936113224244,0.5,0.207,Low,Other
"China, Macao SAR",1998,1507413,-13.071612365246011,14.288404738994327,,0.010683541792177037,0.5,0.206,Low,Other
"China, Macao SAR",1999,2238167,48.4773582289658,30.94902277482621,,0.028339022316607367,0.5,0.217,Low,Other
"China, Macao SAR",2000,2235222,-0.1315808873957991,32.4513717169579,,0.0299310816526811,0.5,0.218,Low,Other
"China, Macao SAR",2001,2965623,32.67688847013854,24.795427899117584,,0.021817975243224704,0.5,0.213,Low,Other
"China, Macao SAR",2002,4105771,38.445480089680984,20.808099162291047,,0.0175925494693346,0.5,0.211,Low,Other
"China, Macao SAR",2003,7300436,77.80913743119136,24.561806613980135,,0.021570403632077646,0.5,0.213,Low,Other
"China, Macao SAR",2004,8247144,12.967828222862309,32.66752629089217,,0.03016014355555621,0.5,0.218,Low,Other
"China, Macao SAR",2005,5059621,-38.65002235925552,58.35456819830648,,0.05738104659475937,0.5,0.234,Low,Other
"China, Macao SAR",2006,5247713,3.71751164761156,27.522653679236782,,0.024708053002828932,0.5,0.215,Low,Other
"China, Macao SAR",2007,4880203,-7.00324122146162,22.02824412841464,,0.01888555346474738,0.5,0.211,Low,Other
"China, Macao SAR",2008,4444161,-8.93491520742068,6.816032714486601,,0.0027649688757187883,0.5,0.202,Low,Other
"China, Macao SAR",2009,6209287,39.717868007032145,27.549007019132937,,0.024735979990788776,0.5,0.215,Low,Other
"China, Macao SAR",2011,1004017,-83.83039791847277,62.236913829646845,,0.06149522036285239,0.5,0.237,Low,Other
"China, Macao SAR",2012,3318500,230.52229195322388,158.3709336969216,,0.1633697313714784,0.5,0.298,Low,Other
"China, Macao SAR",2014,1596654,-51.886273918939274,173.00897797784975,,0.1788818633441247,0.5,0.307,Low,Other
"China, Macao SAR",2015,27093774,1596.9095370693963,881.7876093507266,,0.9299840910899864,0.5,0.758,High,Other
Colombia,1991,96684637,,,2.9,0.5,0.6666666668518517,0.567,Medium,Other
Colombia,1992,129650411,34.096186346544386,,2.9,0.5,0.6666666668518517,0.567,Medium,Other
Colombia,1993,145578190,12.285174321583913,15.42271450739088,2.9,0.011885585076617324,0.6666666668518517,0.274,Low,Other
Colombia,1994,173185425,18.963853720121126,11.1752143512487,2.9,0.007384452158078589,0.6666666668518517,0.271,Low,Other
Colombia,1995,257818772,48.86863141052429,19.481828369873387,2.9,0.016187082511548868,0.6666666668518517,0.276,Low,Other
Colombia,1996,315370007,22.32236021975933,16.38230655694421,2.9,0.012902477649620908,0.6666666668518517,0.274,Low,Other
Colombia,1997,377681173,19.75811415700035,16.117806337359347,2.9,0.012622183217232828,0.6666666668518517,0.274,Low,Other
Colombia,1998,409456920,8.413378603862798,7.402005946952793,2.9,0.0033859325741478637,0.6666666668518517,0.269,Low,Other
Colombia,1999,378319820,-7.604487426906836,13.747648419456747,2.9,0.01011049506320666,0.6666666668518517,0.273,Low,Other
Colombia,2000,416598009,10.117944388956413,9.777202788147202,2.9,0.00590296054281064,0.6666666668518517,0.27,Low,Other
Colombia,2001,472220418,13.351578211695191,11.2819742969104,2.9,0.007497587105255552,0.6666666668518517,0.271,Low,Other
Colombia,2002,458712092,-2.8605976118550647,8.580341728821157,2.9,0.004634630815910149,0.6666666668518517,0.269,Low,Other
Colombia,2003,432660084,-5.679381131291395,10.270975278079852,2.9,0.006426217877007732,0.6666666668518517,0.271,Low,Other
Colombia,2004,476111281,10.042802330709112,8.382822947551903,2.9,0.004425317512621613,0.6666666668518517,0.269,Low,Other
Colombia,2005,498164403,4.631925955142413,7.987361785921673,2.9,0.004006242012402182,0.6666666668518517,0.269,Low,Other
Colombia,2006,525092174,5.405398466417521,2.9263560240770765,2.9,0.0,0.6666666668518517,0.267,Low,Other
Colombia,2007,589580258,12.281288351480924,4.2108761263292065,2.9,4.249477051675639e-06,0.6666666668518517,0.267,Low,Other
Colombia,2008,688970067,16.857723380554578,5.764508727634068,2.9,0.001650654794997517,0.6666666668518517,0.268,Low,Other
Colombia,2009,761922203,10.588578444003716,3.2432289116888624,2.9,0.0,0.6666666668518517,0.267,Low,Other
Colombia,2010,719036234,-5.628654583255399,11.60415169402189,2.9,0.007839002816718356,0.6666666668518517,0.271,Low,Other
Colombia,2011,824774760,14.705590761647214,10.750426125125989,2.9,0.006934298374036065,0.6666666668518517,0.271,Low,Other
Colombia,2012,901856645,9.345810364031992,10.539160150876155,2.9,0.006710416985853427,0.6666666668518517,0.271,Low,Other
Colombia,2013,1118081457,23.975519080418817,7.401432227077748,2.9,0.0033853245954967395,0.6666666668518517,0.269,Low,Other
Colombia,2014,1141512462,2.095643823918647,11.145419337301119,2.9,0.007352877981937867,0.6666666668518517,0.271,Low,Other
Colombia,2015,1196441707,4.811970681753275,11.925805074617262,2.9,0.008179863220846528,0.6666666668518517,0.272,Low,Other
Colombia,2016,1071063656,-10.479244435098922,8.158099309635222,2.9,0.00418717485764423,0.6666666668518517,0.269,Low,Other
Comoros,1997,74568,,,2.56,0.5,0.8555555556358023,0.642,Medium,Other
Comoros,2000,13704,-81.62214354682973,,2.56,0.5,0.8555555556358023,0.642,Medium,Other
Comoros,2001,729,-94.68038528896673,9.233571286238309,2.56,0.005326866944495334,0.8555555556358023,0.345,Medium,Other
Comoros,2009,41189,5550.068587105624,3255.2342968605694,2.56,0.9999999999989403,0.8555555556358023,0.942,High,Other
Comoros,2010,6709,-83.71167059166282,3255.835562649308,2.56,0.9999999999989403,0.8555555556358023,0.942,High,Other
Comoros,2011,1333,-80.13116708898494,3251.6314388359497,2.56,0.9999999999989403,0.8555555556358023,0.942,High,Other
Congo,1993,122776,,,,0.5,0.5,0.5,Medium,Other
Congo,1994,908283,639.7887209226559,,,0.5,0.5,0.5,Medium,Other
Congo,1995,2247494,147.44424369937565,348.1401185243272,,0.3644706833080424,0.5,0.419,Medium,Other
Congo,2007,855578,-61.93191172034275,360.24373808749203,,0.37729705139432695,0.5,0.426,Medium,Other
Congo,2008,486445,-43.144283747361435,115.8413687027141,,0.11830058058410592,0.5,0.271,Low,Other
Congo,2009,2087527,329.1393682739056,220.56172173320053,,0.22927414407765878,0.5,0.338,Medium,Other
Congo,2010,1980018,-5.150065124906167,204.85283477540708,,0.21262722574922047,0.5,0.328,Low,Other
Congo,2011,2183813,10.292583198738603,188.70222266051704,,0.19551220534368652,0.5,0.317,Low,Other
Congo,2012,2016554,-7.659034908208717,9.721376010961453,,0.005843800157810223,0.5,0.204,Low,Other
Congo,2013,749977,-62.80898007194451,38.09552816459879,,0.03591226998698205,0.5,0.222,Low,Other
Congo,2014,398398,-46.87863761155342,28.382710402275467,,0.025619466654522836,0.5,0.215,Low,Other
Costa Rica,1994,74561815,,,2.9,0.5,0.6666666668518517,0.567,Medium,Other
Costa Rica,1995,91902590,23.256911060976716,,2.9,0.5,0.6666666668518517,0.567,Medium,Other
Costa Rica,1996,98353472,7.019260284176965,11.481752974814116,2.9,0.007709295251336302,0.6666666668518517,0.271,Low,Other
Costa Rica,1997,126882736,29.00687024043238,11.403057520559521,2.9,0.0076259006223396465,0.6666666668518517,0.271,Low,Other
Costa Rica,1998,138645308,9.270427459887065,12.097175420121538,2.9,0.008361466675832917,0.6666666668518517,0.272,Low,Other
Costa Rica,1999,150160699,8.3056478189655,11.683311339458513,2.9,0.007922889355340228,0.6666666668518517,0.271,Low,Other
Costa Rica,2000,186126530,23.95156072095801,8.767944115941091,2.9,0.0048334355832368526,0.6666666668518517,0.27,Low,Other
Costa Rica,2001,213539803,14.728299614246287,7.864621118896323,2.9,0.003876172080328774,0.6666666668518517,0.269,Low,Other
Costa Rica,2002,226873515,6.2441342610023876,8.856283635725369,2.9,0.0049270501579023575,0.6666666668518517,0.27,Low,Other
Costa Rica,2003,269760305,18.903392050852652,6.450701077987265,2.9,0.0023778220376303037,0.6666666668518517,0.268,Low,Other
Costa Rica,2004,301292132,11.6888313126722,6.350215487409875,2.9,0.002271336108740427,0.6666666668518517,0.268,Low,Other
Costa Rica,2005,330148020,9.577378542364334,4.890171220701141,2.9,0.0007241076049573084,0.6666666668518517,0.267,Low,Other
Costa Rica,2006,220245059,-33.28899594793875,25.380403332195446,2.9,0.022437881560251116,0.6666666668518517,0.28,Low,Other
Costa Rica,2007,327715580,48.79588286246186,41.05594652902827,2.9,0.03904946505771346,0.6666666668518517,0.29,Low,Other
Costa Rica,2008,479578487,46.33984963424687,46.69888021014317,2.9,0.04502935760991682,0.6666666668518517,0.294,Low,Other
Costa Rica,2009,358494648,-25.247971350307886,42.058175105474746,2.9,0.04011154013046419,0.6666666668518517,0.291,Low,Other
Costa Rica,2010,436473282,21.75168707121118,36.37389572958973,2.9,0.03408783299063791,0.6666666668518517,0.287,Low,Other
Costa Rica,2011,479973722,9.966346576970997,24.453732944031668,2.9,0.021455876513643314,0.6666666668518517,0.28,Low,Other
Costa Rica,2012,393815421,-17.950628763797194,20.39005331611875,2.9,0.017149540675810846,0.6666666668518517,0.277,Low,Other
Costa Rica,2013,395931173,0.5372445788505598,14.201331729816758,2.9,0.010591269355798516,0.6666666668518517,0.273,Low,Other
Costa Rica,2014,390625815,-1.3399697628759366,10.175455656164768,2.9,0.006324994451754497,0.6666666668518517,0.27,Low,Other
Costa Rica,2015,406891061,4.163894288450964,2.7978873367958177,2.9,0.0,0.6666666668518517,0.267,Low,Other
Costa Rica,2016,409608362,0.6678202743805262,2.7852670081774598,2.9,0.0,0.6666666668518517,0.267,Low,Other
Croatia,1992,263170582,,,3.3,0.5,0.4444444447530864,0.478,Medium,Other
Croatia,1993,175208258,-33.424071692025215,,3.3,0.5,0.4444444447530864,0.478,Medium,Other
Croatia,1994,211363004,20.635297909302874,38.225746831769,3.3,0.03605026445616658,0.4444444447530864,0.199,Low,Other
Croatia,1995,234699000,11.040719311502588,28.843222829490262,3.3,0.026107477853895066,0.4444444447530864,0.193,Low,Other
Croatia,1996,230968000,-1.589695737945196,11.147000085306217,3.3,0.0073545531218131115,0.4444444447530864,0.182,Low,Other
Croatia,1997,200475203,-13.202173894219115,12.125007932885948,3.3,0.008390961163132317,0.4444444447530864,0.183,Low,Other
Croatia,1998,183049509,-8.692194216159487,5.85427265991096,3.3,0.001745778838697605,0.4444444447530864,0.179,Low,Other
Croatia,1999,166129480,-9.24341676327578,2.46020056820423,3.3,0.0,0.4444444447530864,0.178,Low,Other
Croatia,2000,179504812,8.051149019427495,9.829762582868558,3.3,0.005958658862649386,0.4444444447530864,0.181,Low,Other
Croatia,2001,167406852,-6.739629910311262,9.346461857888011,3.3,0.005446498598307125,0.4444444447530864,0.181,Low,Other
Croatia,2002,165379595,-1.2109761194243118,7.473510065286624,3.3,0.0034617064479588117,0.4444444447530864,0.18,Low,Other
Croatia,2003,225214262,36.1801992561416,23.34801113722292,3.3,0.02028412827575899,0.4444444447530864,0.19,Low,Other
Croatia,2004,293062908,30.126265271779285,20.06976503210699,3.3,0.016810126882852446,0.4444444447530864,0.188,Low,Other
Croatia,2005,346059170,18.083578833524715,9.211985707557046,3.3,0.005303992417080087,0.4444444447530864,0.181,Low,Other
Croatia,2006,426328155,23.195161971867417,6.044208960985698,3.3,0.0019470568859642318,0.4444444447530864,0.179,Low,Other
Croatia,2007,553612701,29.856002824866202,5.903177812007689,3.3,0.0017976042847003347,0.4444444447530864,0.179,Low,Other
Croatia,2008,665564688,20.222077058163457,4.933196402121219,3.3,0.0007697019671225368,0.4444444447530864,0.178,Low,Other
Croatia,2009,516330565,-22.422181598672797,27.821915488486912,3.3,0.025025184758299106,0.4444444447530864,0.193,Low,Other
Croatia,2010,711872277,37.87141905883491,30.998253579018588,3.3,0.028391192860506228,0.4444444447530864,0.195,Low,Other
Croatia,2011,930884679,30.76568776114876,32.951376158817645,3.3,0.03046094306997051,0.4444444447530864,0.196,Low,Other
Croatia,2012,899764024,-3.3431267805837384,22.032330166775218,3.3,0.018889883494434278,0.4444444447530864,0.189,Low,Other
Croatia,2013,876392555,-2.5975109447140987,19.481060034059965,3.3,0.016186268295776022,0.4444444447530864,0.187,Low,Other
Croatia,2014,872069430,-0.49328636754565336,1.477909245389298,3.3,0.0,0.4444444447530864,0.178,Low,Other
Croatia,2015,936403080,7.377124777782895,5.257763949059579,3.3,0.0011136505524335994,0.4444444447530864,0.178,Low,Other
Croatia,2016,1212775755,29.51428513028813,15.558768092122245,3.3,0.012029762886248237,0.4444444447530864,0.185,Low,Other
Cuba,1999,33746074,,,2.2,0.5,1.0,0.7,High,Other
Cuba,2000,35039724,3.8334829704931073,,2.2,0.5,1.0,0.7,High,Other
Cuba,2001,42991630,22.693974416008533,13.33638139763483,2.2,0.009674669880821414,1.0,0.406,Medium,Other
Cuba,2002,53736650,24.993283576361257,11.60992479060725,2.2,0.007845120644647024,1.0,0.405,Medium,Other
Cuba,2003,67120907,24.907129491697,1.3033482861609758,2.2,0.0,1.0,0.4,Medium,Other
Cuba,2004,169762655,152.92068088412455,73.88380037212298,2.2,0.07383758233758148,1.0,0.444,Medium,Other
Cuba,2005,266174684,56.79224856609364,66.63933480361828,2.2,0.06616052495114136,1.0,0.44,Medium,Other
Cuba,2006,291089893,9.360472838957135,73.14367389200902,2.2,0.07305326037382459,1.0,0.444,Medium,Other
Cyprus,1989,29760079,,,3.2,0.5,0.5000000002777776,0.5,Medium,Other
Cyprus,1990,26212608,-11.920233813895454,,3.2,0.5,0.5000000002777776,0.5,Medium,Other
Cyprus,1991,26265454,0.2016052733097018,8.571434619014916,3.2,0.004625191832111659,0.5000000002777776,0.203,Low,Other
Cyprus,1992,32224884,22.68923278463033,17.561546781621445,3.2,0.01415213434156572,0.5000000002777776,0.208,Low,Other
Cyprus,1993,29217104,-9.333718625643462,16.442248477477204,3.2,0.012965998907253194,0.5000000002777776,0.208,Low,Other
Cyprus,1994,37697669,29.026028726187224,20.56329503721769,3.2,0.017333127252629477,0.5000000002777776,0.21,Low,Other
Cyprus,1995,46591732,23.593137814436215,20.757185083647883,3.2,0.017538595136910053,0.5000000002777776,0.211,Low,Other
Cyprus,1996,49277013,5.763428155021155,12.16938395819362,3.2,0.008437987032694072,0.5000000002777776,0.205,Low,Other
Cyprus,1997,46215826,-6.2122008085189755,14.998180145384554,3.2,0.011435700315785887,0.5000000002777776,0.207,Low,Other
Cyprus,1998,47693032,3.196320671624475,6.305103836655052,3.2,0.0022235306870199527,0.5000000002777776,0.201,Low,Other
Cyprus,1999,60332897,26.502540245292018,16.842181318919824,3.2,0.013389813106581466,0.5000000002777776,0.208,Low,Other
Cyprus,2000,56702232,-6.017720315999409,16.761293551473006,3.2,0.01330409525387333,0.5000000002777776,0.208,Low,Other
Cyprus,2001,66318428,16.959113708257554,16.716156051458686,3.2,0.013256262439345662,0.5000000002777776,0.208,Low,Other
Cyprus,2002,77474138,16.821433101520444,13.226115495215852,3.2,0.009557819624217487,0.5000000002777776,0.206,Low,Other
Cyprus,2003,83364087,7.602471162699476,5.362756985361308,3.2,0.0012249130820492016,0.5000000002777776,0.201,Low,Other
Cyprus,2004,119974462,43.916242974027895,18.875945911935943,3.2,0.015545020739698493,0.5000000002777776,0.209,Low,Other
Cyprus,2005,145916470,21.622941722380883,18.313268862479692,3.2,0.014948744319048727,0.5000000002777776,0.209,Low,Other
Cyprus,2006,156863884,7.5025211341803955,18.35908810604959,3.2,0.014997299586371502,0.5000000002777776,0.209,Low,Other
Cyprus,2007,194613334,24.06509965034398,8.941191382555157,3.2,0.005017028036712286,0.5000000002777776,0.203,Low,Other
Cyprus,2008,248938375,27.91434681448908,10.845723722878608,3.2,0.007035286517304687,0.5000000002777776,0.204,Low,Other
Cyprus,2009,214220973,-13.94618326724435,23.137193403318282,3.2,0.020060721893885716,0.5000000002777776,0.212,Low,Other
Cyprus,2010,237941606,11.072974166726436,21.062977195742974,3.2,0.017862647141944195,0.5000000002777776,0.211,Low,Other
Cyprus,2011,291805948,22.6376306798568,18.699710166598017,3.2,0.015358261355212859,0.5000000002777776,0.209,Low,Other
Cyprus,2012,292177030,0.12716738728026922,11.256649323593088,3.2,0.007470749891160378,0.5000000002777776,0.204,Low,Other
Cyprus,2013,319236711,9.261399159269978,11.321651214989217,3.2,0.007539633267823072,0.5000000002777776,0.205,Low,Other
Cyprus,2014,321373869,0.6694587202409785,5.124283859917243,3.2,0.0009721999106156733,0.5000000002777776,0.201,Low,Other
Cyprus,2015,278916575,-13.211184260908283,11.339537730545707,3.2,0.007558587848402158,0.5000000002777776,0.205,Low,Other
Cyprus,2016,292983703,5.0434894376571116,9.530980241018588,3.2,0.005642035205217795,0.5000000002777776,0.203,Low,Other
Czech Rep.,1993,200594898,,,,0.5,0.5,0.5,Medium,Other
Czech Rep.,1994,231279353,15.296727536908739,,,0.5,0.5,0.5,Medium,Other
Czech Rep.,1995,321453081,38.98909558087531,16.75303410625622,,0.013295342608932193,0.5,0.208,Low,Other
Czech Rep.,1996,352466355,9.647838466354596,15.567849457148357,,0.012039386530641797,0.5,0.207,Low,Other
Czech Rep.,1997,311248169,-11.694218587189686,25.446647138002056,,0.022508081010281563,0.5,0.214,Low,Other
Czech Rep.,1998,325006324,4.420316766586341,11.124212571881088,,0.007330404888019366,0.5,0.204,Low,Other
Czech Rep.,1999,288510682,-11.229209804545215,9.172442102448192,,0.0052620875280559466,0.5,0.203,Low,Other
Czech Rep.,2000,307340331,6.5264997709859385,9.700592003233462,,0.005821775065891546,0.5,0.203,Low,Other
Czech Rep.,2001,389498912,26.732118343426926,18.99383531211992,,0.015669949719194245,0.5,0.209,Low,Other
Czech Rep.,2002,597111491,53.30247982823633,23.460049167484357,,0.020402856480020208,0.5,0.212,Low,Other
Czech Rep.,2003,515320365,-13.697798021441866,33.73820652869633,,0.03129475777249513,0.5,0.219,Low,Other
Czech Rep.,2004,695765574,35.01612225241671,34.632533196819104,,0.0322424877449104,0.5,0.219,Low,Other
Czech Rep.,2005,950679297,36.63787524503188,28.604650304936158,,0.025854659347890656,0.5,0.216,Low,Other
Czech Rep.,2006,1194200843,25.615530575712107,5.951096378686109,,0.0018483842328949284,0.5,0.201,Low,Other
Czech Rep.,2007,1519440921,27.23495632300437,5.951603509622398,,0.001848921646354005,0.5,0.201,Low,Other
Czech Rep.,2008,1915579786,26.071356873769492,0.8350929133190087,,0.0,0.5,0.2,Low,Other
Czech Rep.,2009,1781131670,-7.018664374233485,19.44913880159304,,0.01615244093733569,0.5,0.21,Low,Other
Czech Rep.,2010,2020763936,13.453933251324424,16.699681327296464,,0.013238803953053862,0.5,0.208,Low,Other
Czech Rep.,2011,2637250832,30.50761570994307,18.78907943413525,,0.015452967167391777,0.5,0.209,Low,Other
Czech Rep.,2012,2461831633,-6.651593275523515,18.600479808985064,,0.015253105613541101,0.5,0.209,Low,Other
Czech Rep.,2013,2692653579,9.376024863191779,18.637933931190627,,0.015292796249490967,0.5,0.209,Low,Other
Czech Rep.,2014,3497646419,29.895893265964023,18.31969939240171,,0.014955558837907256,0.5,0.209,Low,Other
Czech Rep.,2015,3048897019,-12.830039010298256,21.368510948341576,,0.018186425359952622,0.5,0.211,Low,Other
Czech Rep.,2016,3162107344,3.7131567348618333,21.543437928193466,,0.018371797828088572,0.5,0.211,Low,Other
Côte d'Ivoire,1995,64892830,,,,0.5,0.5,0.5,Medium,Other
Côte d'Ivoire,1996,54709170,-15.693043437926812,,,0.5,0.5,0.5,Medium,Other
Côte d'Ivoire,1997,88515128,61.79212369699631,54.790287122477146,,0.053603930104689244,0.5,0.232,Low,Other
Côte d'Ivoire,1998,79828426,-9.813804935129278,43.13916547363276,,0.04125708013090497,0.5,0.225,Low,Other
Côte d'Ivoire,1999,51921932,-34.95809124433945,50.200013679386025,,0.04873955573382225,0.5,0.229,Low,Other
Côte d'Ivoire,2000,20008657,-61.46395900676423,25.82806798640551,,0.022912277802148214,0.5,0.214,Low,Other
Côte d'Ivoire,2001,39468431,97.25677240606403,85.02509607576371,,0.08564416291517447,0.5,0.251,Low,Other
Côte d'Ivoire,2002,68325951,73.11544763459182,85.52454894539962,,0.08617343982397598,0.5,0.252,Low,Other
Côte d'Ivoire,2003,36212579,-47.00025616913843,77.26650433762131,,0.07742227912699966,0.5,0.246,Low,Other
Côte d'Ivoire,2004,64315453,77.60528185523599,70.68059731158914,,0.0704431050661249,0.5,0.242,Low,Other
Côte d'Ivoire,2005,79149580,23.06463891345054,62.463737962892445,,0.06173558894091928,0.5,0.237,Low,Other
Côte d'Ivoire,2006,77304705,-2.330871496728093,40.844016889881466,,0.03882488037493286,0.5,0.223,Low,Other
Côte d'Ivoire,2007,44062412,-43.00164265551495,33.32615873452798,,0.0308581051951761,0.5,0.219,Low,Other
Côte d'Ivoire,2008,60596143,37.52343607517445,40.263229219868315,,0.0382094118866275,0.5,0.223,Low,Other
Côte d'Ivoire,2009,36971702,-38.986707454301175,45.37659101371293,,0.043628110002833495,0.5,0.226,Low,Other
Côte d'Ivoire,2010,27950180,-24.401154158388493,40.6226441438835,,0.038590288705091985,0.5,0.223,Low,Other
Côte d'Ivoire,2011,29380025,5.1156915626303645,22.46851183810723,,0.019352111065269486,0.5,0.212,Low,Other
Côte d'Ivoire,2012,40954346,39.39520473518998,31.92779513408442,,0.029376240521212293,0.5,0.218,Low,Other
Côte d'Ivoire,2013,46775812,14.214525608588646,17.757347801311408,,0.014359627309855664,0.5,0.209,Low,Other
Côte d'Ivoire,2014,54964629,17.50652025025241,13.687088432039067,,0.010046318831801975,0.5,0.206,Low,Other
Côte d'Ivoire,2015,34092790,-37.9732191042352,31.124479663049527,,0.02852495633575609,0.5,0.217,Low,Other
Denmark,1989,949315522,,,4.1,0.5,5.555556015224283e-10,0.3,Low,Europe
Denmark,1990,1187004849,25.037969093694024,,4.1,0.5,5.555556015224283e-10,0.3,Low,Europe
Denmark,1991,1183294683,-0.3125653617275126,17.92553482013179,4.1,0.014537857350833672,5.555556015224283e-10,0.009,Low,Europe
Denmark,1992,1467455848,24.014403942014507,14.349789303333887,4.1,0.010748591838811977,5.555556015224283e-10,0.006,Low,Europe
Denmark,1993,1368880428,-6.717436857425641,16.213522408284938,4.1,0.012723614822138915,5.555556015224283e-10,0.008,Low,Europe
Denmark,1994,1604421289,17.20682509458744,16.140835782958554,4.1,0.012646587829798266,5.555556015224283e-10,0.008,Low,Europe
Denmark,1995,2219523023,38.337918987810184,22.542103308452102,4.1,0.019430096934019595,5.555556015224283e-10,0.012,Low,Europe
Denmark,1996,2204812671,-0.6627708677748645,19.523060715445403,4.1,0.016230776981505362,5.555556015224283e-10,0.01,Low,Europe
Denmark,1997,2332045275,5.770676378700834,20.908803344705106,4.1,0.01769926704292738,5.555556015224283e-10,0.011,Low,Europe
Denmark,1998,2287446346,-1.9124383852281768,4.122724925197494,4.1,0.0,5.555556015224283e-10,0.0,Low,Europe
Denmark,1999,2871062654,25.51387965975924,14.148187456217977,4.1,0.010534951655849435,5.555556015224283e-10,0.006,Low,Europe
Denmark,2000,2834667995,-1.2676372265612024,15.651774855541083,4.1,0.01212832340162948,5.555556015224283e-10,0.007,Low,Europe
Denmark,2001,3292413004,16.14809952373275,13.590899963113772,4.1,0.009944386620395838,5.555556015224283e-10,0.006,Low,Europe
Denmark,2002,3716570888,12.882888127482328,9.257491199142208,4.1,0.005352215197213966,5.555556015224283e-10,0.003,Low,Europe
Denmark,2003,4750399338,27.816728945975644,7.851094612090026,4.1,0.0038618378595352515,5.555556015224283e-10,0.002,Low,Europe
Denmark,2004,5371905384,13.083237887568089,8.564806870625084,4.1,0.004618168318196039,5.555556015224283e-10,0.003,Low,Europe
Denmark,2005,6004734038,11.780338795334222,8.906356474229602,4.1,0.004980113016861917,5.555556015224283e-10,0.003,Low,Europe
Denmark,2006,6487694307,8.042991845161884,2.616275611070639,4.1,0.0,5.555556015224283e-10,0.0,Low,Europe
Denmark,2007,7346899429,13.243612928447423,2.6818958799859995,4.1,0.0,5.555556015224283e-10,0.0,Low,Europe
Denmark,2008,8290423615,12.842481309539643,2.8937422525821503,4.1,0.0,5.555556015224283e-10,0.0,Low,Europe
Denmark,2009,7996702984,-3.542890504033669,9.57799573269751,4.1,0.005691858152715809,5.555556015224283e-10,0.003,Low,Europe
Denmark,2010,5461529562,-31.702733327378006,22.530473084075716,4.1,0.019417772229165884,5.555556015224283e-10,0.012,Low,Europe
Denmark,2011,6886665082,26.09407316799579,28.901548991349735,4.1,0.026169286870376927,5.555556015224283e-10,0.016,Low,Europe
Denmark,2012,6561167898,-4.726484882367332,28.91970383598475,4.1,0.026188525802881602,5.555556015224283e-10,0.016,Low,Europe
Denmark,2013,7453206544,13.595729599785344,15.501714604170054,4.1,0.011969302539385693,5.555556015224283e-10,0.007,Low,Europe
Denmark,2014,7700027460,3.3116070853919544,9.184022737914773,4.1,0.005274359682876434,5.555556015224283e-10,0.003,Low,Europe
Denmark,2015,6693578088,-13.070724451676174,13.448938831497557,4.1,0.00979394850404951,5.555556015224283e-10,0.006,Low,Europe
Denmark,2016,6580608691,-1.6877280807783168,8.39589924778754,4.1,0.004439174643470263,5.555556015224283e-10,0.003,Low,Europe
Djibouti,2009,356134,,,2.7,0.5,0.7777777779012344,0.611,Medium,Other
Dominica,1993,291868,,,,0.5,0.5,0.5,Medium,Other
Dominica,1994,193565,-33.68063645209478,,,0.5,0.5,0.5,Medium,Other
Dominica,1995,356001,83.91806369953245,83.15483833593909,,0.08366222568870892,0.5,0.25,Low,Other
Dominica,1996,629565,76.84360437189784,65.94835108104246,,0.06542828022706221,0.5,0.239,Low,Other
Dominica,1997,1492003,136.989508628974,32.87389045169049,,0.03037883042624007,0.5,0.218,Low,Other
Dominica,1999,1233279,-17.34071580285026,77.78821048082851,,0.07797513812845208,0.5,0.247,Low,Other
Dominica,2000,1882016,52.60261465572673,77.27767629709007,,0.07743411820238066,0.5,0.246,Low,Other
Dominica,2001,1557252,-17.256176355567643,40.35741836828254,,0.03830922539125641,0.5,0.223,Low,Other
Dominica,2002,1638860,5.24051341722469,35.65931473920725,,0.033330581925179695,0.5,0.22,Low,Other
Dominica,2003,1644346,0.33474488363862687,11.829399292175367,,0.008077700719390419,0.5,0.205,Low,Other
Dominica,2004,1756140,6.798690786488981,3.3733533823719797,,0.0,0.5,0.2,Low,Other
Dominica,2005,1697923,-3.3150546084025234,5.121709982674152,,0.0009694723383587534,0.5,0.201,Low,Other
Dominica,2006,1830127,7.7862188096868845,6.144120889278969,,0.00205293489723286,0.5,0.201,Low,Other
Dominica,2007,1229526,-32.81744928084226,20.98526238942227,,0.017780291718723754,0.5,0.211,Low,Other
Dominica,2008,143816,-88.30313470394282,48.236367690682634,,0.04665865372671388,0.5,0.228,Low,Other
Dominica,2009,54923,-61.81022973799855,27.752226994851664,,0.024951334926347626,0.5,0.215,Low,Other
Dominica,2010,23466,-57.274730076652766,16.759110280816437,,0.013301781612658239,0.5,0.208,Low,Other
Dominica,2012,25868,10.23608625245036,40.35044965960839,,0.03830184055715168,0.5,0.223,Low,Other
Dominican Rep.,1996,7151396,,,,0.5,0.5,0.5,Medium,Other
Dominican Rep.,1997,4808887,-32.75596820536858,,,0.5,0.5,0.5,Medium,Other
Dominican Rep.,2001,7159000,48.87020634920305,57.71842154985442,,0.05670691345406366,0.5,0.234,Low,Other
Dominican Rep.,2002,12972706,81.20835312194441,58.73167039554242,,0.05778066685402586,0.5,0.235,Low,Other
Dominican Rep.,2003,20097232,54.91935144448661,17.192340844479432,,0.013760881855091596,0.5,0.208,Low,Other
Dominican Rep.,2004,15075322,-24.98806800856954,55.30820788058723,,0.05415277768275295,0.5,0.232,Low,Other
Dominican Rep.,2005,23728441,57.39923167146943,46.86685509354379,,0.04520736284814356,0.5,0.227,Low,Other
Dominican Rep.,2006,33809548,42.48533226434894,43.89903432590847,,0.042062323351391845,0.5,0.225,Low,Other
Dominican Rep.,2007,37689070,11.474634325191225,23.427748588718377,,0.020368627123215792,0.5,0.212,Low,Other
Dominican Rep.,2008,98414515,161.12216353441463,78.98390565900233,,0.07924223235544899,0.5,0.248,Low,Other
Dominican Rep.,2009,68656727,-30.23719417811489,100.62526473643554,,0.10217587100511193,0.5,0.261,Low,Other
Dominican Rep.,2010,163067986,137.51202995738495,104.33571167928648,,0.10610788142606663,0.5,0.264,Low,Other
Dominican Rep.,2011,155815731,-4.447381229078284,90.33031151872167,,0.09126617091809515,0.5,0.255,Low,Other
Dominican Rep.,2012,251021763,61.10168170375558,71.04892140398859,,0.07083342304989064,0.5,0.243,Low,Other
Dominican Rep.,2013,225117042,-10.319711203685555,39.64883200369288,,0.03755832691120102,0.5,0.223,Low,Other
Dominican Rep.,2014,224781185,-0.1491921700001675,38.63531280351429,,0.03648428701295688,0.5,0.222,Low,Other
Dominican Rep.,2015,223629911,-0.5121754296294911,5.770022706782481,,0.0016564980327007975,0.5,0.201,Low,Other
Dominican Rep.,2016,224865377,0.5524600866115836,0.5412210759656719,,0.0,0.5,0.2,Low,Other
EU-28,2000,37653887761,,,,0.5,0.5,0.5,Medium,Other
EU-28,2001,43549506373,15.657396785748068,,,0.5,0.5,0.5,Medium,Other
EU-28,2002,54861547262,25.975129986808042,7.2957391129430915,,0.0032733201840062717,0.5,0.202,Low,Other
EU-28,2003,66022775730,20.344355974318006,5.166056213775143,,0.0010164666345998372,0.5,0.201,Low,Other
EU-28,2004,78111961118,18.310628800943938,3.97043743651262,,0.0,0.5,0.2,Low,Other
EU-28,2005,85431027139,9.369968332946389,5.838216621578096,,0.0017287640393981005,0.5,0.201,Low,Other
EU-28,2006,99012967652,15.898135569529792,4.625518000981701,,0.00044365103627329756,0.5,0.2,Low,Other
EU-28,2007,117051895108,18.21875243594482,4.588086206160634,,0.000403984060952425,0.5,0.2,Low,Other
EU-28,2008,130425545255,11.425402497465399,3.4530230031395934,,0.0,0.5,0.2,Low,Other
EU-28,2009,129849305074,-0.44181542800788565,9.444550965878841,,0.005550444942438312,0.5,0.203,Low,Other
EU-28,2010,141903163675,9.282959653985534,6.3244521900268635,,0.002244034396750356,0.5,0.201,Low,Other
EU-28,2011,162793217553,14.721344709300755,7.681891127351634,,0.0036825306559825684,0.5,0.202,Low,Other
EU-28,2012,167776377492,3.061036579965415,5.834540033569404,,0.0017248679097440738,0.5,0.201,Low,Other
EU-28,2013,171615290646,2.2881130296087404,6.965934329370778,,0.002923821628748492,0.5,0.202,Low,Other
EU-28,2014,181545002003,5.786029507989787,1.8374990685807049,,0.0,0.5,0.2,Low,Other
EU-28,2015,179539711695,-1.104569272563538,3.4454333169130567,,0.0,0.5,0.2,Low,Other
Ecuador,1991,4004351,,,2.88,0.5,0.6777777779567901,0.571,Medium,Other
Ecuador,1992,6010969,50.11094182303199,,2.88,0.5,0.6777777779567901,0.571,Medium,Other
Ecuador,1993,10221408,70.04592770317066,14.096163698704128,2.88,0.010479821381833307,0.6777777779567901,0.277,Low,Other
Ecuador,1994,12202224,19.37909141284644,25.52442814033211,2.88,0.022590506582301488,0.6777777779567901,0.285,Low,Other
Ecuador,1995,23374150,91.55647363955947,37.05717742276351,2.88,0.03481191577079554,0.6777777779567901,0.292,Low,Other
Ecuador,1996,24201854,3.5411084467242615,46.91680708012918,2.88,0.045260297638702846,0.6777777779567901,0.298,Low,Other
Ecuador,1997,26791020,10.698213450919924,48.88078508439856,2.88,0.04734155148716227,0.6777777779567901,0.3,Low,Other
Ecuador,1998,29251861,9.185320305087297,3.772049072097636,2.88,0.0,0.6777777779567901,0.271,Low,Other
Ecuador,1999,33677213,15.128446015793662,3.088595944838427,2.88,0.0,0.6777777779567901,0.271,Low,Other
Ecuador,2000,29253949,-13.134293505819494,14.901165218128828,2.88,0.011332892295395604,0.6777777779567901,0.278,Low,Other
Ecuador,2001,35408206,21.037354649110785,18.263803839506316,2.88,0.014896325570364334,0.6777777779567901,0.28,Low,Other
Ecuador,2002,40385930,14.058108450905426,18.054723016871105,2.88,0.01467475981667328,0.6777777779567901,0.28,Low,Other
Ecuador,2003,48337617,19.68925068705858,3.7021845954214077,2.88,0.0,0.6777777779567901,0.271,Low,Other
Ecuador,2004,53501903,10.683782777293294,4.549620660179607,2.88,0.00036322160565400774,0.6777777779567901,0.271,Low,Other
Ecuador,2005,42528189,-20.51088537916118,21.096037200572805,2.88,0.017897681272740263,0.6777777779567901,0.282,Low,Other
Ecuador,2006,84132152,97.82679201317508,61.33353795802226,2.88,0.06053790082804249,0.6777777779567901,0.307,Low,Other
Ecuador,2007,53962262,-35.86011920864689,73.15690341291129,2.88,0.07306727987466995,0.6777777779567901,0.315,Low,Other
Ecuador,2008,63552287,17.771725358733104,67.2772604981035,2.88,0.06683654337079388,0.6777777779567901,0.311,Low,Other
Ecuador,2009,60548043,-4.727200454642966,26.931502757300244,2.88,0.02408160243738156,0.6777777779567901,0.286,Low,Other
Ecuador,2010,96016461,58.57896678840635,32.09128497183303,2.88,0.029549492896370586,0.6777777779567901,0.289,Low,Other
Ecuador,2011,58471503,-39.102626371534356,49.54969619859238,2.88,0.04805040557191617,0.6777777779567901,0.3,Low,Other
Ecuador,2012,68493436,17.13985871031911,49.0273910665492,2.88,0.04749691181395559,0.6777777779567901,0.3,Low,Other
Ecuador,2013,81204579,18.5581914739976,32.88869793365359,2.88,0.03039452211359843,0.6777777779567901,0.289,Low,Other
Ecuador,2014,67157975,-17.297797948068915,20.3044159457366,2.88,0.017058789605130655,0.6777777779567901,0.281,Low,Other
Ecuador,2015,78624054,17.073294720396206,20.28640311073909,2.88,0.017039701162144667,0.6777777779567901,0.281,Low,Other
Ecuador,2016,76584672,-2.593839793608199,17.24516635961268,2.88,0.013816861762416893,0.6777777779567901,0.279,Low,Other
Egypt,1994,94184688,,,3.1,0.5,0.555555555802469,0.522,Medium,Middle East & Africa
Egypt,1995,121002811,28.473973391513496,,3.1,0.5,0.555555555802469,0.522,Medium,Middle East & Africa
Egypt,1996,76076898,-37.12799118360978,46.387594010229336,3.1,0.04469948344628839,0.555555555802469,0.249,Low,Middle East & Africa
Egypt,1997,101676726,33.64993667328549,39.45445353764653,3.1,0.037352341442098425,0.555555555802469,0.245,Low,Middle East & Africa
Egypt,1998,127788153,25.680829848907607,38.768478894562904,3.1,0.03662540490678092,0.555555555802469,0.244,Low,Middle East & Africa
Egypt,1999,127300098,-0.3819250756367021,17.79953872030096,3.1,0.014404337592927143,0.555555555802469,0.231,Low,Middle East & Africa
Egypt,2000,147934623,16.209355156977168,13.192463801061207,3.1,0.009522158472303217,0.555555555802469,0.228,Low,Middle East & Africa
Egypt,2001,132669718,-10.318683138834917,13.402403742039036,3.1,0.009744634645231637,0.555555555802469,0.228,Low,Middle East & Africa
Egypt,2002,117392090,-11.515535142691713,15.672900245710125,3.1,0.012150710261102418,0.555555555802469,0.23,Low,Middle East & Africa
Egypt,2003,126279021,7.570297964709538,10.690471809401746,3.1,0.006870763981053263,0.555555555802469,0.226,Low,Middle East & Africa
Egypt,2004,76303038,-39.575839758846406,23.715002364197897,3.1,0.02067303380414685,0.555555555802469,0.235,Low,Middle East & Africa
Egypt,2005,118437504,55.21990618512464,47.3980958036668,3.1,0.04577032575811421,0.555555555802469,0.25,Low,Middle East & Africa
Egypt,2006,156273256,31.945752588639497,49.40185193328053,3.1,0.04789373301983868,0.555555555802469,0.251,Low,Middle East & Africa
Egypt,2007,183527755,17.440283576096995,19.05865831840901,3.1,0.015738643528908303,0.555555555802469,0.232,Low,Middle East & Africa
Egypt,2008,1627266690,786.6597262087143,439.9814658090178,3.1,0.46179619157159785,0.555555555802469,0.499,Medium,Middle East & Africa
Egypt,2009,1709399922,5.04731231240283,447.7294760264648,3.1,0.4700068619802837,0.555555555802469,0.504,Medium,Middle East & Africa
Egypt,2010,1887685157,10.429697153104245,449.7184292478768,3.1,0.47211458240152615,0.555555555802469,0.505,Medium,Middle East & Africa
Egypt,2011,2187791561,15.898117484641539,5.425459433409052,3.1,0.001291359707736204,0.555555555802469,0.223,Low,Middle East & Africa
Egypt,2012,1993165841,-8.895990069138037,13.026470338778378,3.1,0.009346252972626418,0.555555555802469,0.228,Low,Middle East & Africa
Egypt,2013,1890923985,-5.129621123182792,13.361007293515025,3.1,0.009700766273174588,0.555555555802469,0.228,Low,Middle East & Africa
Egypt,2014,1502521807,-20.540338008352045,8.033954701568346,3.1,0.004055617150407691,0.555555555802469,0.225,Low,Middle East & Africa
Egypt,2015,962192305,-35.96150814468678,15.41594380609,3.1,0.011878410073583383,0.555555555802469,0.229,Low,Middle East & Africa
Egypt,2016,1322177365,37.41300550101572,38.687254070368965,3.1,0.03653932987051443,0.555555555802469,0.244,Low,Middle East & Africa
El Salvador,1994,42147786,,,2.7,0.5,0.7777777779012344,0.611,Medium,Other
El Salvador,1995,48052367,14.0092317067378,,2.7,0.5,0.7777777779012344,0.611,Medium,Other
El Salvador,1996,59027511,22.839965406907005,6.244271682242217,2.7,0.002159066036597918,0.7777777779012344,0.312,Low,Other
El Salvador,1997,65301914,10.629624887961132,6.304707441288576,2.7,0.002223110621530321,0.7777777779012344,0.312,Low,Other
El Salvador,1998,71259284,9.122810703527007,7.5224468285645285,2.7,0.0035135653927544663,0.7777777779012344,0.313,Low,Other
El Salvador,1999,65927006,-7.4829239092551125,10.050583191603868,2.7,0.006192665425223129,0.7777777779012344,0.315,Low,Other
El Salvador,2000,59703043,-9.440688084637117,10.19956494051527,2.7,0.006350543383936531,0.7777777779012344,0.315,Low,Other
El Salvador,2001,58772613,-1.5584297771890743,4.104113126133893,2.7,0.0,0.7777777779012344,0.311,Low,Other
El Salvador,2002,63642127,8.285345421004164,8.881086363925442,2.7,0.004953333941838064,0.7777777779012344,0.314,Low,Other
El Salvador,2003,71684478,12.636835660756596,7.272561885985792,2.7,0.0032487589655523807,0.7777777779012344,0.313,Low,Other
El Salvador,2004,83851692,16.973289531382243,4.343974223829631,2.7,0.00014529531720019407,0.7777777779012344,0.311,Low,Other
El Salvador,2005,96869155,15.52438917988679,2.2076423973124375,2.7,0.0,0.7777777779012344,0.311,Low,Other
El Salvador,2006,112453924,16.08847418974595,0.7303426496864193,2.7,0.0,0.7777777779012344,0.311,Low,Other
El Salvador,2007,121750288,8.266820462396662,4.362124150342267,2.7,0.0001645290379045831,0.7777777779012344,0.311,Low,Other
El Salvador,2008,144273232,18.499294227542194,5.3493588344708485,2.7,0.0012107148817422778,0.7777777779012344,0.312,Low,Other
El Salvador,2009,121348015,-15.890138927503894,17.65830927658458,2.7,0.014254674856067804,0.7777777779012344,0.32,Low,Other
El Salvador,2010,128232149,5.673050358508136,17.378707166614838,2.7,0.013958376747765731,0.7777777779012344,0.319,Low,Other
El Salvador,2011,134296990,4.729579163490438,12.186290413358568,2.7,0.008455903030123455,0.7777777779012344,0.316,Low,Other
El Salvador,2012,132696116,-1.1920401194397634,3.7212269503979627,2.7,0.0,0.7777777779012344,0.311,Low,Other
El Salvador,2013,139942521,5.460902111106258,3.648334060651561,2.7,0.0,0.7777777779012344,0.311,Low,Other
El Salvador,2014,140515350,0.4093316283761972,3.4723766150307447,2.7,0.0,0.7777777779012344,0.311,Low,Other
El Salvador,2015,153942705,9.555792303118494,4.5815614678337555,2.7,0.0003970697081829507,0.7777777779012344,0.311,Low,Other
El Salvador,2016,166085007,7.8875462140281405,4.871079299933249,2.7,0.0007038756402987018,0.7777777779012344,0.312,Low,Other
Eritrea,2003,9970,,,2.09,0.5,1.0,0.7,High,Other
Estonia,1995,43092279,,,3.6,0.5,0.27777777817901217,0.411,Medium,Other
Estonia,1996,61379042,42.436286556113686,,3.6,0.5,0.27777777817901217,0.411,Medium,Other
Estonia,1997,103687670,68.9300885471624,18.7339470472842,3.6,0.015394542637148026,0.27777777817901217,0.12,Low,Other
Estonia,1998,97087167,-6.365754963921944,38.194730985896214,3.6,0.03601739654805069,0.27777777817901217,0.133,Low,Other
Estonia,1999,71714092,-26.13432422021337,50.16224170178949,3.6,0.048699528262248826,0.27777777817901217,0.14,Low,Other
Estonia,2000,69271115,-3.406550835224964,12.356542818519777,3.6,0.00863632178872511,0.27777777817901217,0.116,Low,Other
Estonia,2001,77384715,11.71281853915589,19.050604663922662,3.6,0.015730108963166,0.27777777817901217,0.121,Low,Other
Estonia,2002,79621337,2.8902632774443937,7.594764420248465,3.6,0.0035902013151916435,0.27777777817901217,0.113,Low,Other
Estonia,2003,110297011,38.52695163860411,18.55985260614649,3.6,0.01521005242146048,0.27777777817901217,0.12,Low,Other
Estonia,2004,102248332,-7.297277530032065,24.06110112454714,3.6,0.021039799305266536,0.27777777817901217,0.124,Low,Other
Estonia,2005,139326213,36.262577857993804,25.82778984267311,3.6,0.02291198304950219,0.27777777817901217,0.125,Low,Other
Estonia,2006,107267700,-23.009678013713042,30.707059032374495,3.6,0.028082610091485417,0.27777777817901217,0.128,Low,Other
Estonia,2007,132149495,23.19598070994344,31.141877419421206,3.6,0.028543392971667695,0.27777777817901217,0.128,Low,Other
Estonia,2008,274444252,107.67710992766185,66.27098489588252,3.6,0.06577017961051727,0.27777777817901217,0.151,Low,Other
Estonia,2009,157682301,-42.54487027842726,75.30555979874552,3.6,0.07534423988252809,0.27777777817901217,0.156,Low,Other
Estonia,2010,132998292,-15.654267373990184,80.10449060313368,3.6,0.08042973125942306,0.27777777817901217,0.159,Low,Other
Estonia,2011,176218966,32.49716470043089,38.019670236054324,3.6,0.035831882322061095,0.27777777817901217,0.133,Low,Other
Estonia,2012,212530686,20.60602262301323,25.082425126602477,3.6,0.022122110056802886,0.27777777817901217,0.124,Low,Other
Estonia,2013,260453666,22.548734444869755,6.37893216870829,3.6,0.002301767561301192,0.27777777817901217,0.112,Low,Other
Estonia,2014,187970470,-27.829593306626755,28.541662316525958,3.6,0.025787910131249498,0.27777777817901217,0.127,Low,Other
Estonia,2015,168283572,-10.473399358952495,25.591908540083633,3.6,0.022662016467530924,0.27777777817901217,0.125,Low,Other
Estonia,2016,193940013,15.24595698503477,21.6726624730625,3.6,0.018508738812529048,0.27777777817901217,0.122,Low,Other
Ethiopia,1995,149657,,,2.376767,0.5,0.9573516666903601,0.683,High,Other
Ethiopia,1997,179832,20.162772205777202,,2.376767,0.5,0.9573516666903601,0.683,High,Other
Ethiopia,1998,79636,-55.71644646114151,53.65471007051508,2.376767,0.052400543862847156,0.9573516666903601,0.414,Medium,Other
Ethiopia,1999,56864,-28.595107740217994,38.450300597752616,2.376767,0.036288227095576754,0.9573516666903601,0.405,Medium,Other
Ethiopia,2000,58734,3.288548114800216,29.5345106319235,2.376767,0.026840044815479986,0.9573516666903601,0.399,Medium,Other
Ethiopia,2001,36794,-37.354854087921815,21.38997744026229,2.376767,0.018209173689529526,0.9573516666903601,0.394,Medium,Other
Ethiopia,2002,4521,-87.71267054411045,45.58694553314996,2.376767,0.04385102551011893,0.9573516666903601,0.409,Medium,Other
Ethiopia,2003,154958,3327.516036275161,1957.4081135681063,2.376767,0.9999999999989403,0.9573516666903601,0.983,High,Other
Ethiopia,2004,97380,-37.15716516733567,1957.3523244215912,2.376767,0.9999999999989403,0.9573516666903601,0.983,High,Other
Ethiopia,2005,203344,108.8149517354693,1901.8574378326125,2.376767,0.9999999999989403,0.9573516666903601,0.983,High,Other
Ethiopia,2006,237756,16.923046659847362,73.797753401665,2.376767,0.07374639720820395,0.9573516666903601,0.427,Medium,Other
Ethiopia,2007,660586,177.84198926630665,80.72975516943643,2.376767,0.08109233251162344,0.9573516666903601,0.432,Medium,Other
Ethiopia,2008,1873723,183.64558134747026,94.62645097372986,2.376767,0.09581884755440016,0.9573516666903601,0.44,Medium,Other
Ethiopia,2009,3190710,70.28717691996096,63.83813801882587,2.376767,0.06319205912516578,0.9573516666903601,0.421,Medium,Other
Ethiopia,2010,1815166,-43.110906349997336,113.37824442734025,2.376767,0.11569037473342342,0.9573516666903601,0.452,Medium,Other
Ethiopia,2011,1667464,-8.137107019413104,58.06987205130776,2.376767,0.05707935026705377,0.9573516666903601,0.417,Medium,Other
Ethiopia,2012,1065488,-36.10128914327386,18.503589088196588,2.376767,0.015150429216411063,0.9573516666903601,0.392,Medium,Other
Ethiopia,2013,681174,-36.06929406994729,16.13589982502234,2.376767,0.012641357128930816,0.9573516666903601,0.391,Medium,Other
Ethiopia,2014,1189919,74.68649713582727,63.954124049896436,2.376767,0.0633149710788681,0.9573516666903601,0.421,Medium,Other
Ethiopia,2015,1280177,7.585222187392593,55.78999787147702,2.376767,0.0546633370019046,0.9573516666903601,0.416,Medium,Other
Ethiopia,2016,2424103,89.35686237137521,43.59740407837738,2.376767,0.04174268173008999,0.9573516666903601,0.408,Medium,Other
Faeroe Isds,1996,20108,,,,0.5,0.5,0.5,Medium,Other
Faeroe Isds,1997,32956,63.894967177242876,,,0.5,0.5,0.5,Medium,Other
Faeroe Isds,1998,23295,-29.314844034470198,65.9092895809202,,0.06538688623116239,0.5,0.239,Low,Other
Faeroe Isds,1999,14301,-38.609143593045715,56.68854327994814,,0.05561553763008412,0.5,0.233,Low,Other
Faeroe Isds,2000,12739,-10.922313124956295,14.09036182946037,,0.010473673063132394,0.5,0.206,Low,Other
Faeroe Isds,2001,18125,42.27961378444147,41.109602848798424,,0.0391063253798622,0.5,0.223,Low,Other
Faeroe Isds,2002,28968,59.82344827586208,36.84018166738771,,0.034581962456657865,0.5,0.221,Low,Other
Faeroe Isds,2003,24859,-14.184617508975418,38.67210309217672,,0.03652327417559219,0.5,0.222,Low,Other
Faeroe Isds,2004,35377,42.310631964278535,38.677309776795695,,0.03652879176915862,0.5,0.222,Low,Other
Faeroe Isds,2005,46520,31.49786584504057,29.987548553759446,,0.027320135181191536,0.5,0.216,Low,Other
Faeroe Isds,2006,66829,43.65649183147033,6.665326146175372,,0.0026052631027396536,0.5,0.202,Low,Other
Faeroe Isds,2007,71201,6.542070059405347,18.921346995069428,,0.015593132876794927,0.5,0.209,Low,Other
Faeroe Isds,2008,66776,-6.214800353927618,25.908054830041525,,0.0229970409338033,0.5,0.214,Low,Other
Faeroe Isds,2009,107409,60.84970648137056,35.61297795641518,,0.033281478214597614,0.5,0.22,Low,Other
Fiji,2000,871494,,,2.3,0.5,1.0,0.7,High,Other
Fiji,2002,2018412,131.60365992192715,,2.3,0.5,1.0,0.7,High,Other
Fiji,2003,2934268,45.37507704076273,60.972815687377604,2.3,0.060155638596809655,1.0,0.436,Medium,Other
Fiji,2004,2960642,0.8988272373211981,66.45456917998291,2.3,0.06596472634014969,1.0,0.44,Medium,Other
Fiji,2005,3744767,26.484965085275427,22.321975630319606,2.3,0.019196824679305047,1.0,0.412,Medium,Other
Fiji,2006,4199224,12.135788421549321,12.824576780263149,2.3,0.009132303659179143,1.0,0.405,Medium,Other
Fiji,2007,9331557,122.22098654418056,59.84707667798784,2.3,0.05896267786071172,1.0,0.435,Medium,Other
Fiji,2008,14395634,54.2682962768164,55.54497753839591,2.3,0.05440368566667207,1.0,0.433,Medium,Other
Fiji,2009,10259046,-28.73501785332969,75.60294696066326,2.3,0.07565938504906164,1.0,0.445,Medium,Other
Fiji,2010,12811156,24.876679566501593,42.08648118194509,2.3,0.04014153645957817,1.0,0.424,Medium,Other
Fiji,2011,13556710,5.8195685073228365,27.17660458529607,2.3,0.02434134013386891,1.0,0.415,Medium,Other
Fiji,2012,11473863,-15.363956299131576,20.12967949744036,2.3,0.016873619045841233,1.0,0.41,Medium,Other
Fiji,2013,9767989,-14.86747750082078,12.08954153366932,2.3,0.00835337694390983,1.0,0.405,Medium,Other
Fiji,2014,9463462,-3.1176017909111065,6.931561502005522,2.3,0.0028873962822930552,1.0,0.402,Medium,Other
Fiji,2015,8435570,-10.861690996381668,5.973229477423391,2.3,0.0018718389746614677,1.0,0.401,Medium,Other
Fiji,2016,8813796,4.483704124321175,7.672808271744679,2.3,0.0036729054320004855,1.0,0.402,Medium,Other
Finland,1988,209818809,,,4.2,0.5,5.555556015224283e-10,0.3,Low,Europe
Finland,1989,255024071,21.544904489473105,,4.2,0.5,5.555556015224283e-10,0.3,Low,Europe
Finland,1990,318511236,24.894577500490133,2.3685765008477,4.2,0.0,5.555556015224283e-10,0.0,Low,Europe
Finland,1991,350877511,10.161737276985727,7.72283827487767,4.2,0.0037259228977422724,5.555556015224283e-10,0.002,Low,Europe
Finland,1992,348537398,-0.6669316005265435,12.830350724171385,4.2,0.009138422385027233,5.555556015224283e-10,0.005,Low,Europe
Finland,1993,355603897,2.0274722427347625,5.637466176939531,4.2,0.0015160260990669493,5.555556015224283e-10,0.001,Low,Europe
Finland,1994,421587671,18.555413637663264,10.40777926425655,4.2,0.006571190897120939,5.555556015224283e-10,0.004,Low,Europe
Finland,1995,507208700,20.309187125161454,10.086869907970996,4.2,0.006231118945538972,5.555556015224283e-10,0.004,Low,Europe
Finland,1996,510555524,0.6598514575952619,10.873693479853271,4.2,0.007064926444135562,5.555556015224283e-10,0.004,Low,Europe
Finland,1997,539513198,5.671797216711738,10.21003734731172,4.2,0.00636164113396243,5.555556015224283e-10,0.004,Low,Europe
Finland,1998,549902539,1.9256880162549894,2.60625135099287,4.2,0.0,5.555556015224283e-10,0.0,Low,Europe
Finland,1999,577938274,5.098309793401401,2.0177442399565297,4.2,0.0,5.555556015224283e-10,0.0,Low,Europe
Finland,2000,590686861,2.2058734597667495,1.7564272813351591,4.2,0.0,5.555556015224283e-10,0.0,Low,Europe
Finland,2001,651686098,10.326831529100144,4.116098222197737,4.2,0.0,5.555556015224283e-10,0.0,Low,Europe
Finland,2002,803956790,23.365649883788066,10.674712192568213,4.2,0.006854063303594689,5.555556015224283e-10,0.004,Low,Europe
Finland,2003,934910200,16.288612973839058,6.527353643273833,4.2,0.0024590517897711914,5.555556015224283e-10,0.001,Low,Europe
Finland,2004,1078834681,15.394471148138077,4.366990410357528,4.2,0.00016968587894982345,5.555556015224283e-10,0.0,Low,Europe
Finland,2005,1291208520,19.68548497190925,2.2638841479316483,4.2,0.0,5.555556015224283e-10,0.0,Low,Europe
Finland,2006,1593589163,23.418420674609553,4.015208060189252,4.2,0.0,5.555556015224283e-10,0.0,Low,Europe
Finland,2007,1636262292,2.677799899170119,11.055688661231969,4.2,0.007257789180287433,5.555556015224283e-10,0.004,Low,Europe
Finland,2008,2150993513,31.45774510093031,14.849743730665004,4.2,0.011278400255034182,5.555556015224283e-10,0.007,Low,Europe
Finland,2009,1434332010,-33.31769708596048,32.454632333793015,4.2,0.029934536972099992,5.555556015224283e-10,0.018,Low,Europe
Finland,2010,2198632344,53.28615192796262,45.04176565355768,4.2,0.04327329107519272,5.555556015224283e-10,0.026,Low,Europe
Finland,2011,2735196653,24.404458092516812,44.095022586226655,4.2,0.04227001474108836,5.555556015224283e-10,0.025,Low,Europe
Finland,2012,2523914811,-7.724557638964036,30.519754729622935,4.2,0.027884121208164286,5.555556015224283e-10,0.017,Low,Europe
Finland,2013,2427570062,-3.8172742035547214,17.530956854991764,4.2,0.014119717785787744,5.555556015224283e-10,0.008,Low,Europe
Finland,2014,1549279039,-36.17984241725255,17.664964935545758,4.2,0.014261727947190451,5.555556015224283e-10,0.009,Low,Europe
Finland,2015,1173009297,-24.28676387714299,16.369591453080496,4.2,0.012889003283414977,5.555556015224283e-10,0.008,Low,Europe
Finland,2016,1124993590,-4.093378213011722,16.221176112680528,4.2,0.01273172555540256,5.555556015224283e-10,0.008,Low,Europe
Fmr Fed. Rep. of Germany,1988,9250413024,,,,0.5,0.5,0.5,Medium,Other
Fmr Fed. Rep. of Germany,1989,9447263944,2.1280230351798934,,,0.5,0.5,0.5,Medium,Other
Fmr Fed. Rep. of Germany,1990,11437973958,21.071815350986455,13.39528400789643,,0.009737089767411167,0.5,0.206,Low,Other
Fmr Sudan,1995,38913,,,,0.5,0.5,0.5,Medium,Other
Fmr Sudan,1996,280151,619.9419217228176,,,0.5,0.5,0.5,Medium,Other
Fmr Sudan,1997,251981,-10.055291610595718,445.4753016766846,,0.46761808316994063,0.5,0.481,Medium,Other
Fmr Sudan,1998,615262,144.16999694421406,328.3902284491267,,0.34354145974428213,0.5,0.406,Medium,Other
Fmr Sudan,1999,228823,-62.80885216379364,107.55511901573205,,0.10951953058617443,0.5,0.266,Low,Other
Fmr Sudan,2000,1038653,353.9111015938083,208.36150268921457,,0.21634540822514617,0.5,0.33,Low,Other
Fmr Sudan,2001,831942,-19.901834395125228,229.2133806253485,,0.23844242311423572,0.5,0.343,Medium,Other
Fmr Sudan,2002,1012120,21.657519394380852,204.88034470735172,,0.21265637839329601,0.5,0.328,Low,Other
Fmr Sudan,2003,8639,-99.14644508556297,61.373835419978725,,0.06058060458928508,0.5,0.236,Low,Other
Fmr Sudan,2004,20169,133.4645213566385,116.33447843111311,,0.11882313558101129,0.5,0.271,Low,Other
Fmr Sudan,2005,117632,483.23169220090233,293.14650213923994,,0.30619320998942307,0.5,0.384,Medium,Other
Fmr Sudan,2006,204060,73.47320457018498,221.2984598815161,,0.2300548753807362,0.5,0.338,Medium,Other
Fmr Sudan,2008,766010,275.3846907772224,204.88640854896596,,0.21266280432763368,0.5,0.328,Low,Other
Fmr Sudan,2009,70115,-90.84672523857391,183.43697267800437,,0.18993254927555148,0.5,0.314,Low,Other
Fmr Sudan,2010,86660,23.596947871354203,187.3587787594784,,0.19408853981222546,0.5,0.316,Low,Other
Fmr Sudan,2011,669153,672.1590122317101,411.48265679427095,,0.4315956211937656,0.5,0.459,Medium,Other
France,1994,8511392197,,,3.9,0.5,0.11111111160493814,0.344,Medium,Europe
France,1995,10538405487,23.815296523575302,,3.9,0.5,0.11111111160493814,0.344,Medium,Europe
France,1996,11007430631,4.450627227986059,13.692888974346078,3.9,0.010052465744330209,0.11111111160493814,0.05,Low,Europe
France,1997,11770520524,6.932497860589959,10.53706940171553,3.9,0.006708201390909261,0.11111111160493814,0.048,Low,Europe
France,1998,13541363163,15.044726657493745,5.540801395294603,3.9,0.0014135891326795184,0.11111111160493814,0.045,Low,Europe
France,1999,14100577832,4.129677804727816,5.668661625950239,3.9,0.0015490843350384406,0.11111111160493814,0.045,Low,Europe
France,2000,13900232647,-1.4208296098712658,8.377161086465483,3.9,0.004419317562443995,0.11111111160493814,0.047,Low,Europe
France,2001,16602708172,19.441944560426183,10.805314987218212,3.9,0.0069924648378246945,0.11111111160493814,0.049,Low,Europe
France,2002,19134581931,15.24976366970019,11.035838640495275,3.9,0.007236753846917896,0.11111111160493814,0.049,Low,Europe
France,2003,22969230390,20.040408893321437,2.6103263473149916,3.9,0.0,0.11111111160493814,0.044,Low,Europe
France,2004,27095787381,17.965586660650846,2.4024592772811424,3.9,0.0,0.11111111160493814,0.044,Low,Europe
France,2005,29559744565,9.09350648997107,5.814541628260298,3.9,0.001703675331251775,0.11111111160493814,0.045,Low,Europe
France,2006,32304501618,9.285455924574904,5.067795719636305,3.9,0.0009123386702675385,0.11111111160493814,0.045,Low,Europe
France,2007,37168971119,15.058178449933202,3.389652920535825,3.9,0.0,0.11111111160493814,0.044,Low,Europe
France,2008,43250232618,16.361124120251436,3.7657906029121437,3.9,0.0,0.11111111160493814,0.044,Low,Europe
France,2009,42583940298,-1.5405519916734556,9.980694091671706,3.9,0.006118603008086595,0.11111111160493814,0.048,Low,Europe
France,2010,43584098783,2.3486752940215183,9.415809565156616,3.9,0.0055199872943723916,0.11111111160493814,0.048,Low,Europe
France,2011,45299152672,3.935044974863544,2.817351586864237,3.9,0.0,0.11111111160493814,0.044,Low,Europe
France,2012,46654985915,2.9930653511716976,0.7978233849564016,3.9,0.0,0.11111111160493814,0.044,Low,Europe
France,2013,49444783223,5.979633801803486,1.526830060015831,3.9,0.0,0.11111111160493814,0.044,Low,Europe
France,2014,47918751460,-3.0863352279601908,4.620073898407773,3.9,0.00043788184771376886,0.11111111160493814,0.045,Low,Europe
France,2015,41507486097,-13.379449939032284,9.686021957685684,3.9,0.0058063349930889884,0.11111111160493814,0.048,Low,Europe
France,2016,40991340684,-1.2434995744955657,6.539948329962408,3.9,0.0024723985482805817,0.11111111160493814,0.046,Low,Europe
French Guiana,1994,244842,,,,0.5,0.5,0.5,Medium,Other
French Guiana,1995,146271,-40.25902418702674,,,0.5,0.5,0.5,Medium,Other
French Polynesia,1996,139220,,,,0.5,0.5,0.5,Medium,Other
French Polynesia,1997,41985,-69.84269501508405,,,0.5,0.5,0.5,Medium,Other
French Polynesia,1998,129261,207.87424080028583,196.37552856539722,,0.2036437105897849,0.5,0.322,Low,Other
French Polynesia,1999,117386,-9.186839031107608,146.01446371358657,,0.15027541430159022,0.5,0.29,Low,Other
French Polynesia,2000,14011,-88.06416438076091,153.25179960497854,,0.157944916273511,0.5,0.295,Low,Other
French Polynesia,2001,87631,525.4442937691813,333.77754788560264,,0.3492504744510007,0.5,0.41,Medium,Other
French Polynesia,2002,80966,-7.6057559539432384,333.41879051675176,,0.3488702944525685,0.5,0.409,Medium,Other
French Polynesia,2003,243338,200.54343798631527,268.6475412556521,,0.28023133235567,0.5,0.368,Medium,Other
French Polynesia,2004,102603,-57.83519220179338,136.99671513193286,,0.14071918510798057,0.5,0.284,Low,Other
French Polynesia,2005,31489,-69.30986423398926,152.59531958491448,,0.15724923558603646,0.5,0.294,Low,Other
French Polynesia,2006,93485,196.8814506653117,150.4825861351593,,0.1550103435956408,0.5,0.293,Low,Other
French Polynesia,2007,46901,-49.83045408354282,148.3824043322052,,0.15278475275380818,0.5,0.292,Low,Other
French Polynesia,2008,10050,-78.57188546086438,151.4196014421875,,0.15600331129160203,0.5,0.294,Low,Other
French Polynesia,2009,53588,433.2139303482587,287.54207473925305,,0.3002541230601,0.5,0.38,Medium,Other
French Polynesia,2010,99302,85.30641188325745,261.34921051098576,,0.27249719331916017,0.5,0.363,Medium,Other
French Polynesia,2011,100618,1.3252502467221206,228.99065079683362,,0.23820639332583912,0.5,0.343,Medium,Other
French Polynesia,2012,286779,185.01759128585343,91.95835195358379,,0.09299142721584316,0.5,0.256,Low,Other
French Polynesia,2013,178635,-37.70987415396525,118.93565554159902,,0.12157963787378381,0.5,0.273,Low,Other
French Polynesia,2014,555336,210.8774876144093,136.66987874090987,,0.14037283219814428,0.5,0.284,Low,Other
French Polynesia,2015,386945,-30.322363398014897,141.43763046807692,,0.1454252826884729,0.5,0.287,Low,Other
Gabon,1993,437886,,,2.4,0.5,0.9444444444753086,0.678,High,Other
Gabon,1994,163877,-62.575419173026766,,2.4,0.5,0.9444444444753086,0.678,High,Other
Gabon,1996,567601,246.35793918609687,218.4488726304701,2.4,0.2270351295282532,0.9444444444753086,0.514,Medium,Other
Gabon,1997,293707,-48.25467185575783,174.37578878945655,2.4,0.1803302911043077,0.9444444444753086,0.486,Medium,Other
Gabon,1998,542717,84.78177231049993,147.53651737988562,2.4,0.15188835499830905,0.9444444444753086,0.469,Medium,Other
Gabon,1999,994597,83.262547515556,76.37384206600856,2.4,0.0764763129379029,0.9444444444753086,0.424,Medium,Other
Gabon,2000,396081,-60.17673489865744,83.25673605960202,2.4,0.0837702080739809,0.9444444444753086,0.428,Medium,Other
Gabon,2001,470626,18.82064527205294,71.84262033326905,2.4,0.07167451645699201,0.9444444444753086,0.421,Medium,Other
Gabon,2002,324159,-31.12173998036658,39.95626911228237,2.4,0.03788412214109676,0.9444444444753086,0.401,Medium,Other
Gabon,2003,361911,11.646136618141089,27.002489662595202,2.4,0.024156828213594016,0.9444444444753086,0.392,Medium,Other
Gabon,2004,122424,-66.17289886187487,38.973232888573534,2.4,0.03684238546211081,0.9444444444753086,0.4,Medium,Other
Gabon,2005,428673,250.15438149382473,164.82563183252805,2.4,0.17020986161029555,0.9444444444753086,0.48,Medium,Other
Gabon,2006,199445,-53.47386002850658,179.0783454871396,2.4,0.18531365354694992,0.9444444444753086,0.489,Medium,Other
Gabon,2007,1340641,572.1858156383965,312.8749439693031,2.4,0.3270997045599677,0.9444444444753086,0.574,Medium,Other
Gabon,2008,201947,-84.93653409078195,370.6412713411627,2.4,0.3883154569221104,0.9444444444753086,0.611,Medium,Other
Gabon,2009,1358103,572.5046670661114,379.48184347397716,2.4,0.3976839298551095,0.9444444444753086,0.616,Medium,Other
Gambia,1995,383758,,,,0.5,0.5,0.5,Medium,Other
Gambia,1996,148781,-61.23051506418107,,,0.5,0.5,0.5,Medium,Other
Gambia,1997,55537,-62.671980965311434,1.0192703135384553,,0.0,0.5,0.2,Low,Other
Gambia,1998,164534,196.2601508903974,149.08016287947157,,0.15352417685053263,0.5,0.292,Low,Other
Gambia,1999,1319,-99.19834198402762,161.07748909983172,,0.1662379044549498,0.5,0.3,Low,Other
Gambia,2000,19399,1370.7354056103109,777.5381091708377,,0.8195094966812368,0.5,0.692,High,Other
Gambia,2001,9797,-49.497396773029536,834.6892255242108,,0.8800733016707225,0.5,0.728,High,Other
Gambia,2002,8524,-12.993773604164538,809.6398550054686,,0.8535281475598888,0.5,0.712,High,Other
Gambia,2004,4264,-49.97653683716565,21.21504519597896,,0.01802379564260493,0.5,0.211,Low,Other
Gambia,2005,5016,17.636022514071303,33.85598757634619,,0.031419571929356335,0.5,0.219,Low,Other
Gambia,2007,39983,697.109250398724,413.1973900941864,,0.43341274708406197,0.5,0.46,Medium,Other
Gambia,2008,28434,-28.884776029812677,406.3896690204016,,0.4261985136999545,0.5,0.456,Medium,Other
Gambia,2009,59719,110.02672856439473,385.36338261479506,,0.4039166758151365,0.5,0.442,Medium,Other
Gambia,2010,17387,-70.88531288199735,94.68334766015288,,0.0958791417365779,0.5,0.258,Low,Other
Gambia,2011,356257,1948.9848737562547,1117.6144085639014,,0.9999999999989403,0.5,0.8,High,Other
Gambia,2012,212627,-40.31640080054567,1157.449033450228,,0.9999999999989403,0.5,0.8,High,Other
Gambia,2013,18515,-91.29226297695024,1163.5182919457536,,0.9999999999989403,0.5,0.8,High,Other
Gambia,2014,28176,52.17931406967325,72.73019686281962,,0.07261509321697288,0.5,0.244,Low,Other
Georgia,1996,12686925,,,2.7,0.5,0.7777777779012344,0.611,Medium,Other
Georgia,1997,15446150,21.74857185645851,,2.7,0.5,0.7777777779012344,0.611,Medium,Other
Georgia,1998,17141511,10.975945462137805,7.617397174613357,2.7,0.00361418554873233,0.7777777779012344,0.313,Low,Other
Georgia,1999,13530528,-21.06572168579538,22.270240398990005,2.7,0.0191420001603585,0.7777777779012344,0.323,Low,Other
Georgia,2000,21418448,58.29720761820973,39.92585802328933,2.7,0.0378518951019624,0.7777777779012344,0.334,Medium,Other
Georgia,2001,9208837,-57.00511540331961,58.998220683137035,2.7,0.05806313377099657,0.7777777779012344,0.346,Medium,Other
Georgia,2002,15111130,64.09379382000138,68.30467519483815,2.7,0.06792530851322134,0.7777777779012344,0.352,Medium,Other
Georgia,2003,21393391,41.573734062244185,64.40741218799455,2.7,0.06379532660211067,0.7777777779012344,0.349,Medium,Other
Georgia,2004,31476674,47.13270093553659,11.731253670052775,2.7,0.007973694486475362,0.7777777779012344,0.316,Low,Other
Georgia,2005,39847628,26.594150322235443,10.623261450055644,2.7,0.006799540261265498,0.7777777779012344,0.315,Low,Other
Georgia,2006,56285087,41.25078411191754,10.577065762456344,2.7,0.006750586071152744,0.7777777779012344,0.315,Low,Other
Georgia,2007,83401349,48.176636912722536,11.019589212638746,2.7,0.007219534110144803,0.7777777779012344,0.315,Low,Other
Georgia,2008,129426357,55.184968291100425,6.967132773087342,2.7,0.002925091635638508,0.7777777779012344,0.313,Low,Other
Georgia,2009,87163826,-32.65372832830333,48.81649529531053,2.7,0.04727342273487215,0.7777777779012344,0.339,Medium,Other
Georgia,2010,122309056,40.32088953965833,47.01395593136814,2.7,0.04536324758013547,0.7777777779012344,0.338,Medium,Other
Georgia,2011,190759081,55.9648052553034,47.2991744931524,2.7,0.04566549751780032,0.7777777779012344,0.339,Medium,Other
Georgia,2012,194830041,2.1340845105035866,27.690885001980657,2.7,0.02488632999326924,0.7777777779012344,0.326,Low,Other
Georgia,2013,196457604,0.8353757929969285,31.460788115464652,2.7,0.028881346916168317,0.7777777779012344,0.328,Low,Other
Georgia,2014,245801442,25.11678702953133,13.65941794177646,2.7,0.010016996041922138,0.7777777779012344,0.317,Low,Other
Georgia,2015,270252216,9.947368006083535,12.265986896278038,2.7,0.008540358462630467,0.7777777779012344,0.316,Low,Other
Georgia,2016,187889099,-30.476389137175474,28.736714760588693,2.7,0.0259946098239011,0.7777777779012344,0.327,Low,Other
Germany,1991,6209483040,,,4.1,0.5,5.555556015224283e-10,0.3,Low,Europe
Germany,1992,7077993952,13.986847317325157,,4.1,0.5,5.555556015224283e-10,0.3,Low,Europe
Germany,1993,6980150072,-1.3823673863461394,10.86767593847797,4.1,0.00705854957478245,5.555556015224283e-10,0.004,Low,Europe
Germany,1994,8166333072,16.99366041939736,9.856741208903658,4.1,0.005987248474722251,5.555556015224283e-10,0.004,Low,Europe
Germany,1995,9698454168,18.761432854768078,11.15479049149309,4.1,0.007362808719799568,5.555556015224283e-10,0.004,Low,Europe
Germany,1996,10230016545,5.480897963655762,7.211580105862624,4.1,0.003184135754757072,5.555556015224283e-10,0.002,Low,Europe
Germany,1997,11089007297,8.396767964366969,6.9797466900718375,4.1,0.002938458772750563,5.555556015224283e-10,0.002,Low,Europe
Germany,1998,13770393866,24.180582600260504,10.060726513111646,4.1,0.006203414439152171,5.555556015224283e-10,0.004,Low,Europe
Germany,1999,14593646772,5.97842671757316,9.885137476904747,4.1,0.00601734038101177,5.555556015224283e-10,0.004,Low,Europe
Germany,2000,12553544000,-13.979389825401478,19.0867162160317,4.1,0.015768376859566773,5.555556015224283e-10,0.009,Low,Europe
Germany,2001,17600366000,40.20236835112061,27.4021153112876,4.1,0.024580316876642232,5.555556015224283e-10,0.015,Low,Europe
Germany,2002,17094568000,-2.873792510905737,28.619785829102053,4.1,0.025870698665973774,5.555556015224283e-10,0.016,Low,Europe
Germany,2003,22724687000,32.93513471647835,23.060238465403806,4.1,0.019979171713413076,5.555556015224283e-10,0.012,Low,Europe
Germany,2004,33527629000,47.53835333353547,25.938766713791104,4.1,0.02302958672917794,5.555556015224283e-10,0.014,Low,Europe
Germany,2005,38033946000,13.440607446473486,17.107244381826366,4.1,0.013670703991591102,5.555556015224283e-10,0.008,Low,Europe
Germany,2006,44342685000,16.58712719421751,18.843810923080262,4.1,0.0155109668607443,5.555556015224283e-10,0.009,Low,Europe
Germany,2007,55232089000,24.55738528237521,5.7301592468793485,4.1,0.0016142541892585859,5.555556015224283e-10,0.001,Low,Europe
Germany,2008,66628618000,20.63389092525543,3.9852879163459263,4.1,0.0,5.555556015224283e-10,0.0,Low,Europe
Germany,2009,63535880000,-4.641756189510038,15.84740782029073,4.1,0.012335638279843807,5.555556015224283e-10,0.007,Low,Europe
Germany,2010,66187381253,4.173234482626187,12.829104983995512,4.1,0.009137102257444551,5.555556015224283e-10,0.005,Low,Europe
Germany,2011,71208176550,7.585728883589016,6.309524147394293,4.1,0.0022282149496325857,5.555556015224283e-10,0.001,Low,Europe
Germany,2012,71045054834,-0.2290772266657637,3.9178365833549385,4.1,0.0,5.555556015224283e-10,0.0,Low,Europe
Germany,2013,74818021878,5.310668072275693,4.019450091185604,4.1,0.0,5.555556015224283e-10,0.0,Low,Europe
Germany,2014,79331106887,6.032082773264369,3.425671264941377,4.1,0.0,5.555556015224283e-10,0.0,Low,Europe
Germany,2015,75680268178,-4.6020266856988234,5.942309322712665,4.1,0.001839072471754222,5.555556015224283e-10,0.001,Low,Europe
Germany,2016,76398023814,0.9484052491883777,5.3187616951351275,4.1,0.0011782906825629146,5.555556015224283e-10,0.001,Low,Europe
Ghana,1996,696370,,,2.5,0.5,0.8888888889506172,0.656,Medium,Other
Ghana,1997,322737,-53.654379137527464,,2.5,0.5,0.8888888889506172,0.656,Medium,Other
Ghana,1998,241361,-25.214338610075693,20.110145514181383,2.5,0.016852918621628177,0.8888888889506172,0.366,Medium,Other
Ghana,1999,1310493,442.95971594416665,278.8731314584859,2.5,0.29106752752494025,0.8888888889506172,0.53,Medium,Other
Ghana,2000,1047715,-20.051843085006936,268.8225252567298,2.5,0.28041676524996423,0.8888888889506172,0.524,Medium,Other
Ghana,2001,4539694,333.2947414134569,241.9572686826392,2.5,0.25194729231639323,0.8888888889506172,0.507,Medium,Other
Ghana,2003,1612854,-64.47218689189182,217.96234574429147,2.5,0.22651955045759298,0.8888888889506172,0.491,Medium,Other
Ghana,2005,363752,-77.44668767290777,233.4863980663178,2.5,0.24297059704195748,0.8888888889506172,0.501,Medium,Other
Ghana,2006,3454817,849.7726472981592,531.6244993191307,2.5,0.5589115440667867,0.8888888889506172,0.691,High,Other
Ghana,2007,13609195,293.91941743947655,466.6585640335019,2.5,0.49006627057693386,0.8888888889506172,0.65,Medium,Other
Ghana,2008,10647083,-21.76551956232532,441.2498477598783,2.5,0.4631403129470951,0.8888888889506172,0.633,Medium,Other
Ghana,2009,33010219,210.0400269256847,163.51684061353913,2.5,0.1688229179910548,0.8888888889506172,0.457,Medium,Other
Ghana,2010,29695424,-10.041723746213261,130.58026634331702,2.5,0.13391958821549022,0.8888888889506172,0.436,Medium,Other
Ghana,2011,57715734,94.35901639255934,110.08904556334953,2.5,0.11220476655494704,0.8888888889506172,0.423,Medium,Other
Ghana,2012,32533290,-43.63185262445073,71.95981660117566,2.5,0.07179871091491133,0.8888888889506172,0.399,Medium,Other
Ghana,2013,30673099,-5.7178078208505845,71.29086602326187,2.5,0.07108981500992376,0.8888888889506172,0.398,Medium,Other
Ghana,2016,80349247,161.95346939023017,109.4047962254884,2.5,0.11147965834872807,0.8888888889506172,0.422,Medium,Other
Greece,1988,84257448,,,3.7,0.5,0.2222222226543208,0.389,Medium,Other
Greece,1989,105312196,24.988589732743872,,3.7,0.5,0.2222222226543208,0.389,Medium,Other
Greece,1990,98003291,-6.94022656217329,22.577082517395464,3.7,0.019467164871171224,0.2222222226543208,0.101,Low,Other
Greece,1992,84236242,-14.047537444431335,20.791754787913035,3.7,0.017575229116458473,0.2222222226543208,0.099,Low,Other
Greece,1993,106651022,26.60942542997111,21.71436408978168,3.7,0.018552930575417993,0.2222222226543208,0.1,Low,Other
Greece,1994,91382422,-14.316412270292167,23.55130964267455,3.7,0.0204995664303297,0.2222222226543208,0.101,Low,Other
Greece,1995,145954570,59.71843031256054,37.086134677826706,3.7,0.03484260216260344,0.2222222226543208,0.11,Low,Other
Greece,1996,167714529,14.908720569695078,37.28980288010503,3.7,0.03505843208986286,0.2222222226543208,0.11,Low,Other
Greece,1997,154856177,-7.666808640055267,34.29853017997826,3.7,0.03188854026551606,0.2222222226543208,0.108,Low,Other
Greece,1998,197015782,27.225006981800924,17.695499557208162,3.7,0.014294085895552389,0.2222222226543208,0.097,Low,Other
Greece,1999,229959996,16.72161167271362,17.900442991542818,3.7,0.014511267203336013,0.2222222226543208,0.098,Low,Other
Greece,2000,283768473,23.39905980864603,5.315817566452017,3.7,0.0011751707498860906,0.2222222226543208,0.09,Low,Other
Greece,2001,344951868,21.561026266649442,3.4493142922802673,3.7,0.0,0.2222222226543208,0.089,Low,Other
Greece,2002,300780819,-12.804989071692752,20.392541663014278,3.7,0.017152177610410605,0.2222222226543208,0.099,Low,Other
Greece,2003,680913503,126.38195655687738,72.50454729481288,3.7,0.07237596934145273,0.2222222226543208,0.132,Low,Other
Greece,2004,905659939,33.0066058331641,70.93502212578508,3.7,0.07071272245620655,0.2222222226543208,0.131,Low,Other
Greece,2005,1235312491,36.39915356794865,52.95811290799177,3.7,0.05166235050112114,0.2222222226543208,0.12,Low,Other
Greece,2006,1183375600,-4.204352451577376,22.527055946421623,3.7,0.01941415104253455,0.2222222226543208,0.101,Low,Other
Greece,2007,1346699399,13.80151821619442,20.34497973732535,3.7,0.017101775599458833,0.2222222226543208,0.099,Low,Other
Greece,2008,1426548822,5.929268481094785,9.026571586187481,3.7,0.005107506584336412,0.2222222226543208,0.092,Low,Other
Greece,2009,1405019816,-1.5091671359566017,7.656366917729077,3.7,0.0036554823085008996,0.2222222226543208,0.091,Low,Other
Greece,2010,1505420414,7.14584925113968,4.685433132948288,3.7,0.0005071439057022508,0.2222222226543208,0.089,Low,Other
Greece,2011,1440344921,-4.322745486564128,5.977097916960634,3.7,0.0018759384119550204,0.2222222226543208,0.09,Low,Other
Greece,2012,1370332068,-4.860839371127268,6.782069275651019,3.7,0.002728977363782397,0.2222222226543208,0.091,Low,Other
Greece,2013,1553392996,13.358873536921422,10.367313496208627,3.7,0.006528308779654488,0.2222222226543208,0.093,Low,Other
Greece,2014,1550860664,-0.16301940375170743,9.459290315140148,3.7,0.005566064428658217,0.2222222226543208,0.092,Low,Other
Greece,2015,1301609297,-16.071809207999877,14.731464447269524,3.7,0.01115305811106682,0.2222222226543208,0.096,Low,Other
Greece,2016,1286788801,-1.1386286218267538,8.916663135214996,3.7,0.004991035123827467,0.2222222226543208,0.092,Low,Other
Greenland,1994,2812,,,,0.5,0.5,0.5,Medium,Other
Greenland,2000,7402,163.22901849217638,,,0.5,0.5,0.5,Medium,Other
Greenland,2001,605,-91.82653336935964,180.35151030056926,,0.18666284338609956,0.5,0.312,Low,Other
Greenland,2002,12727,2003.6363636363635,1143.3224452827299,,0.9999999999989403,0.5,0.8,High,Other
Greenland,2003,13509,6.144417380372436,1182.5493037837064,,0.9999999999989403,0.5,0.8,High,Other
Greenland,2004,16085,19.06876896883558,1149.5397377520264,,0.9999999999989403,0.5,0.8,High,Other
Greenland,2005,34544,114.75909232203918,59.330745908152636,,0.05841551521456116,0.5,0.235,Low,Other
Greenland,2006,4971,-85.60965724872626,100.21796803582522,,0.10174425322539785,0.5,0.261,Low,Other
Greenland,2007,1479,-70.24743512371757,111.5131149766008,,0.11371387202372502,0.5,0.268,Low,Other
Greenland,2008,3869,161.59567275185935,138.50252688352097,,0.1423149140297075,0.5,0.285,Low,Other
Greenland,2009,1592,-58.852416645127946,130.68947498703156,,0.13403531808085623,0.5,0.28,Low,Other
Greenland,2010,5600,251.75879396984925,159.79469781892726,,0.16487851331902625,0.5,0.299,Low,Other
Greenland,2011,6777,21.01785714285713,161.29680959981158,,0.16647032133214335,0.5,0.3,Low,Other
Greenland,2012,28068,314.165559982293,154.41910506365895,,0.15918192553375987,0.5,0.296,Low,Other
Greenland,2013,84668,201.6531281174291,147.8871890576512,,0.15225996648138512,0.5,0.291,Low,Other
Greenland,2014,5344,-93.68828837341144,210.6459752117755,,0.218766294415798,0.5,0.331,Medium,Other
Greenland,2015,13673,155.85703592814372,158.95319187074844,,0.16398675817240982,0.5,0.298,Low,Other
Greenland,2016,3920,-71.33035910187961,138.0741698886307,,0.14186097837350775,0.5,0.285,Low,Other
Grenada,1993,1156,,,2.5,0.5,0.8888888889506172,0.656,Medium,Other
Grenada,1995,1427,23.442906574394474,,2.5,0.5,0.8888888889506172,0.656,Medium,Other
Grenada,1996,3312,132.09530483531884,76.82884760248106,2.5,0.07695848841125094,0.8888888889506172,0.402,Medium,Other
Grenada,1997,1666,-49.69806763285024,91.47292498255592,2.5,0.09247701374002952,0.8888888889506172,0.411,Medium,Other
Grenada,1998,6643,298.73949579831935,174.2736604046032,2.5,0.18022206428427667,0.8888888889506172,0.464,Medium,Other
Grenada,1999,3720,-44.001204275176875,199.54630930723684,2.5,0.20700382949500132,0.8888888889506172,0.48,Medium,Other
Grenada,2000,1725,-53.62903225806453,200.71848533172067,2.5,0.2082460001591969,0.8888888889506172,0.481,Medium,Other
Grenada,2001,35368,1950.31884057971,1154.2105681252958,2.5,0.9999999999989403,0.8888888889506172,0.956,High,Other
Grenada,2002,43510,23.020809771544904,1135.4998880736212,2.5,0.9999999999989403,0.8888888889506172,0.956,High,Other
Grenada,2003,39690,-8.779590898643985,1122.018688886298,2.5,0.9999999999989403,0.8888888889506172,0.956,High,Other
Grenada,2004,24060,-39.38019652305367,31.20242547714422,2.5,0.02860755656101484,0.8888888889506172,0.373,Medium,Other
Grenada,2005,7686,-68.05486284289277,29.642850226195666,2.5,0.02695485373748895,0.8888888889506172,0.372,Medium,Other
Grenada,2006,13223,72.04007285974498,74.00822468641849,2.5,0.07396943645326226,0.8888888889506172,0.4,Medium,Other
Grenada,2007,7267,-45.04272857899115,75.12714969264356,2.5,0.07515517629876003,0.8888888889506172,0.401,Medium,Other
Grenada,2008,21792,199.8761524700702,122.498778182479,2.5,0.12535552675479147,0.8888888889506172,0.431,Medium,Other
Guadeloupe,1994,134761,,,,0.5,0.5,0.5,Medium,Other
Guadeloupe,1995,137443,1.9901900401451567,,,0.5,0.5,0.5,Medium,Other
Guatemala,1993,60082907,,,2.6,0.5,0.8333333334259257,0.633,Medium,Other
Guatemala,1994,66509000,10.695376307274884,,2.6,0.5,0.8333333334259257,0.633,Medium,Other
Guatemala,1995,75833811,14.020374686132708,2.351128901124645,2.6,0.0,0.8333333334259257,0.333,Medium,Other
Guatemala,1996,76424131,0.7784390527333596,6.889002323135672,2.6,0.0028422957492842344,0.8333333334259257,0.335,Medium,Other
Guatemala,1997,71239559,-6.783946290472054,10.530576928606651,2.6,0.006701321230024312,0.8333333334259257,0.337,Medium,Other
Guatemala,1998,87383889,22.662029673709803,15.292409397196547,2.6,0.011747499002600026,0.8333333334259257,0.34,Medium,Other
Guatemala,1999,88525922,1.3069148249970963,15.212760347126881,2.6,0.011663093835320519,0.8333333334259257,0.34,Medium,Other
Guatemala,2000,88066578,-0.5188807861272515,12.888813428462512,2.6,0.009200376097356367,0.8333333334259257,0.339,Medium,Other
Guatemala,2001,76734527,-12.867595468510196,7.71082600397265,2.6,0.0037131933330549574,0.8333333334259257,0.336,Medium,Other
Guatemala,2002,102831614,34.009575637313816,24.297373754437842,2.6,0.021290180582030676,0.8333333334259257,0.346,Medium,Other
Guatemala,2003,106507838,3.5749939702395483,23.784069176607122,2.6,0.020746224832159918,0.8333333334259257,0.346,Medium,Other
Guatemala,2004,131808121,23.754386038706365,15.48461892333862,2.6,0.011951186016978053,0.8333333334259257,0.341,Medium,Other
Guatemala,2005,155171485,17.725284165153976,10.358479990285447,2.6,0.00651894779487867,0.8333333334259257,0.337,Medium,Other
Guatemala,2006,56353871,-63.682843532753466,48.8345889027655,2.6,0.047292596773515314,0.8333333334259257,0.362,Medium,Other
Guatemala,2007,162461595,188.28826151090846,128.58748660817875,2.6,0.13180781278629877,0.8333333334259257,0.412,Medium,Other
Guatemala,2008,195136394,20.112321930607656,128.31875297195987,2.6,0.13152303214548958,0.8333333334259257,0.412,Medium,Other
Guatemala,2009,198289488,1.6158410716557547,102.85253117168264,2.6,0.10453613513730978,0.8333333334259257,0.396,Medium,Other
Guatemala,2010,202665520,2.2068905639617054,10.512481598030817,2.6,0.006682145365366851,0.8333333334259257,0.337,Medium,Other
Guatemala,2011,238869053,17.863686432699556,9.214816649053994,2.6,0.005306992403776719,0.8333333334259257,0.337,Medium,Other
Guatemala,2012,252185842,5.574932722657877,8.2410803559987,2.6,0.004275110986112951,0.8333333334259257,0.336,Medium,Other
Guatemala,2013,265873243,5.427505720166481,7.13785440663518,2.6,0.0031060076418586986,0.8333333334259257,0.335,Medium,Other
Guatemala,2014,294638136,10.819025139735473,3.0711214469507615,2.6,0.0,0.8333333334259257,0.333,Medium,Other
Guatemala,2015,345023836,17.100875224108812,5.842340822389067,2.6,0.0017331345103458373,0.8333333334259257,0.334,Medium,Other
Guinea,1995,66401,,,2.5,0.5,0.8888888889506172,0.656,Medium,Other
Guinea,1996,115711,74.26092980527402,,2.5,0.5,0.8888888889506172,0.656,Medium,Other
Guinea,1997,36478,-68.47490731218294,100.92947834409232,2.5,0.10249825024780866,0.8888888889506172,0.417,Medium,Other
Guinea,1998,2186,-94.00734689401831,90.6822636204483,2.5,0.09163913928362652,0.8888888889506172,0.411,Medium,Other
Guinea,1999,38874,1678.316559926807,1015.9613153871047,2.5,0.9999999999989403,0.8888888889506172,0.956,High,Other
Guinea,2000,6413,-83.50311262026034,1020.2328923829244,2.5,0.9999999999989403,0.8888888889506172,0.956,High,Other
Guinea,2001,50584,688.7728052393576,883.1398053083768,2.5,0.9314170312932947,0.8888888889506172,0.914,High,Other
Guinea,2002,6171,-87.80049027360431,447.11941806495645,2.5,0.4693603753712624,0.8888888889506172,0.637,Medium,Other
Guinea,2004,992,-83.92480959325879,447.2401868073074,2.5,0.46948835562829433,0.8888888889506172,0.637,Medium,Other
Guinea,2005,1665,67.84274193548387,88.76300499105902,2.5,0.08960527515687863,0.8888888889506172,0.409,Medium,Other
Guinea,2006,17905,975.3753753753754,572.8242534917022,2.5,0.6025714764799022,0.8888888889506172,0.717,High,Other
Guinea,2007,45302,153.01312482546777,501.190107977914,2.5,0.5266598111213401,0.8888888889506172,0.672,High,Other
Guinea,2008,82951,83.1067061056907,496.20391585651333,2.5,0.5213758764136884,0.8888888889506172,0.668,High,Other
Guinea,2013,419627,405.873346915649,169.80552784163814,2.5,0.17548712424325652,0.8888888889506172,0.461,Medium,Other
Guinea,2014,207323,-50.5935032779111,234.66857328815624,2.5,0.24422336398978278,0.8888888889506172,0.502,Medium,Other
Guinea,2015,941865,354.29836535261404,249.98646274414364,2.5,0.2604559370182214,0.8888888889506172,0.512,Medium,Other
Guyana,1997,1389000,,,2.4,0.5,0.9444444444753086,0.678,High,Other
Guyana,1998,1632000,17.494600431965445,,2.4,0.5,0.9444444444753086,0.678,High,Other
Guyana,1999,2078316,27.34779411764705,6.967260071489937,2.4,0.0029252265354641313,0.9444444444753086,0.38,Medium,Other
Guyana,2000,1816818,-12.582205978301664,20.80106013849096,2.4,0.01758509012134726,0.9444444444753086,0.388,Medium,Other
Guyana,2001,2004197,10.313581217271084,20.03657650441126,2.4,0.016774956554650562,0.9444444444753086,0.388,Medium,Other
Guyana,2002,2108464,5.202432694989567,12.0182797109327,2.4,0.008277859833994948,0.9444444444753086,0.383,Medium,Other
Guyana,2003,1957711,-7.1498967969099825,8.978464488662649,2.4,0.005056526847473719,0.9444444444753086,0.381,Medium,Other
Guyana,2004,1645254,-15.960323050746506,10.630662298311336,2.4,0.006807383039484266,0.9444444444753086,0.382,Medium,Other
Guyana,2005,2076842,26.232302124778293,22.256880714450933,2.4,0.019127842723360374,0.9444444444753086,0.389,Medium,Other
Guyana,2006,2329458,12.163467418320707,21.482928569556304,2.4,0.01830767524868206,0.9444444444753086,0.389,Medium,Other
Guyana,2007,2442571,4.8557647315384145,10.86501249792665,2.4,0.007055727091085827,0.9444444444753086,0.382,Medium,Other
Guyana,2008,3248206,32.983073982291614,14.594542711372474,2.4,0.011007960309994711,0.9444444444753086,0.384,Medium,Other
Guyana,2009,3052184,-6.034777350943877,20.133480222423422,2.4,0.016877646725112966,0.9444444444753086,0.388,Medium,Other
Guyana,2010,2722418,-10.804263438901451,24.022460457674125,2.4,0.02099885127200869,0.9444444444753086,0.39,Medium,Other
Guyana,2011,3271349,20.16336212881342,16.67375354185047,2.4,0.013211327930855955,0.9444444444753086,0.386,Medium,Other
Guyana,2012,3149846,-3.7141558421311838,16.224463645417014,2.4,0.01273520939796336,0.9444444444753086,0.385,Medium,Other
Guyana,2013,3796914,20.542845586736625,13.896534282976909,2.4,0.010268271410884143,0.9444444444753086,0.384,Medium,Other
Guyana,2014,3749701,-1.2434571865467592,13.348841764337816,2.4,0.009687874298639449,0.9444444444753086,0.384,Medium,Other
Guyana,2015,7671583,104.59185945759408,55.88678133864084,2.4,0.05476589974092921,0.9444444444753086,0.411,Medium,Other
Guyana,2016,5256053,-31.48672184085084,71.45295607870645,2.4,0.07126158401698886,0.9444444444753086,0.421,Medium,Other
Haiti,1993,25251,,,2.1,0.5,1.0,0.7,High,Other
Honduras,1994,3367492,,,2.9,0.5,0.6666666668518517,0.567,Medium,Other
Honduras,1995,2319835,-31.11089796204416,,2.9,0.5,0.6666666668518517,0.567,Medium,Other
Honduras,1996,3386713,45.98939148689454,54.518137500790175,2.9,0.05331552949823566,0.6666666668518517,0.299,Low,Other
Honduras,1997,3340472,-1.3653651785669463,38.88385340242595,2.9,0.03674766882113336,0.6666666668518517,0.289,Low,Other
Honduras,1998,3624138,8.491793974025219,24.985683849762655,2.9,0.02201959202743083,0.6666666668518517,0.28,Low,Other
Honduras,1999,4029978,11.198249073296873,6.6122725396737305,2.9,0.002549041483930196,0.6666666668518517,0.268,Low,Other
Honduras,2000,291803,-92.7591912412425,59.254024199511484,2.9,0.05833421219027949,0.6666666668518517,0.302,Low,Other
Honduras,2001,1113663,281.64892067593547,193.2753430715083,2.9,0.20035840241623704,0.6666666668518517,0.387,Medium,Other
Honduras,2002,3040108,172.9827604939735,192.6173034586629,2.9,0.19966106900736175,0.6666666668518517,0.386,Medium,Other
Honduras,2003,4818956,58.51265810293582,111.58071098622823,2.9,0.11378550442229148,0.6666666668518517,0.335,Medium,Other
Honduras,2004,5825159,20.880103491295632,79.21998040823526,2.9,0.07949240393542445,0.6666666668518517,0.314,Low,Other
Honduras,2005,6177299,6.045156878979618,27.046637167043738,2.9,0.024203611916534504,0.6666666668518517,0.281,Low,Other
Honduras,2006,6978675,12.972919070292699,7.422859909737002,2.9,0.0034080317983784386,0.6666666668518517,0.269,Low,Other
Honduras,2007,6344652,-9.085148685101396,11.280354519720603,2.9,0.007495870605629495,0.6666666668518517,0.271,Low,Other
Honduras,2009,15051342,137.2288030927465,78.8816154670545,2.9,0.07913383406626842,0.6666666668518517,0.314,Low,Other
Honduras,2010,10208931,-32.17261955777764,91.86733713365217,2.9,0.09289497758970797,0.6666666668518517,0.322,Low,Other
Honduras,2011,12362433,21.094294789532817,86.62315912323379,2.9,0.08733765177319516,0.6666666668518517,0.319,Low,Other
Honduras,2012,13660234,10.497941626862616,28.196996460154914,2.9,0.02542266309770563,0.6666666668518517,0.282,Low,Other
Honduras,2014,17953354,31.42786573055776,10.46523699148545,2.9,0.006632079621770055,0.6666666668518517,0.271,Low,Other
Hungary,1992,201615000,,,3.2,0.5,0.5000000002777776,0.5,Medium,Europe
Hungary,1993,218622008,8.435388239962304,,3.2,0.5,0.5000000002777776,0.5,Medium,Europe
Hungary,1994,240465000,9.991213693362466,1.1001347284418903,3.2,0.0,0.5000000002777776,0.2,Low,Europe
Hungary,1995,272476008,13.312127752479563,2.4910389834510323,3.2,0.0,0.5000000002777776,0.2,Low,Europe
Hungary,1996,290800000,6.724992829460419,3.2936053045735227,3.2,0.0,0.5000000002777776,0.2,Low,Europe
Hungary,1997,362136008,24.53095185694636,9.002819351639534,3.2,0.00508233602262189,0.5000000002777776,0.203,Low,Europe
Hungary,1998,307430992,-15.106207278896166,19.852614686818633,3.2,0.01658000974770978,0.5000000002777776,0.21,Low,Europe
Hungary,1999,304242000,-1.0373033568456869,20.094668101288278,3.2,0.01683651699947256,0.5000000002777776,0.21,Low,Europe
Hungary,2000,358622000,17.873929306275915,16.549210391955317,3.2,0.013079347883495409,0.5000000002777776,0.208,Low,Europe
Hungary,2001,433613000,20.91087551795483,11.892436805603161,3.2,0.008144502418357366,0.5000000002777776,0.205,Low,Europe
Hungary,2002,421509000,-2.7914292237548266,12.897540692810507,3.2,0.00920962449650916,0.5000000002777776,0.206,Low,Europe
Hungary,2003,711460000,68.78880403502654,36.464194955545665,3.2,0.03418352429223353,0.5000000002777776,0.221,Low,Europe
Hungary,2004,1081311000,51.98479183650522,37.43113457402381,3.2,0.03520820318263392,0.5000000002777776,0.221,Low,Europe
Hungary,2005,1390842000,28.62552956549966,20.170599792471172,3.2,0.01691698283165138,0.5000000002777776,0.21,Low,Europe
Hungary,2006,1866040000,34.16621010869674,12.205573382120553,3.2,0.008476337450905338,0.5000000002777776,0.205,Low,Europe
Hungary,2007,2384532000,27.785685194315235,3.4668808659614574,3.2,0.0,0.5000000002777776,0.2,Low,Europe
Hungary,2008,3280431000,37.57127184705426,4.967615956763292,3.2,0.0008061768311003153,0.5000000002777776,0.2,Low,Europe
Hungary,2009,3047140000,-7.111596006744236,23.488070095987393,3.2,0.020432550634006442,0.5000000002777776,0.212,Low,Europe
Hungary,2010,3288752000,7.929140111711308,22.73557563394301,3.2,0.019635122153814834,0.5000000002777776,0.212,Low,Europe
Hungary,2011,4465033000,35.76678934744852,21.755131151598874,3.2,0.018596131977935217,0.5000000002777776,0.211,Low,Europe
Hungary,2012,4451905000,-0.2940179837416679,18.898575208253025,3.2,0.015569001308699506,0.5000000002777776,0.209,Low,Europe
Hungary,2013,4678749069,5.095438222513726,19.451477422059764,3.2,0.016154919204829456,0.5000000002777776,0.21,Low,Europe
Hungary,2014,4687995528,0.19762673448902035,2.979835289081592,3.2,0.0,0.5000000002777776,0.2,Low,Europe
Hungary,2015,4674132496,-0.2957134220201385,2.980393093106221,3.2,0.0,0.5000000002777776,0.2,Low,Europe
Hungary,2016,4507183146,-3.5717718773028095,2.0487520350623094,3.2,0.0,0.5000000002777776,0.2,Low,Europe
Iceland,1988,290679,,,3.6,0.5,0.27777777817901217,0.411,Medium,Other
Iceland,1989,119699,-58.82089865452957,,3.6,0.5,0.27777777817901217,0.411,Medium,Other
Iceland,1990,618410,416.6375658944519,336.1999044551285,3.6,0.3518174782166779,0.27777777817901217,0.322,Low,Other
Iceland,1991,207030,-66.52221018418201,276.75603905814097,3.6,0.2888240162961059,0.27777777817901217,0.284,Low,Other
Iceland,1992,450627,117.66265758585712,243.84196744816614,3.6,0.25394453289159963,0.27777777817901217,0.263,Low,Other
Iceland,1993,724949,60.875624407769614,94.3212956789666,3.6,0.0954954703932389,0.27777777817901217,0.168,Low,Other
Iceland,1994,462813,-36.15923327020245,77.78357243905147,3.6,0.07797022313333665,0.27777777817901217,0.158,Low,Other
Iceland,1995,10544448,2178.3387674935666,1251.4702900534032,3.6,0.9999999999989403,0.27777777817901217,0.711,High,Other
Iceland,1996,6798386,-35.52639265706464,1278.3583706719824,3.6,0.9999999999989403,0.27777777817901217,0.711,High,Other
Iceland,1997,5298639,-22.06033902752801,1274.3061190250405,3.6,0.9999999999989403,0.27777777817901217,0.711,High,Other
Iceland,1998,5415154,2.1989609029790413,19.118274567815305,3.6,0.015801819668476998,0.27777777817901217,0.121,Low,Other
Iceland,1999,6954768,28.431582924511467,25.252386928941384,3.6,0.022302220859693744,0.27777777817901217,0.124,Low,Other
Iceland,2000,15014471,115.88744585009883,59.52835462723525,3.6,0.05862492382615751,0.27777777817901217,0.146,Low,Other
Iceland,2001,35907799,139.15460624620076,58.380185860233574,3.6,0.05740819397490232,0.27777777817901217,0.146,Low,Other
Iceland,2002,66620005,85.53073943629906,26.88992831538025,3.6,0.024037545443334047,0.27777777817901217,0.126,Low,Other
Iceland,2003,67609001,1.4845330618032726,69.39300270703075,3.6,0.06907862378366285,0.27777777817901217,0.153,Low,Other
Iceland,2004,126780441,87.52006260231533,49.108442172942794,3.6,0.0475828027591377,0.27777777817901217,0.14,Low,Other
Iceland,2005,91837152,-27.562050363904323,59.84662212243444,3.6,0.058962196162091474,0.27777777817901217,0.146,Low,Other
Iceland,2006,80246526,-12.620846517540096,62.57706445722159,3.6,0.06185568254784472,0.27777777817901217,0.148,Low,Other
Iceland,2007,89647247,11.714801211456805,19.82479252704171,3.6,0.016550526231610158,0.27777777817901217,0.121,Low,Other
Iceland,2008,109077410,21.674020843049433,17.6425042314513,3.6,0.014237926037630326,0.27777777817901217,0.12,Low,Other
Iceland,2009,94833656,-13.058390366987993,17.88499121757246,3.6,0.014494892751090912,0.27777777817901217,0.12,Low,Other
Iceland,2010,127205168,34.13504589552048,24.45689391591184,3.6,0.021459226237966183,0.27777777817901217,0.124,Low,Other
Iceland,2011,123236492,-3.119901543622816,24.879459717636674,3.6,0.02190702488904849,0.27777777817901217,0.124,Low,Other
Iceland,2012,121036894,-1.784859309367548,21.13430480044556,3.6,0.01793823396189123,0.27777777817901217,0.122,Low,Other
Iceland,2013,92843624,-23.293120856191173,12.050908886655975,3.6,0.008312437409404905,0.27777777817901217,0.116,Low,Other
Iceland,2014,81816578,-11.877009454090249,10.760920103593088,3.6,0.0069454189838508516,0.27777777817901217,0.115,Low,Other
Iceland,2015,72264422,-11.67508619096731,6.650151652804863,3.6,0.002589182488467427,0.27777777817901217,0.113,Low,Other
Iceland,2016,70475831,-2.475064423818407,5.370874290599911,3.6,0.0012335150993478866,0.27777777817901217,0.112,Low,Other
India,1988,244312903,,,3.4,0.5,0.38888888922839493,0.456,Medium,Asia Pacific
India,1989,416661490,70.5442016707566,,3.4,0.5,0.38888888922839493,0.456,Medium,Asia Pacific
India,1990,423148255,1.5568429422167185,48.78142917309951,3.4,0.04723626269456438,0.38888888922839493,0.184,Low,Asia Pacific
India,1991,454326955,7.368268598909844,38.262747008898835,3.4,0.03608947404042758,0.38888888922839493,0.177,Low,Asia Pacific
India,1992,386774244,-14.86874381028086,11.532976554310086,3.4,0.007763577565968188,0.38888888922839493,0.16,Low,Asia Pacific
India,1993,430720416,11.36222814257508,14.13329593144295,3.4,0.010519170907195386,0.38888888922839493,0.162,Low,Asia Pacific
India,1994,525801906,22.074990287899432,19.007308469335587,3.4,0.015684227404710604,0.38888888922839493,0.165,Low,Asia Pacific
India,1995,634225987,20.6207090089932,5.810875934749444,3.4,0.0016997907466433156,0.38888888922839493,0.157,Low,Asia Pacific
India,1996,695690439,9.691254104981972,6.769106789735887,3.4,0.0027152408434966183,0.38888888922839493,0.157,Low,Asia Pacific
India,1997,787629561,13.215521853678936,5.578384540177555,3.4,0.0014534164956921452,0.38888888922839493,0.156,Low,Asia Pacific
India,1998,736366284,-6.508551676871354,10.518976876522013,3.4,0.00668902849915309,0.38888888922839493,0.16,Low,Asia Pacific
India,1999,863665794,17.287525619518984,12.727094365979966,3.4,0.009029000236512008,0.38888888922839493,0.161,Low,Asia Pacific
India,2000,891504155,3.223279327883155,11.963589575267376,3.4,0.008219903963267888,0.38888888922839493,0.16,Low,Asia Pacific
India,2001,1066429193,19.62133737896039,8.870794862231886,3.4,0.004942427899377518,0.38888888922839493,0.159,Low,Asia Pacific
India,2002,1261328578,18.275886132835815,9.103914163028119,3.4,0.005189467550981366,0.38888888922839493,0.159,Low,Asia Pacific
India,2003,1572049532,24.634417979547287,3.350923838021443,3.4,0.0,0.38888888922839493,0.156,Low,Asia Pacific
India,2004,1918073185,22.01098921862723,3.1954212234266897,3.4,0.0,0.38888888922839493,0.156,Low,Asia Pacific
India,2005,2357971663,22.93439486251929,1.3307350753889733,3.4,0.0,0.38888888922839493,0.156,Low,Asia Pacific
India,2006,3002965389,27.35375221512999,2.8556526933447923,3.4,0.0,0.38888888922839493,0.156,Low,Asia Pacific
India,2007,3847838248,28.134618603824336,2.804246740412907,3.4,0.0,0.38888888922839493,0.156,Low,Asia Pacific
India,2008,5046516170,31.151983132945873,2.005858050961601,3.4,0.0,0.38888888922839493,0.156,Low,Asia Pacific
India,2009,5145922882,1.9698086492012656,16.048369991283938,3.4,0.012548600589434423,0.38888888922839493,0.163,Low,Asia Pacific
India,2010,6133170257,19.18504022773655,14.669533214562145,3.4,0.011087428752626008,0.38888888922839493,0.162,Low,Asia Pacific
India,2011,8326689019,35.764843793411096,16.898513174129302,3.4,0.01344950872954197,0.38888888922839493,0.164,Low,Asia Pacific
India,2012,9663720980,16.057186211099438,10.591388989861784,3.4,0.006765764587457472,0.38888888922839493,0.16,Low,Asia Pacific
India,2013,11731786267,21.400300063299227,10.192159973835368,3.4,0.006342696241368357,0.38888888922839493,0.159,Low,Asia Pacific
India,2014,11635458049,-0.8210873928973572,11.598958616813801,3.4,0.007833499643107863,0.38888888922839493,0.16,Low,Asia Pacific
India,2015,12592415392,8.224492228582658,11.174483457594537,3.4,0.0073836776202644,0.38888888922839493,0.16,Low,Asia Pacific
India,2016,13114718535,4.147759796200989,4.53011589995918,3.4,0.0003425521494870877,0.38888888922839493,0.156,Low,Asia Pacific
Indonesia,1989,173169008,,,3.0,0.5,0.6111111113271603,0.544,Medium,Asia Pacific
Indonesia,1990,203754471,17.662203735670758,,3.0,0.5,0.6111111113271603,0.544,Medium,Asia Pacific
Indonesia,1991,309733245,52.01298085871204,24.289667442730217,3.0,0.021282014100092457,0.6111111113271603,0.257,Low,Asia Pacific
Indonesia,1992,197224162,-36.32450982134643,44.53098806691377,3.0,0.04273201321179581,0.6111111113271603,0.27,Low,Asia Pacific
Indonesia,1993,173959616,-11.795991811591522,45.60106988628636,3.0,0.043865993276691786,0.6111111113271603,0.271,Low,Asia Pacific
Indonesia,1994,207124783,19.064865606509507,27.754950389144415,3.0,0.024954220943828646,0.6111111113271603,0.259,Low,Asia Pacific
Indonesia,1995,312300658,50.77899103942573,31.28846100231471,3.0,0.028698729561667625,0.6111111113271603,0.262,Low,Asia Pacific
Indonesia,1996,309981870,-0.7424857875259372,25.989034532701353,3.0,0.023082856211490466,0.6111111113271603,0.258,Low,Asia Pacific
Indonesia,1997,344493057,11.133292085759727,26.979245480092207,3.0,0.024132196041449783,0.6111111113271603,0.259,Low,Asia Pacific
Indonesia,1998,209418651,-39.20961634939424,26.315909837554376,3.0,0.02342925035883469,0.6111111113271603,0.259,Low,Asia Pacific
Indonesia,1999,251389692,20.04169198855168,31.9491407247433,3.0,0.029398860730099494,0.6111111113271603,0.262,Low,Asia Pacific
Indonesia,2000,278883624,10.93677778960005,31.90683794912928,3.0,0.029354031911061906,0.6111111113271603,0.262,Low,Asia Pacific
Indonesia,2001,206147977,-26.0810032359591,24.428530414932297,3.0,0.021429169055329142,0.6111111113271603,0.257,Low,Asia Pacific
Indonesia,2002,221850671,7.6171952926804565,20.48130987056945,3.0,0.01724624647126008,0.6111111113271603,0.255,Low,Asia Pacific
Indonesia,2003,292166643,31.6951811247846,29.021272270219484,3.0,0.026296159235727343,0.6111111113271603,0.26,Low,Asia Pacific
Indonesia,2004,205960622,-29.505771129389334,30.831316856195674,3.0,0.02821428777497619,0.6111111113271603,0.261,Low,Asia Pacific
Indonesia,2005,268693682,30.45876410297499,34.98292623910261,3.0,0.03261380395422672,0.6111111113271603,0.264,Low,Asia Pacific
Indonesia,2006,151305588,-43.688445938226415,39.35882473529228,3.0,0.037251002316868564,0.6111111113271603,0.267,Low,Asia Pacific
Indonesia,2007,395660610,161.49768506897445,103.89927487919225,3.0,0.10564538349185817,0.6111111113271603,0.308,Low,Asia Pacific
Indonesia,2008,368066331,-6.974229504422991,109.4166867576106,3.0,0.11149225890519346,0.6111111113271603,0.311,Low,Asia Pacific
Indonesia,2009,435736009,18.38518557678126,90.83600006255773,3.0,0.09180205585453168,0.6111111113271603,0.3,Low,Asia Pacific
Indonesia,2010,667169467,53.113227555173204,30.165209897061274,3.0,0.027508405290971587,0.6111111113271603,0.261,Low,Asia Pacific
Indonesia,2011,818956246,22.75085814141431,18.916348630272637,3.0,0.015587836042539804,0.6111111113271603,0.254,Low,Asia Pacific
Indonesia,2012,982598123,19.98176066172892,18.381310597909664,3.0,0.015020849059229954,0.6111111113271603,0.253,Low,Asia Pacific
Indonesia,2013,1120058466,13.989477466160395,4.47841396933869,3.0,0.0002877629197488921,0.6111111113271603,0.245,Low,Asia Pacific
Indonesia,2014,1019533488,-8.974975954514141,15.284884550151157,3.0,0.011739524821199705,0.6111111113271603,0.251,Low,Asia Pacific
Indonesia,2015,890061423,-12.69914784790277,14.454055361479536,3.0,0.010859083979919254,0.6111111113271603,0.251,Low,Asia Pacific
Indonesia,2016,923001906,3.7009224474612523,8.597578751035982,3.0,0.004652897119678623,0.6111111113271603,0.247,Low,Asia Pacific
Iran,1997,2602532,,,,0.5,0.5,0.5,Medium,Other
Iran,1998,44045683,1592.4165773946295,,,0.5,0.5,0.5,Medium,Other
Iran,1999,9852467,-77.63125389609692,1180.90214641156,,0.9999999999989403,0.5,0.8,High,Other
Iran,2000,8787396,-10.81019606561483,945.5034725573627,,0.9975046464212857,0.5,0.799,High,Other
Iran,2001,11990929,36.455999024056716,57.3222589789615,,0.056287094661035375,0.5,0.234,Low,Other
Iran,2002,34769974,189.96897571489248,104.97031567035401,,0.10678037979202891,0.5,0.264,Low,Other
Iran,2003,45420347,30.630948990643468,90.35925702508342,,0.09129684485964644,0.5,0.255,Low,Other
Iran,2004,59137103,30.199584340471898,92.11862936452454,,0.09316127533920117,0.5,0.256,Low,Other
Iran,2005,54876095,-7.205303918928863,21.721317391742804,,0.018560299082822165,0.5,0.211,Low,Other
Iran,2006,57325209,4.462988847876304,19.138299599406263,,0.015823040463197508,0.5,0.209,Low,Other
Iran,2010,386695494,574.5644730226801,332.5677687021337,,0.34796845521457986,0.5,0.409,Medium,Other
Iran,2011,1141387374,195.16438430492803,290.2088764455179,,0.30308016861772663,0.5,0.382,Medium,Other
Iraq,2011,225000,,,2.4,0.5,0.9444444444753086,0.678,High,Other
Iraq,2012,90000,-60.0,,2.4,0.5,0.9444444444753086,0.678,High,Other
Ireland,1992,1400806227,,,3.6,0.5,0.27777777817901217,0.411,Medium,Other
Ireland,1993,1218386355,-13.022491511240265,,3.6,0.5,0.27777777817901217,0.411,Medium,Other
Ireland,1994,1743929960,43.134396806339815,39.70891653969648,3.6,0.03762199930036147,0.27777777817901217,0.134,Low,Other
Ireland,1995,1927169633,10.50728396225271,28.200989734070642,3.6,0.025426894823665388,0.27777777817901217,0.126,Low,Other
Ireland,1996,2469329538,28.132443336398303,16.331122350791432,3.6,0.012848237059449206,0.27777777817901217,0.119,Low,Other
Ireland,1997,3010284471,21.906955903428702,8.938264718878886,3.6,0.005013926611937596,0.27777777817901217,0.114,Low,Other
Ireland,1998,4342868272,44.26770339606221,11.54055414181055,3.6,0.007771607637136549,0.27777777817901217,0.116,Low,Other
Ireland,1999,4401065798,1.3400711777333818,21.470062038496994,3.6,0.01829404041304475,0.27777777817901217,0.122,Low,Other
Ireland,2000,4221170973,-4.087528640943072,26.490466565088475,3.6,0.02361423046562055,0.27777777817901217,0.125,Low,Other
Ireland,2001,7324019349,73.50681590124732,43.31739486763694,3.6,0.041445952211637764,0.27777777817901217,0.136,Low,Other
Ireland,2002,13564578992,85.20676073653557,48.53047346686724,3.6,0.04697032156474859,0.27777777817901217,0.139,Low,Other
Ireland,2003,13988980060,3.12874486005279,44.39737657949391,3.6,0.04259042332545977,0.27777777817901217,0.137,Low,Other
Ireland,2004,17776741000,27.076748438799324,42.20862055584296,3.6,0.04027096919325481,0.27777777817901217,0.135,Low,Other
Ireland,2005,16515733472,-7.093581033778918,17.538596667312056,3.6,0.014127813797432758,0.27777777817901217,0.12,Low,Other
Ireland,2006,16802973104,1.7391878628156165,17.73706664298821,3.6,0.01433813509419968,0.27777777817901217,0.12,Low,Other
Ireland,2007,18760188613,11.648030957890887,9.375953266288528,3.6,0.005477751039575121,0.27777777817901217,0.114,Low,Other
Ireland,2008,22603488315,20.48646621461343,9.378730856481182,3.6,0.005480694489178598,0.27777777817901217,0.114,Low,Other
Ireland,2009,28693503410,26.942810818092088,7.678244313189385,3.6,0.0036786660780731935,0.27777777817901217,0.113,Low,Other
Ireland,2010,30907653651,7.716555937286995,9.784374199640187,3.6,0.005910560183812838,0.27777777817901217,0.115,Low,Other
Ireland,2011,35179756682,13.822152529723898,9.824110310959238,3.6,0.005952669074251432,0.27777777817901217,0.115,Low,Other
Ireland,2012,29234935403,-16.898414996831722,16.26308894906263,3.6,0.012776141150602952,0.27777777817901217,0.119,Low,Other
Ireland,2013,25973776641,-11.155005875830836,16.33298533388299,3.6,0.012850211287633277,0.27777777817901217,0.119,Low,Other
Ireland,2014,27111796873,4.381419951858745,11.009076946426159,3.6,0.007208394120560696,0.27777777817901217,0.115,Low,Other
Ireland,2015,31753547786,17.120779322534,14.16093119147753,3.6,0.010548456363129777,0.27777777817901217,0.117,Low,Other
Ireland,2016,31679071245,-0.234545574251821,8.988935023928352,3.6,0.0050676226142133685,0.27777777817901217,0.114,Low,Other
Israel,1995,588597000,,,3.6,0.5,0.27777777817901217,0.411,Medium,Middle East & Africa
Israel,1996,643185000,9.274257259211316,,3.6,0.5,0.27777777817901217,0.411,Medium,Middle East & Africa
Israel,1997,779718000,21.227640569975968,8.45231839716379,3.6,0.004498962773230815,0.27777777817901217,0.114,Low,Middle East & Africa
Israel,1998,806878024,3.483313710854441,9.048752542364285,3.6,0.005131012041273878,0.27777777817901217,0.114,Low,Middle East & Africa
Israel,1999,821966000,1.8699203040879908,10.740775172682753,3.6,0.006924071130212499,0.27777777817901217,0.115,Low,Middle East & Africa
Israel,2000,835186000,1.6083390310548173,1.0154632027872128,3.6,0.0,0.27777777817901217,0.111,Low,Middle East & Africa
Israel,2001,1014355000,21.452586609449863,11.382321133686476,3.6,0.0076039259948800465,0.27777777817901217,0.116,Low,Middle East & Africa
Israel,2002,1270934000,25.29479324299677,12.71223050780843,3.6,0.009013248806528979,0.27777777817901217,0.117,Low,Middle East & Africa
Israel,2003,1368382000,7.667431983092743,9.269276355021933,3.6,0.005364704085061005,0.27777777817901217,0.114,Low,Middle East & Africa
Israel,2004,1838457000,34.35261498616615,13.569985210171964,3.6,0.009922222976019428,0.27777777817901217,0.117,Low,Middle East & Africa
Israel,2005,2789859000,51.75002733270346,22.203769053250422,3.6,0.019071559583207408,0.27777777817901217,0.123,Low,Middle East & Africa
Israel,2006,3788097000,35.780948069418564,9.658515968384554,3.6,0.005777186527085696,0.27777777817901217,0.115,Low,Middle East & Africa
Israel,2007,4593932000,21.27281851547096,15.244439275576287,3.6,0.011696664420941676,0.27777777817901217,0.118,Low,Middle East & Africa
Israel,2008,7359027000,60.19015954089002,19.66746408115828,3.6,0.016383803166099636,0.27777777817901217,0.121,Low,Middle East & Africa
Israel,2009,5639297000,-23.368986144499814,41.81224099762324,3.6,0.03985092045584426,0.27777777817901217,0.135,Low,Middle East & Africa
Israel,2010,8229398000,45.92950149637447,44.69857862178471,3.6,0.042909611171921824,0.27777777817901217,0.137,Low,Middle East & Africa
Israel,2011,9149933000,11.185933649095592,34.64928661606346,3.6,0.03226024156812093,0.27777777817901217,0.13,Low,Middle East & Africa
Israel,2012,8335590000,-8.899988666583681,27.73936064379728,3.6,0.02493770028146395,0.27777777817901217,0.126,Low,Middle East & Africa
Israel,2013,7792560000,-6.514595847444515,10.9730208438013,3.6,0.007170184984722461,0.27777777817901217,0.115,Low,Middle East & Africa
Israel,2014,7708531000,-1.0783234264477914,4.008773791440412,3.6,0.0,0.27777777817901217,0.111,Low,Middle East & Africa
Israel,2015,7750688000,0.5468875976499366,3.6981733588687287,3.6,0.0,0.27777777817901217,0.111,Low,Middle East & Africa
Israel,2016,7771397000,0.2671891837215057,0.8689022058249428,3.6,0.0,0.27777777817901217,0.111,Low,Middle East & Africa
Italy,1994,1754516582,,,3.7,0.5,0.2222222226543208,0.389,Medium,Europe
Italy,1995,2431548896,38.587968956568105,,3.7,0.5,0.2222222226543208,0.389,Medium,Europe
Italy,1996,3013840237,23.947342451467613,10.352486282576061,3.7,0.0065125961823811855,0.2222222226543208,0.093,Low,Europe
Italy,1997,3342335457,10.89955651819774,13.851840103873018,3.7,0.010220908389474793,0.2222222226543208,0.095,Low,Europe
Italy,1998,3882846162,16.171647399065957,6.563803439628997,3.7,0.002497678128138952,0.2222222226543208,0.09,Low,Europe
Italy,1999,4664616693,20.13395582474793,4.632655121870879,3.7,0.00045121433906244855,0.2222222226543208,0.089,Low,Europe
Italy,2000,5504916197,18.01433127958838,1.982766592256489,3.7,0.0,0.2222222226543208,0.089,Low,Europe
Italy,2001,6422597754,16.670218476715526,1.746278130551002,3.7,0.0,0.2222222226543208,0.089,Low,Europe
Italy,2002,8050340476,25.343992950301764,4.668421272275526,3.7,0.0004891162086416557,0.2222222226543208,0.089,Low,Europe
Italy,2003,9113442619,13.205679264987147,6.252680154559536,3.7,0.002167976607557492,0.2222222226543208,0.09,Low,Europe
Italy,2004,10184768450,11.755446056866203,7.4620198578772925,3.7,0.0034495301209641694,0.2222222226543208,0.091,Low,Europe
Italy,2005,11830871021,16.16239563109556,2.2459798373000703,3.7,0.0,0.2222222226543208,0.089,Low,Europe
Italy,2006,13022775221,10.07452619409297,3.144011514420615,3.7,0.0,0.2222222226543208,0.089,Low,Europe
Italy,2007,14646438651,12.467875721157707,3.0670222693903706,3.7,0.0,0.2222222226543208,0.089,Low,Europe
Italy,2008,15731571929,7.4088541512165484,2.5307320628625827,3.7,0.0,0.2222222226543208,0.089,Low,Europe
Italy,2009,15157212951,-3.6509954669006195,8.243502301790116,3.7,0.004277677554571553,0.2222222226543208,0.091,Low,Europe
Italy,2010,16760664392,10.578801301951835,7.470563952347299,3.7,0.0034585844125390474,0.2222222226543208,0.091,Low,Europe
Italy,2011,19404393265,15.773413339520559,10.056331072038406,3.7,0.00619875653125836,0.2222222226543208,0.093,Low,Europe
Italy,2012,20510867835,5.702185865279108,5.036450389840791,3.7,0.0008791216036169314,0.2222222226543208,0.089,Low,Europe
Italy,2013,24094148560,17.470156571753858,6.361258981555111,3.7,0.0022830390476940446,0.2222222226543208,0.09,Low,Europe
Italy,2014,25823716031,7.1783714070367655,6.410734489625367,3.7,0.0023354689075763147,0.2222222226543208,0.09,Low,Europe
Italy,2015,20229715214,-21.66226119542477,20.285664277562518,3.7,0.017038918210712028,0.2222222226543208,0.099,Low,Europe
Italy,2016,21549234008,6.522676073496214,16.465128373492895,3.7,0.012990245040117969,0.2222222226543208,0.097,Low,Europe
Jamaica,1991,3028605,,,2.5,0.5,0.8888888889506172,0.656,Medium,Other
Jamaica,1992,3975265,31.257295025267418,,2.5,0.5,0.8888888889506172,0.656,Medium,Other
Jamaica,1993,3988409,0.33064462369174485,21.86844421833982,2.5,0.018716211355465247,0.8888888889506172,0.367,Medium,Other
Jamaica,1996,2637920,-33.86034381127914,32.57245329740176,2.5,0.030059393428438524,0.8888888889506172,0.374,Medium,Other
Jamaica,1997,2934505,11.24313853338994,23.531646539307406,2.5,0.020478729175805177,0.8888888889506172,0.368,Medium,Other
Jamaica,1998,2966107,1.076910756669358,23.658289821151765,2.5,0.02061293476117687,0.8888888889506172,0.368,Medium,Other
Jamaica,1999,2522129,-14.968374370850412,13.215185524998201,2.5,0.009546236988093464,0.8888888889506172,0.361,Medium,Other
Jamaica,2000,2064811,-18.132220834065194,10.299286672195326,2.5,0.006456219841301624,0.8888888889506172,0.359,Medium,Other
Jamaica,2001,2725229,31.98442859903401,28.06615453285252,2.5,0.02528400815139463,0.8888888889506172,0.371,Medium,Other
Jamaica,2002,2228635,-18.22210170227897,28.96084228133824,2.5,0.026232120765516353,0.8888888889506172,0.371,Medium,Other
Jamaica,2003,2614116,17.296730958636108,25.813470709645948,2.5,0.022896808872065074,0.8888888889506172,0.369,Medium,Other
Jamaica,2004,2186134,-16.371959010235205,19.99412907911965,2.5,0.016729974448408375,0.8888888889506172,0.366,Medium,Other
Jamaica,2005,3211978,46.92502838343853,31.669978701254337,2.5,0.029103028987347228,0.8888888889506172,0.373,Medium,Other
Jamaica,2006,2745538,-14.521892740236698,36.02234370011998,2.5,0.033715288587046276,0.8888888889506172,0.376,Medium,Other
Jamaica,2007,3429633,24.91661015072455,31.13275364993589,2.5,0.028533724390699632,0.8888888889506172,0.373,Medium,Other
Jamaica,2008,4019946,17.212133193260026,20.903759141265724,2.5,0.017693921632847533,0.8888888889506172,0.366,Medium,Other
Jamaica,2009,4073409,1.3299432380434961,12.027286885879155,2.5,0.008287404858165434,0.8888888889506172,0.361,Medium,Other
Jamaica,2010,5886112,44.50088365788949,21.835177872828233,2.5,0.01868095856267955,0.8888888889506172,0.367,Medium,Other
Jamaica,2011,3142314,-46.614777292718856,45.578668245084806,2.5,0.04384225395687192,0.8888888889506172,0.382,Medium,Other
Jamaica,2012,5653088,79.90207216719907,65.2710004718806,2.5,0.06471048269622942,0.8888888889506172,0.394,Medium,Other
Jamaica,2013,3754921,-33.57752435483049,69.58699829258413,2.5,0.06928420350916864,0.8888888889506172,0.397,Medium,Other
Jamaica,2014,4169080,11.029766005729558,57.17053981453667,2.5,0.05612631582636523,0.8888888889506172,0.389,Medium,Other
Jamaica,2015,2598734,-37.66648757039922,27.0118957925338,2.5,0.024166796015723805,0.8888888889506172,0.37,Medium,Other
Jamaica,2016,3389222,30.41819593694468,35.077914361801945,2.5,0.0327144641426281,0.8888888889506172,0.375,Medium,Other
Japan,1988,350795529,,,3.9,0.5,0.11111111160493814,0.344,Medium,Asia Pacific
Japan,1989,346899406,-1.1106535511175242,,3.9,0.5,0.11111111160493814,0.344,Medium,Asia Pacific
Japan,1990,393702173,13.491740311599143,10.325451721883779,3.9,0.006483947295601441,0.11111111160493814,0.048,Low,Asia Pacific
Japan,1991,506452221,28.638411401402152,14.875362276674217,3.9,0.01130554857205082,0.11111111160493814,0.051,Low,Asia Pacific
Japan,1992,609474614,20.341976740980662,7.58483368655001,3.9,0.003579677583417151,0.11111111160493814,0.047,Low,Asia Pacific
Japan,1993,698392883,14.58933103323643,7.062818369280196,3.9,0.003026490946061333,0.11111111160493814,0.046,Low,Asia Pacific
Japan,1994,744827197,6.648738142997379,6.875690648808097,3.9,0.002828189189351548,0.11111111160493814,0.046,Low,Asia Pacific
Japan,1995,995331922,33.63259639403313,13.86739327320402,3.9,0.010237390291744327,0.11111111160493814,0.051,Low,Asia Pacific
Japan,1996,1059923949,6.48949617432244,15.625309883080913,3.9,0.012100278115143394,0.11111111160493814,0.052,Low,Asia Pacific
Japan,1997,1186132105,11.907284114022797,14.36482688932002,3.9,0.01076452737049163,0.11111111160493814,0.051,Low,Asia Pacific
Japan,1998,1128445343,-4.863434836375157,8.558606611733593,3.9,0.004611597820638882,0.11111111160493814,0.047,Low,Asia Pacific
Japan,1999,1671302415,48.10663408444764,27.07236645816558,3.9,0.024230877591633237,0.11111111160493814,0.059,Low,Asia Pacific
Japan,2000,1979878527,18.463212236787196,26.547734128015975,3.9,0.023674917670607393,0.11111111160493814,0.059,Low,Asia Pacific
Japan,2001,2027040031,2.3820402795852846,23.195096568654,3.9,0.020122082655274577,0.11111111160493814,0.057,Low,Asia Pacific
Japan,2002,2038307063,0.5558366794779834,9.854044943208674,3.9,0.00598439120578036,0.11111111160493814,0.048,Low,Asia Pacific
Japan,2003,2515932025,23.432434232800368,12.713462816972642,3.9,0.009014554701088353,0.11111111160493814,0.05,Low,Asia Pacific
Japan,2004,2843084964,13.003250316351455,11.453126931302918,3.9,0.007678959848855046,0.11111111160493814,0.049,Low,Asia Pacific
Japan,2005,2644809645,-6.973949829520465,15.45102259062865,3.9,0.011915583532329679,0.11111111160493814,0.052,Low,Asia Pacific
Japan,2006,2582285678,-2.3640252189113586,10.460187123568527,3.9,0.006626728208967336,0.11111111160493814,0.048,Low,Asia Pacific
Japan,2007,2598479677,0.6271188016866658,3.8291555162067907,3.9,0.0,0.11111111160493814,0.044,Low,Asia Pacific
Japan,2008,3184082799,22.536374911197733,13.595295586241376,3.9,0.009949044721215102,0.11111111160493814,0.05,Low,Asia Pacific
Japan,2009,3542809352,11.266244493160249,10.956142404991336,3.9,0.007152298676600445,0.11111111160493814,0.049,Low,Asia Pacific
Japan,2010,3751833750,5.899961788290997,8.491005744356565,3.9,0.004539960274249979,0.11111111160493814,0.047,Low,Asia Pacific
Japan,2011,4008515320,6.841496374939315,2.865364239677473,3.9,0.0,0.11111111160493814,0.044,Low,Asia Pacific
Japan,2012,3585736551,-10.547016420034538,9.77880323952409,3.9,0.005904656562613396,0.11111111160493814,0.048,Low,Asia Pacific
Japan,2013,3396712729,-5.271547959854561,8.91549949761656,3.9,0.004989802001447943,0.11111111160493814,0.047,Low,Asia Pacific
Japan,2014,3035513275,-10.63379457780458,3.071150346768506,3.9,0.0,0.11111111160493814,0.044,Low,Asia Pacific
Japan,2015,3524329103,16.103234732188753,14.145103747983109,3.9,0.010531683808848403,0.11111111160493814,0.051,Low,Asia Pacific
Japan,2016,4164971040,18.177699025175297,16.068988259277923,3.9,0.012570450044732683,0.11111111160493814,0.052,Low,Asia Pacific
Jordan,1994,398733681,,,2.69,0.5,0.7833333334537036,0.613,Medium,Other
Jordan,1995,479065007,20.14661159261337,,2.69,0.5,0.7833333334537036,0.613,Medium,Other
Jordan,1997,300746092,-37.22227931375501,40.56593178904434,2.69,0.03853018986156746,0.7833333334537036,0.336,Medium,Other
Jordan,1998,445752482,48.21555253991463,43.54820739055705,2.69,0.041690547339768444,0.7833333334537036,0.338,Medium,Other
Jordan,1999,436999916,-1.9635484609595522,42.93550083257003,2.69,0.0410412539775135,0.7833333334537036,0.338,Medium,Other
Jordan,2000,222398816,-49.10781264314934,48.669568235007084,2.69,0.04711772215725131,0.7833333334537036,0.342,Medium,Other
Jordan,2001,474504008,113.35725456380126,83.58266099907202,2.69,0.08411559510637447,0.7833333334537036,0.364,Medium,Other
Jordan,2002,500441422,5.466215998748747,82.67778708880573,2.69,0.0831566880799117,0.7833333334537036,0.363,Medium,Other
Jordan,2003,519191077,3.746623316085129,62.79321046652885,2.69,0.06208473537466965,0.7833333334537036,0.351,Medium,Other
Jordan,2004,653931278,25.95194851547882,12.353803078081638,2.69,0.008633418449014453,0.7833333334537036,0.319,Low,Other
Jordan,2005,757825950,15.887704946268077,11.118837836317844,2.69,0.007324709208611992,0.7833333334537036,0.318,Low,Other
Jordan,2006,782511988,3.2574812197972314,11.371385109386583,2.69,0.0075923369431638256,0.7833333334537036,0.318,Low,Other
Jordan,2007,1076643211,37.58807884231417,17.363845156570193,2.69,0.013942627276267567,0.7833333334537036,0.322,Low,Other
Jordan,2008,1885994604,75.17359369667729,35.97033058363051,2.69,0.033660169589466486,0.7833333334537036,0.334,Medium,Other
Jordan,2009,1308716995,-30.608656449793326,53.62423282655554,2.69,0.05236824671840697,0.7833333334537036,0.345,Medium,Other
Jordan,2010,1767666934,35.06869252507874,53.40381027667299,2.69,0.0521346619841416,0.7833333334537036,0.345,Medium,Other
Jordan,2011,1795516660,1.5755075497723814,32.84084859974481,2.69,0.030343815532298955,0.7833333334537036,0.332,Medium,Other
Jordan,2012,1640318346,-8.643657697946395,22.865528422243973,2.69,0.019772834867593434,0.7833333334537036,0.325,Low,Other
Jordan,2013,1616764142,-1.4359532134380015,5.251209991112309,2.69,0.0011067052352402575,0.7833333334537036,0.314,Low,Other
Jordan,2014,1682183439,4.046310485280413,6.3645045851922895,2.69,0.0022864784574256032,0.7833333334537036,0.315,Low,Other
Jordan,2015,1460365366,-13.18631891488976,8.804258679977492,2.69,0.00487191861410155,0.7833333334537036,0.316,Low,Other
Jordan,2016,1331124570,-8.84989462287754,8.963632056590745,2.69,0.005040808720150217,0.7833333334537036,0.316,Low,Other
Kazakhstan,2001,6089400,,,2.7,0.5,0.7777777779012344,0.611,Medium,CIS
Kazakhstan,2002,14811400,143.23250238118698,,2.7,0.5,0.7777777779012344,0.611,Medium,CIS
Kazakhstan,2003,20187000,36.29366568994152,75.61717659658044,2.7,0.07567446438521022,0.7777777779012344,0.357,Medium,CIS
Kazakhstan,2004,37093969,83.75176598801208,53.58193737733664,2.7,0.05232342566324861,0.7777777779012344,0.343,Medium,CIS
Kazakhstan,2005,30165454,-18.67827894070866,51.26093393036055,2.7,0.04986382716173505,0.7777777779012344,0.341,Medium,CIS
Kazakhstan,2006,26562817,-11.942923186238142,57.29274627937261,2.7,0.05625581965720932,0.7777777779012344,0.345,Medium,CIS
Kazakhstan,2007,57423253,116.17907844638617,75.99026161392884,2.7,0.07606982758503779,0.7777777779012344,0.357,Medium,CIS
Kazakhstan,2008,93373788,62.60623200848619,64.34655354414367,2.7,0.06373083388047564,0.7777777779012344,0.349,Medium,CIS
Kazakhstan,2009,33195643,-64.448649121957,92.77155514221789,2.7,0.0938531895483362,0.7777777779012344,0.367,Medium,CIS
Kazakhstan,2010,40480714,21.945865004030797,64.88479577306427,2.7,0.06430121639387915,0.7777777779012344,0.35,Medium,CIS
Kazakhstan,2011,93742968,131.574393672997,98.24074144313397,2.7,0.09964895966998664,0.7777777779012344,0.371,Medium,CIS
Kazakhstan,2012,89993250,-3.999999231942386,71.96297448528279,2.7,0.07180205736707966,0.7777777779012344,0.354,Medium,CIS
Kazakhstan,2013,85785887,-4.675198417659098,78.46955168551412,2.7,0.07869716454691669,0.7777777779012344,0.358,Medium,CIS
Kazakhstan,2014,90389126,5.365963051708023,5.612516771958005,2.7,0.0014895868797774794,0.7777777779012344,0.312,Low,CIS
Kazakhstan,2015,73464903,-18.723737853157253,12.100275985905716,2.7,0.008364752387005188,0.7777777779012344,0.316,Low,CIS
Kazakhstan,2016,67323694,-8.359378082892178,12.0838641197984,2.7,0.008347360512237754,0.7777777779012344,0.316,Low,CIS
Kenya,1992,9736545,,,2.81,0.5,0.716666666824074,0.587,Medium,Other
Kenya,1997,30642349,214.71480900052327,,2.81,0.5,0.716666666824074,0.587,Medium,Other
Kenya,1998,28399518,-7.319383380171018,157.0018830876674,2.81,0.16191893006766947,0.716666666824074,0.384,Medium,Other
Kenya,1999,23907823,-15.816095892895088,130.7133472020929,2.81,0.13406061578753098,0.716666666824074,0.367,Medium,Other
Kenya,2000,30829764,28.9526193999345,23.777055390208616,2.81,0.020738792228585726,0.716666666824074,0.299,Low,Other
Kenya,2001,25031737,-18.80658898329549,26.752329815323087,2.81,0.02389173046619903,0.716666666824074,0.301,Low,Other
Kenya,2002,12969431,-48.18805023398895,38.93347994162373,2.81,0.03680025873072837,0.716666666824074,0.309,Low,Other
Kenya,2003,51442127,296.64135612425866,191.17095134424667,2.81,0.19812835026111694,0.716666666824074,0.406,Medium,Other
Kenya,2004,28654723,-44.2971652396877,197.9737077767544,2.81,0.2053373225482357,0.716666666824074,0.41,Medium,Other
Kenya,2005,46450633,62.10463105855184,174.43618365554835,2.81,0.18039429235442736,0.716666666824074,0.395,Medium,Other
Kenya,2006,56307660,21.220436328607196,53.67404051225931,2.81,0.05242102859138543,0.716666666824074,0.318,Low,Other
Kenya,2007,88086817,56.4384259619384,22.150733820524373,2.81,0.01901535743533453,0.716666666824074,0.298,Low,Other
Kenya,2008,132854655,50.82240399264284,18.921429589029625,2.81,0.015593220402722992,0.716666666824074,0.296,Low,Other
Kenya,2009,102999568,-22.471991666381584,44.02738191182296,2.81,0.04219833501065907,0.716666666824074,0.312,Low,Other
Kenya,2010,92487640,-10.20579814470678,39.25763066939978,2.81,0.03714376560717926,0.716666666824074,0.309,Low,Other
Kenya,2013,98369138,6.359225946299429,14.46892437649593,2.81,0.01087484087467999,0.716666666824074,0.293,Low,Other
Kiribati,2008,19543,,,,0.5,0.5,0.5,Medium,Other
Kiribati,2009,1950,-90.02200276313769,,,0.5,0.5,0.5,Medium,Other
Kuwait,2000,64274507,,,3.2,0.5,0.5000000002777776,0.5,Medium,Other
Kuwait,2001,70952265,10.389434803443919,,3.2,0.5,0.5000000002777776,0.5,Medium,Other
Kuwait,2002,51743332,-27.073037062312245,26.489967896286437,3.2,0.0236137020195987,0.5000000002777776,0.214,Low,Other
Kuwait,2003,106423458,105.67569556595235,68.44113566026869,3.2,0.06806991749978966,0.5000000002777776,0.241,Low,Other
Kuwait,2004,141655963,33.105957710940004,66.4706755879047,3.2,0.06598179451677855,0.5000000002777776,0.24,Low,Other
Kuwait,2006,261560719,84.64504667551482,37.33839118208057,3.2,0.03510992176553992,0.5000000002777776,0.221,Low,Other
Kuwait,2007,304093153,16.261017389235732,35.62865225060399,3.2,0.033298088474504516,0.5000000002777776,0.22,Low,Other
Kuwait,2008,503713688,65.64453458772878,35.29902428282931,3.2,0.032948777293320415,0.5000000002777776,0.22,Low,Other
Kuwait,2009,222963639,-55.73603729426546,61.040356710940145,3.2,0.06022721272590522,0.5000000002777776,0.236,Low,Other
Kuwait,2010,324598207,45.58347202074504,65.06577752494127,3.2,0.06449300518518745,0.5000000002777776,0.239,Low,Other
Kuwait,2011,469375570,44.60202178504331,58.215594005103874,3.2,0.0572337737771358,0.5000000002777776,0.234,Low,Other
Kuwait,2013,421718834,-10.153220373186445,31.900048765342245,3.2,0.029346837321889342,0.5000000002777776,0.218,Low,Other
Kuwait,2014,354450817,-15.950916007701943,33.41259267055097,3.2,0.03094970039715611,0.5000000002777776,0.219,Low,Other
Kuwait,2015,289391592,-18.354937238020252,4.216253318551968,3.2,9.947759814109952e-06,0.5000000002777776,0.2,Low,Other
Kyrgyzstan,1995,3619593,,,,0.5,0.5,0.5,Medium,Other
Kyrgyzstan,1996,1721589,-52.43694525876252,,,0.5,0.5,0.5,Medium,Other
Kyrgyzstan,2000,378647,-78.00595844885162,18.080022614960278,,0.01470157014029865,0.5,0.209,Low,Other
Kyrgyzstan,2001,114811,-69.67861887193085,13.040924870878127,,0.009361570634277868,0.5,0.206,Low,Other
Kyrgyzstan,2002,358341,212.11382184633877,165.14933199426832,,0.17055289101587157,0.5,0.302,Low,Other
Kyrgyzstan,2003,99070,-72.35314965354229,163.4704818589457,,0.16877379099665996,0.5,0.301,Low,Other
Kyrgyzstan,2004,504631,409.36812354900576,242.172838578292,,0.25217573462784687,0.5,0.351,Medium,Other
Kyrgyzstan,2005,524192,3.8762977304208412,258.93690818100777,,0.2699408441660636,0.5,0.362,Medium,Other
Kyrgyzstan,2006,2398428,357.5476161406508,220.67789017018268,,0.22939724932935357,0.5,0.338,Medium,Other
Kyrgyzstan,2007,2142974,-10.650893001582705,208.51242283980656,,0.21650534033413457,0.5,0.33,Low,Other
Kyrgyzstan,2008,945934,-55.858820498988784,226.7593367053341,,0.23584183983798948,0.5,0.342,Medium,Other
Kyrgyzstan,2009,261386,-72.36741675423444,31.95105570254043,,0.029400890057770843,0.5,0.218,Low,Other
Kyrgyzstan,2010,1067298,308.32255744378045,215.18421032745334,,0.22357552307273093,0.5,0.334,Medium,Other
Kyrgyzstan,2011,7538410,606.3078915167085,340.17649581604434,,0.3560315254492158,0.5,0.414,Medium,Other
Kyrgyzstan,2012,7233184,-4.048944008086586,305.2066733962661,,0.3189735353225996,0.5,0.391,Medium,Other
Kyrgyzstan,2013,7013415,-3.0383438330892742,352.0983107314222,,0.3686652327103526,0.5,0.421,Medium,Other
Kyrgyzstan,2015,2695567,-61.565556864950956,33.50277782641606,,0.03104527081714559,0.5,0.219,Low,Other
Kyrgyzstan,2016,3189985,18.341892447859752,41.36776044293768,,0.03937989844694511,0.5,0.224,Low,Other
Lao People's Dem. Rep.,2010,693751,,,,0.5,0.5,0.5,Medium,Other
Lao People's Dem. Rep.,2011,9119805,1214.5645916186068,,,0.5,0.5,0.5,Medium,Other
Lao People's Dem. Rep.,2012,9154609,0.3816309668901896,858.5570050779878,,0.9053663079785804,0.5,0.743,High,Other
Lao People's Dem. Rep.,2013,3732650,-59.22654916228536,718.8343883685549,,0.7573003759206967,0.5,0.654,Medium,Other
Lao People's Dem. Rep.,2014,8894292,138.2835786907425,101.30838475406327,,0.10289978245552366,0.5,0.262,Low,Other
Lao People's Dem. Rep.,2015,54968328,518.018027741837,293.37683502220517,,0.3064372968366566,0.5,0.384,Medium,Other
Lao People's Dem. Rep.,2016,15826086,-71.20871859154967,298.6841790842461,,0.3120615605657864,0.5,0.387,Medium,Other
Latvia,1994,28883659,,,3.5,0.5,0.33333333370370355,0.433,Medium,Other
Latvia,1995,40187894,39.137129405938495,,3.5,0.5,0.33333333370370355,0.433,Medium,Other
Latvia,1996,48095324,19.67614924036576,13.760991043613382,3.5,0.010124634421088559,0.33333333370370355,0.139,Low,Other
Latvia,1997,50152401,4.277083152615835,17.469419996875974,3.5,0.014054506351394295,0.33333333370370355,0.142,Low,Other
Latvia,1998,50214202,0.1232264034577435,10.301315075703481,3.5,0.006458369367721167,0.33333333370370355,0.137,Low,Other
Latvia,1999,56135489,11.792056358876323,5.914543384908834,3.5,0.0018096485348340083,0.33333333370370355,0.134,Low,Other
Latvia,2000,69311130,23.471143183592822,11.673958765559165,3.5,0.007912978307263976,0.33333333370370355,0.138,Low,Other
Latvia,2001,69840905,0.7643433312946923,11.354956944071361,3.5,0.00757492779590703,0.33333333370370355,0.138,Low,Other
Latvia,2002,68754789,-1.5551287601442199,13.828069265791532,3.5,0.010195718113346113,0.33333333370370355,0.139,Low,Other
Latvia,2003,94539646,37.50263418014417,21.91114941141985,3.5,0.01876146662169216,0.33333333370370355,0.145,Low,Other
Latvia,2004,139185950,47.22495364537329,25.818368077697507,3.5,0.02290199867871386,0.33333333370370355,0.147,Low,Other
Latvia,2005,136329733,-2.0520871539117302,26.10021144720604,3.5,0.02320067187982775,0.33333333370370355,0.147,Low,Other
Latvia,2006,192051966,40.87313293571844,26.805306987004116,3.5,0.0239478710860033,0.33333333370370355,0.148,Low,Other
Latvia,2007,271692897,41.46842787331841,24.956509251233054,3.5,0.021988675313834753,0.33333333370370355,0.147,Low,Other
Latvia,2008,336610514,23.893748315400387,9.979338987051596,3.5,0.006117166985534643,0.33333333370370355,0.137,Low,Other
Latvia,2009,323988506,-3.7497367060851827,22.795153116494703,3.5,0.01969825721162744,0.33333333370370355,0.145,Low,Other
Latvia,2010,381641244,17.794686210257105,14.523102179480038,3.5,0.010932253819589063,0.33333333370370355,0.14,Low,Other
Latvia,2011,456318609,19.567425212564295,12.980721617775039,3.5,0.009297772439013866,0.33333333370370355,0.139,Low,Other
Latvia,2012,359173574,-21.288861134304515,23.093658619709977,3.5,0.020014587499442564,0.33333333370370355,0.145,Low,Other
Latvia,2013,405129374,12.794872264182766,21.896744392242145,3.5,0.018746201429548685,0.33333333370370355,0.145,Low,Other
Latvia,2014,437983557,8.109553418854286,18.4748471951323,3.5,0.01511997104660365,0.33333333370370355,0.142,Low,Other
Latvia,2015,402621558,-8.073818853432435,10.949551130436356,3.5,0.00714531381449711,0.33333333370370355,0.138,Low,Other
Latvia,2016,478088219,18.743820220376772,13.50416561659451,3.5,0.009852473069381307,0.33333333370370355,0.139,Low,Other
Lebanon,1997,34579008,,,2.72,0.5,0.766666666796296,0.607,Medium,Other
Lebanon,1998,39268931,13.562919445231048,,2.72,0.5,0.766666666796296,0.607,Medium,Other
Lebanon,1999,21999319,-43.97780015962237,40.68743302694557,2.72,0.03865894635396443,0.766666666796296,0.33,Low,Other
Lebanon,2000,16347603,-25.690413416888035,29.400076721291665,2.72,0.02669758339622899,0.766666666796296,0.323,Low,Other
Lebanon,2001,16695915,2.1306609904828244,23.217920107428377,2.72,0.020146269065614394,0.766666666796296,0.319,Low,Other
Lebanon,2002,23219465,39.072731263904984,32.488443191931744,2.72,0.02997036679222424,0.766666666796296,0.325,Low,Other
Lebanon,2003,30957621,33.3261597543268,19.878375115210616,2.72,0.016607308419391554,0.766666666796296,0.317,Low,Other
Lebanon,2004,57133000,84.55229489371938,28.064006346779095,2.72,0.025281731689783146,0.766666666796296,0.322,Low,Other
Lebanon,2005,54970000,-3.7859030682792727,44.356621729345804,2.72,0.04254723486381217,0.766666666796296,0.332,Medium,Other
Lebanon,2006,57818448,5.181822812443149,48.620518928139944,2.72,0.04706574394850376,0.766666666796296,0.335,Medium,Other
Lebanon,2007,94253177,63.015750613022334,36.25751473113525,2.72,0.03396450248469824,0.766666666796296,0.327,Low,Other
Lebanon,2008,231022767,145.1087319847054,70.31306268614749,2.72,0.07005362369108929,0.766666666796296,0.349,Medium,Other
Lebanon,2009,90503685,-60.824776633378306,103.66962248003058,2.72,0.10540201776244362,0.766666666796296,0.37,Medium,Other
Lebanon,2010,115232424,27.323460917641086,103.32157876862505,2.72,0.1050331911705876,0.766666666796296,0.37,Medium,Other
Lebanon,2011,155392223,34.851127491685844,53.19877219377254,2.72,0.05191738037600259,0.766666666796296,0.338,Medium,Other
Lebanon,2012,117358713,-24.4758130527549,32.299423168930254,2.72,0.029770059737128634,0.766666666796296,0.325,Low,Other
Lebanon,2013,109096367,-7.040249325160886,30.49199952029405,2.72,0.027854708640352954,0.766666666796296,0.323,Low,Other
Lebanon,2014,110811157,1.5718121942594143,13.270551779047004,2.72,0.009604909350545261,0.766666666796296,0.312,Low,Other
Lesotho,2000,890033,,,2.28,0.5,1.0,0.7,High,Other
Lesotho,2001,1191946,33.921551223381606,,2.28,0.5,1.0,0.7,High,Other
Lesotho,2002,1839388,54.31806474454379,14.422513023376885,2.28,0.010825658140921648,1.0,0.406,Medium,Other
Lesotho,2003,225179,-87.75793905364175,76.81960141912262,2.28,0.07694869010665868,1.0,0.446,Medium,Other
Lesotho,2004,3775292,1576.5737479960385,922.6274004678497,2.28,0.9732625658224016,1.0,0.984,High,Other
Lesotho,2008,480101,-87.28307638190635,960.7652958311628,2.28,0.9999999999989403,1.0,1.0,High,Other
Lesotho,2009,811014,68.9257052161941,918.8601032779072,2.28,0.9692703104316519,1.0,0.982,High,Other
Lesotho,2010,585439,-27.813946491675857,78.8419527396672,2.28,0.07909180294176715,1.0,0.447,Medium,Other
Lesotho,2011,499264,-14.71972314792831,52.48265837993991,2.28,0.051158504956963176,1.0,0.431,Medium,Other
Lesotho,2012,464843,-6.894348480963974,10.569805695024677,2.28,0.006742892480262526,1.0,0.404,Medium,Other
Libya,2007,239619364,,,1.9,0.5,1.0,0.7,High,Other
Libya,2008,266022802,11.018908304923137,,1.9,0.5,1.0,0.7,High,Other
Libya,2009,38386708,-85.57014372023643,68.29877367537055,1.9,0.06791905459384089,1.0,0.441,Medium,Other
Libya,2010,111253,-99.71017832526822,60.26374832864129,1.9,0.05940423040080193,1.0,0.436,Medium,Other
Lithuania,1994,123462332,,,3.4,0.5,0.38888888922839493,0.456,Medium,Other
Lithuania,1995,170594078,38.175000614762396,,3.4,0.5,0.38888888922839493,0.456,Medium,Other
Lithuania,1996,208926788,22.470129355838473,11.105020964846817,3.4,0.007310067284486451,0.38888888922839493,0.16,Low,Other
Lithuania,1997,209279091,0.1686250975150294,19.09836229192359,3.4,0.015780718362484195,0.38888888922839493,0.165,Low,Other
Lithuania,1998,234906224,12.245434017103985,11.16356275742815,3.4,0.007372104807738111,0.38888888922839493,0.16,Low,Other
Lithuania,1999,214305003,-8.76997665247048,10.546685107463635,3.4,0.006718391283336972,0.38888888922839493,0.16,Low,Other
Lithuania,2000,232701665,8.584336222892563,11.226629785511733,3.4,0.007438937783781896,0.38888888922839493,0.16,Low,Other
Lithuania,2001,223612301,-3.9060158851893068,8.952087144957751,3.4,0.005028574422355609,0.38888888922839493,0.159,Low,Other
Lithuania,2002,278781201,24.671674927221467,14.326524203619726,3.4,0.010723937500418352,0.38888888922839493,0.162,Low,Other
Lithuania,2003,367036269,31.657467463166576,18.842536353482245,3.4,0.01550961618223607,0.38888888922839493,0.165,Low,Other
Lithuania,2004,492819742,34.27003912793152,4.962449384935348,3.4,0.0008007017455968752,0.38888888922839493,0.156,Low,Other
Lithuania,2005,610668386,23.913133739678806,5.386181776012587,3.4,0.001249736647072002,0.38888888922839493,0.156,Low,Other
Lithuania,2006,615053216,0.718037825524509,17.18048677562599,3.4,0.013748319939241471,0.38888888922839493,0.164,Low,Other
Lithuania,2007,993025848,61.45364696377753,30.648863015861323,3.4,0.028020938991773634,0.38888888922839493,0.172,Low,Other
Lithuania,2008,1723228439,73.53309004701758,39.022982528707026,3.4,0.03689510582341945,0.38888888922839493,0.178,Low,Other
Lithuania,2009,989949623,-42.5526180629613,63.821505959209766,3.4,0.063174433908382,0.38888888922839493,0.193,Low,Other
Lithuania,2010,1092635661,10.372854902334772,58.11800154216007,3.4,0.05713035373442612,0.38888888922839493,0.19,Low,Other
Lithuania,2011,1723444259,57.73274848293644,50.16841627925425,3.4,0.04870607154485342,0.38888888922839493,0.185,Low,Other
Lithuania,2012,1672370501,-2.9634702563362647,31.89787886874128,3.4,0.029344537853340458,0.38888888922839493,0.173,Low,Other
Lithuania,2013,1566372618,-6.338181816566257,36.056677044166904,3.4,0.03375167209249939,0.38888888922839493,0.176,Low,Other
Lithuania,2014,1795386065,14.620623749948614,11.25359624676767,3.4,0.007467514504675025,0.38888888922839493,0.16,Low,Other
Lithuania,2015,1712784098,-4.600791362385892,11.631515058136413,3.4,0.007868000140897316,0.38888888922839493,0.16,Low,Other
Lithuania,2016,1553527456,-9.298115400882246,12.673027358717395,3.4,0.008971704703315968,0.38888888922839493,0.161,Low,Other
Luxembourg,1999,27826582,,,3.6,0.5,0.27777777817901217,0.411,Medium,Other
Luxembourg,2000,26052438,-6.375716572017365,,3.6,0.5,0.27777777817901217,0.411,Medium,Other
Luxembourg,2001,27404529,5.189882804826174,8.178113747852974,3.6,0.004208384426424989,0.27777777817901217,0.114,Low,Other
Luxembourg,2002,29837678,8.878638271798067,7.958908504958391,3.6,0.003976089688711491,0.27777777817901217,0.113,Low,Other
Luxembourg,2003,50180781,68.17924303627112,35.35021957662615,3.6,0.033003029633217336,0.27777777817901217,0.131,Low,Other
Luxembourg,2004,57852767,15.288693892588089,32.544996356875444,3.6,0.030030296940080158,0.27777777817901217,0.129,Low,Other
Luxembourg,2005,61000604,5.441117449058219,33.740325410227875,3.6,0.0312970031796903,0.27777777817901217,0.13,Low,Other
Luxembourg,2006,64413010,5.5940528064279516,5.641870505783318,3.6,0.001520693425450486,0.27777777817901217,0.112,Low,Other
Luxembourg,2007,83653480,29.87047181928,14.06035362438759,3.6,0.010441872965495194,0.27777777817901217,0.117,Low,Other
Luxembourg,2008,113152566,35.263429566827355,15.804537485085973,3.6,0.01229020801029105,0.27777777817901217,0.118,Low,Other
Luxembourg,2009,104575188,-7.580365433338909,23.335380770428316,3.6,0.020270743706562403,0.27777777817901217,0.123,Low,Other
Luxembourg,2010,92610368,-11.441356433420902,25.922432553189577,3.6,0.023012277199977827,0.27777777817901217,0.125,Low,Other
Luxembourg,2011,111160477,20.03027242047024,17.164488519974366,3.6,0.013731366373024741,0.27777777817901217,0.119,Low,Other
Luxembourg,2012,87961677,-20.86964776158706,21.4171254334178,3.6,0.01823794278221286,0.27777777817901217,0.122,Low,Other
Luxembourg,2013,112510731,27.90880624069958,26.185913327933758,3.6,0.023291491312986894,0.27777777817901217,0.125,Low,Other
Luxembourg,2014,138707682,23.283957687556047,26.926652450534675,3.6,0.024076462502209114,0.27777777817901217,0.126,Low,Other
Luxembourg,2015,111369778,-19.70900501386794,26.259093709485256,3.6,0.023369041545425698,0.27777777817901217,0.125,Low,Other
Luxembourg,2016,130575218,17.244750187074985,23.275333483221825,3.6,0.02020711079045215,0.27777777817901217,0.123,Low,Other
Madagascar,1990,24696,,,2.3,0.5,1.0,0.7,High,Other
Madagascar,1991,3803,-84.60074505992874,,2.3,0.5,1.0,0.7,High,Other
Madagascar,1992,739,-80.56797265316855,2.851600715802123,2.3,0.0,1.0,0.4,Medium,Other
Madagascar,1993,3711,402.1650879566982,279.8774872604752,2.3,0.29213185684714693,1.0,0.575,Medium,Other
Madagascar,1994,6441,73.56507679870654,246.56512732343685,2.3,0.2568303019572699,1.0,0.554,Medium,Other
Madagascar,1995,8755,35.926098431920515,201.46366813632423,2.3,0.20903568037787323,1.0,0.525,Medium,Other
Madagascar,1996,831,-90.50828098229583,85.94805768979134,2.3,0.08662223772405703,1.0,0.452,Medium,Other
Madagascar,1997,2389,187.48495788206978,139.18571587989214,2.3,0.14303889857781937,1.0,0.486,Medium,Other
Madagascar,1998,714,-70.11301799916284,154.94780023422913,2.3,0.1597421909013043,1.0,0.496,Medium,Other
Madagascar,1999,10160,1322.9691876750699,741.2106296517987,2.3,0.7810127791062571,1.0,0.869,High,Other
Madagascar,2000,10719,5.501968503937005,783.3810834602964,2.3,0.8257013749507235,1.0,0.895,High,Other
Madagascar,2001,48365,351.20813508722824,683.0754192779963,2.3,0.7194061164764046,1.0,0.832,High,Other
Madagascar,2002,4869733,9968.712912229917,5655.108062645035,2.3,0.9999999999989403,1.0,1.0,High,Other
Madagascar,2003,128892,-97.35320191065917,5686.582049375251,2.3,0.9999999999989403,1.0,1.0,High,Other
Madagascar,2004,30272,-76.51367035968097,5805.639476633749,2.3,0.9999999999989403,1.0,1.0,High,Other
Madagascar,2005,132533,337.8072145877378,245.4454012151295,2.3,0.25564371317314444,1.0,0.553,Medium,Other
Madagascar,2006,35453,-73.24968121147187,238.27163102673904,2.3,0.2480415726297704,1.0,0.549,Medium,Other
Madagascar,2007,10460,-70.49614983217218,236.53294024150827,2.3,0.24619905867076675,1.0,0.548,Medium,Other
Madagascar,2008,47199,351.2332695984703,244.28434957261044,2.3,0.2544133311658104,1.0,0.553,Medium,Other
Madagascar,2009,268060,467.9357613508761,283.25021264327376,2.3,0.29570597919856173,1.0,0.577,Medium,Other
Madagascar,2010,101124,-62.27560993807357,278.60759838911383,2.3,0.29078613856777147,1.0,0.574,Medium,Other
Madagascar,2011,151390,49.70729005972865,279.4576063062629,2.3,0.2916869033650053,1.0,0.575,Medium,Other
Madagascar,2012,1989389,1214.0821718739678,706.8000922566436,2.3,0.7445474708260527,1.0,0.847,High,Other
Madagascar,2013,11952800,500.8276913162785,587.0846667879937,2.3,0.6176834278301769,1.0,0.771,High,Other
Madagascar,2014,14835422,24.116709055618756,598.8882919409976,2.3,0.6301918878139744,1.0,0.778,High,Other
Madagascar,2015,22048335,48.619533707905305,268.4355809846577,2.3,0.28000671521190945,1.0,0.568,Medium,Other
Madagascar,2016,16198456,-26.53206693385237,38.32633995089752,2.3,0.036156864334505164,1.0,0.422,Medium,Other
Malawi,1990,111905,,,2.59,0.5,0.838888888978395,0.636,Medium,Other
Malawi,1991,128613,14.930521424422505,,2.59,0.5,0.838888888978395,0.636,Medium,Other
Malawi,1994,55995,-56.46241048727578,50.482426283551334,2.59,0.04903883216054127,0.838888888978395,0.365,Medium,Other
Malawi,1995,525553,838.5713010090187,497.4210874159676,2.59,0.5226657294501494,0.838888888978395,0.649,Medium,Other
Malawi,1996,277566,-47.18591654885426,514.0909852205941,2.59,0.5403310438701096,0.838888888978395,0.66,Medium,Other
Malawi,1997,536591,93.32014728028648,476.04395535192447,2.59,0.5000120957126035,0.838888888978395,0.636,Medium,Other
Malawi,1998,862735,60.7807436203738,73.54994501629349,2.59,0.07348379133654255,0.838888888978395,0.38,Medium,Other
Malawi,1999,433873,-49.70958637356778,74.97158408557785,2.59,0.07499032133720263,0.838888888978395,0.381,Medium,Other
Malawi,2000,1185163,173.15896587250185,111.43560879044135,2.59,0.11363173767808922,0.838888888978395,0.404,Medium,Other
Malawi,2001,326691,-72.43493089136261,135.7099818186876,2.59,0.1393556165474819,0.838888888978395,0.419,Medium,Other
Malawi,2002,706320,116.20430314884706,128.5463316946474,2.59,0.13176420037211495,0.838888888978395,0.415,Medium,Other
Malawi,2003,3287907,365.49821610601424,219.66552486898448,2.59,0.22832443223334473,0.838888888978395,0.473,Medium,Other
Malawi,2004,2094181,-36.30656219899164,202.83577057781542,2.59,0.21048971574926043,0.838888888978395,0.462,Medium,Other
Malawi,2005,661166,-68.42842142107106,241.78889568663692,2.59,0.2517688651928997,0.838888888978395,0.487,Medium,Other
Malawi,2006,567244,-14.205509660206362,27.265345902297454,2.59,0.024435380498437655,0.838888888978395,0.35,Medium,Other
Malawi,2007,384692,-32.18227076884021,27.619653440039883,2.59,0.024810844951125826,0.838888888978395,0.35,Medium,Other
Malawi,2008,111527,-71.00875505599285,29.032362716892212,2.59,0.026307911930904464,0.838888888978395,0.351,Medium,Other
Malawi,2009,427547,283.35739327696433,194.35712085084293,2.59,0.20150477684686904,0.838888888978395,0.456,Medium,Other
Malawi,2010,912127,113.33958605720542,177.2313613742117,2.59,0.18335637969524782,0.838888888978395,0.446,Medium,Other
Malawi,2011,5101451,459.291743364685,172.98451060634633,2.59,0.17885593494218105,0.838888888978395,0.443,Medium,Other
Malawi,2012,289132,-94.33235759786774,279.67545968311487,2.59,0.2919177655121309,0.838888888978395,0.511,Medium,Other
Malawi,2013,3826756,1223.5325041849399,661.7314887963163,2.59,0.6967876669012668,0.838888888978395,0.754,High,Other
Malawi,2014,19551991,410.9286037573339,664.8786270166859,2.59,0.7001227315091897,0.838888888978395,0.756,High,Other
Malawi,2015,22821015,16.719647630770694,615.375640134407,2.59,0.6476637519610421,0.838888888978395,0.724,High,Other
Malaysia,1989,101688130,,,3.6,0.5,0.27777777817901217,0.411,Medium,Asia Pacific
Malaysia,1990,92023013,-9.504665883815544,,3.6,0.5,0.27777777817901217,0.411,Medium,Asia Pacific
Malaysia,1991,119840892,30.22926341262049,28.096130848696745,3.6,0.02531577445558837,0.27777777817901217,0.126,Low,Asia Pacific
Malaysia,1992,134092382,11.892009281773364,19.88658565689938,3.6,0.016616009240607743,0.27777777817901217,0.121,Low,Asia Pacific
Malaysia,1993,119816757,-10.646111872335895,20.47363385309099,3.6,0.01723811209252307,0.27777777817901217,0.121,Low,Asia Pacific
Malaysia,1994,134587739,12.327976795432715,13.140051515276793,3.6,0.009466616469664573,0.27777777817901217,0.117,Low,Asia Pacific
Malaysia,1995,182906951,35.90164479990261,23.274521923186686,3.6,0.020206250769391466,0.27777777817901217,0.123,Low,Asia Pacific
Malaysia,1996,183224544,0.1736363753611636,18.16561036783542,3.6,0.01479226863064078,0.27777777817901217,0.12,Low,Asia Pacific
Malaysia,1997,141464140,-22.791926828318378,29.577139341399615,3.6,0.026885219031005395,0.27777777817901217,0.127,Low,Asia Pacific
Malaysia,1998,124546200,-11.959172126589824,11.488912842642659,3.6,0.007716882659362371,0.27777777817901217,0.116,Low,Asia Pacific
Malaysia,1999,152109988,22.131376147967586,23.443610381747003,3.6,0.020385436078159548,0.27777777817901217,0.123,Low,Asia Pacific
Malaysia,2000,201735330,32.62464395171736,23.309478783553065,3.6,0.020243295023456138,0.27777777817901217,0.123,Low,Asia Pacific
Malaysia,2001,206362244,2.293556612022307,15.403585147350999,3.6,0.01186531343705974,0.27777777817901217,0.118,Low,Asia Pacific
Malaysia,2002,204231016,-1.0327606245646326,18.54660853264083,3.6,0.015196017499026005,0.27777777817901217,0.12,Low,Asia Pacific
Malaysia,2003,246202911,20.55118552610051,11.620901652894046,3.6,0.007856752972926026,0.27777777817901217,0.116,Low,Asia Pacific
Malaysia,2004,313172319,27.200900155075747,14.760448486306366,3.6,0.011183772886211038,0.27777777817901217,0.118,Low,Asia Pacific
Malaysia,2005,332706130,6.237400247369873,10.712698710975348,3.6,0.006894318126944319,0.27777777817901217,0.115,Low,Asia Pacific
Malaysia,2006,384997749,15.717059075527096,10.497705033474162,3.6,0.006666486441599021,0.27777777817901217,0.115,Low,Asia Pacific
Malaysia,2007,534587409,38.85468431660881,16.77846264982,3.6,0.013322289577807499,0.27777777817901217,0.119,Low,Asia Pacific
Malaysia,2008,758569209,41.89806872162978,14.31815372480444,3.6,0.010715067191682769,0.27777777817901217,0.118,Low,Asia Pacific
Malaysia,2009,627119107,-17.328689385281915,33.350768469451246,3.6,0.030884184461546334,0.27777777817901217,0.13,Low,Asia Pacific
Malaysia,2010,608856419,-2.912156207034533,30.885815414446657,3.6,0.02827204062854623,0.27777777817901217,0.128,Low,Asia Pacific
Malaysia,2011,759641298,24.765260625428343,21.39227453584424,3.6,0.01821160795254562,0.27777777817901217,0.122,Low,Asia Pacific
Malaysia,2012,741957165,-2.3279583464668296,15.8136186240281,3.6,0.012299831415100378,0.27777777817901217,0.118,Low,Asia Pacific
Malaysia,2013,824628206,11.14229296512017,13.546681220445178,3.6,0.00989752742535751,0.27777777817901217,0.117,Low,Asia Pacific
Malaysia,2014,787388710,-4.515913441845088,8.47952677315416,3.6,0.00452779585441461,0.27777777817901217,0.114,Low,Asia Pacific
Malaysia,2015,670688733,-14.821139231219105,13.073362981440622,3.6,0.009395945735372781,0.27777777817901217,0.117,Low,Asia Pacific
Malaysia,2016,565481166,-15.686496853675337,6.214612566971728,3.6,0.002127635874109123,0.27777777817901217,0.112,Low,Asia Pacific
Maldives,2004,7028,,,2.67,0.5,0.7944444445586419,0.618,Medium,Other
Maldives,2005,678,-90.35287421741604,,2.67,0.5,0.7944444445586419,0.618,Medium,Other
Mali,1996,556100,,,2.6,0.5,0.8333333334259257,0.633,Medium,Other
Mali,1997,185988,-66.5549361625607,,2.6,0.5,0.8333333334259257,0.633,Medium,Other
Mali,1998,456335,145.35722734800095,149.8445278342306,2.6,0.1543341846511605,0.8333333334259257,0.426,Medium,Other
Mali,1999,787350,72.53771900029584,107.66941113115789,2.6,0.10964064747473505,0.8333333334259257,0.399,Medium,Other
Mali,2000,573718,-27.133041214199526,86.59275757475042,2.6,0.08730543484426694,0.8333333334259257,0.386,Medium,Other
Mali,2001,167974,-70.72185289637069,73.4365370979317,2.6,0.07336361144347697,0.8333333334259257,0.377,Medium,Other
Mali,2002,513418,205.65325586102608,148.58928031687543,2.6,0.15300398201111798,0.8333333334259257,0.425,Medium,Other
Mali,2003,318126,-38.03762236618117,151.01694374978868,2.6,0.1555766095311469,0.8333333334259257,0.427,Medium,Other
Mali,2004,474172,49.05163362944243,123.48674066917903,2.6,0.1264024838607815,0.8333333334259257,0.409,Medium,Other
Mali,2005,249602,-47.3604514817408,53.17697466647767,2.6,0.051894281243797066,0.8333333334259257,0.364,Medium,Other
Mali,2006,557689,123.43130263379298,85.6324009848139,2.6,0.08628773207755885,0.8333333334259257,0.385,Medium,Other
Mali,2007,1539278,176.01010599097347,116.78239006945435,2.6,0.11929779355530681,0.8333333334259257,0.405,Medium,Other
Mali,2008,18933105,1129.9990644964716,566.5742261954915,2.6,0.5959482386763536,0.8333333334259257,0.691,High,Other
Mali,2010,30480028,60.98800487294609,586.814800752535,2.6,0.6173974471706961,0.8333333334259257,0.704,High,Other
Mali,2011,155528194,410.262634929338,545.0990645201548,2.6,0.5731907216441249,0.8333333334259257,0.677,High,Other
Mali,2012,160829430,3.4085369756174266,220.16600530285638,2.6,0.2288547980657574,0.8333333334259257,0.471,Medium,Other
Mali,2016,98553306,-38.721845871119484,247.95573871835956,2.6,0.25830395151500574,0.8333333334259257,0.488,Medium,Other
Malta,1994,19094825,,,3.3,0.5,0.4444444447530864,0.478,Medium,Other
Malta,1995,21306350,11.581802923043295,,3.3,0.5,0.4444444447530864,0.478,Medium,Other
Malta,1996,22980748,7.858680628075665,2.632645021958432,3.3,0.0,0.4444444447530864,0.178,Low,Other
Malta,1997,24443749,6.36620270149606,2.6861253276673427,3.3,0.0,0.4444444447530864,0.178,Low,Other
Malta,1998,25431981,4.042882292728511,1.9229155389304557,3.3,0.0,0.4444444447530864,0.178,Low,Other
Malta,1999,25817487,1.5158315822900281,2.4258985623527676,3.3,0.0,0.4444444447530864,0.178,Low,Other
Malta,2000,19920008,-22.842962988613102,14.846916260808879,3.3,0.011275403947281921,0.4444444447530864,0.185,Low,Other
Malta,2001,23473741,17.840017935735773,20.473295085470156,3.3,0.017237753095928877,0.4444444447530864,0.188,Low,Other
Malta,2002,20331950,-13.384279054625337,21.28977986889596,3.3,0.018102992978462937,0.4444444447530864,0.189,Low,Other
Malta,2003,11127966,-45.26857482927117,31.554871574150685,3.3,0.028981048419973864,0.4444444447530864,0.195,Low,Other
Malta,2004,29346946,163.72246284720856,112.59119279737918,3.3,0.1148563255586201,0.4444444447530864,0.247,Low,Other
Malta,2005,69637135,137.2892054934779,113.80049361330367,3.3,0.11613783786253426,0.4444444447530864,0.247,Low,Other
Malta,2006,129636511,86.16002941533995,39.431038579252146,3.3,0.03732752829645021,0.4444444447530864,0.2,Low,Other
Malta,2007,209662662,61.731182351860724,38.55726493660489,3.3,0.036401578640960795,0.4444444447530864,0.2,Low,Other
Malta,2008,248884002,18.706878766997637,34.15110247171456,3.3,0.031732309144532844,0.4444444447530864,0.197,Low,Other
Malta,2009,208413625,-16.26073860705599,39.065254593313924,3.3,0.036939902097590634,0.4444444447530864,0.2,Low,Other
Malta,2010,281064886,34.85917055566785,26.130684095043367,3.3,0.023232964153695544,0.4444444447530864,0.192,Low,Other
Malta,2011,289605595,3.0386965520837084,25.814259225215583,3.3,0.022897644472596394,0.4444444447530864,0.192,Low,Other
Malta,2012,328802935,13.53473160627301,16.21440210727297,3.3,0.012724547050962431,0.4444444447530864,0.185,Low,Other
Malta,2013,342558032,4.183386319224924,5.757961520066278,3.3,0.0016437166312719032,0.4444444447530864,0.179,Low,Other
Malta,2014,330448916,-3.534909378507878,8.547830041444904,3.3,0.004600177744478268,0.4444444447530864,0.181,Low,Other
Malta,2015,269807730,-18.351152950975337,11.452064022091854,3.3,0.007677833469699433,0.4444444447530864,0.182,Low,Other
Malta,2016,929691775,244.57566319541698,147.70967466928624,3.3,0.15207185210172386,0.4444444447530864,0.269,Low,Other
Martinique,1994,1805299,,,,0.5,0.5,0.5,Medium,Other
Martinique,1995,3325174,84.18965501005651,,,0.5,0.5,0.5,Medium,Other
Mauritania,2016,71809,,,2.3,0.5,1.0,0.7,High,Other
Mauritius,1993,9451944,,,2.5,0.5,0.8888888889506172,0.656,Medium,Other
Mauritius,1994,6998036,-25.961939681403102,,2.5,0.5,0.8888888889506172,0.656,Medium,Other
Mauritius,1995,7011455,0.1917538006377839,18.49345401422552,2.5,0.015139688942507359,0.8888888889506172,0.365,Medium,Other
Mauritius,1996,7251140,3.4184773345903308,16.112295157998584,2.5,0.012616342946502095,0.8888888889506172,0.363,Medium,Other
Mauritius,1997,6802978,-6.180572985764998,4.884670928697645,2.5,0.000718278871705183,0.8888888889506172,0.356,Medium,Other
Mauritius,1998,8383325,23.23022358737601,14.998011044269417,2.5,0.011435521117064775,0.8888888889506172,0.362,Medium,Other
Mauritius,1999,8537364,1.837445166446483,15.20380730125881,2.5,0.011653606172460827,0.8888888889506172,0.363,Medium,Other
Mauritius,2000,9457914,10.782602217733729,10.744068759096479,2.5,0.006927561387936313,0.8888888889506172,0.36,Medium,Other
Mauritius,2001,6550812,-30.73724290578239,21.851863676263285,2.5,0.018698640732509535,0.8888888889506172,0.367,Medium,Other
Mauritius,2002,9429754,43.94786478378558,37.42035428916169,2.5,0.035196779170089995,0.8888888889506172,0.377,Medium,Other
Mauritius,2003,11439390,21.31164821478906,38.29567137863403,2.5,0.03612436443689359,0.8888888889506172,0.377,Medium,Other
Mauritius,2004,14382201,25.725244090812538,11.999597451826824,2.5,0.008258061993297395,0.8888888889506172,0.361,Medium,Other
Mauritius,2005,9015420,-37.31543593362379,35.19171815982963,2.5,0.03283506355468849,0.8888888889506172,0.375,Medium,Other
Mauritius,2006,8006072,-11.195795647901042,31.674190655239002,2.5,0.02910749245151081,0.8888888889506172,0.373,Medium,Other
Mauritius,2007,17734341,121.51113554811897,85.16576484007123,2.5,0.08579323149253971,0.8888888889506172,0.407,Medium,Other
Mauritius,2008,28618776,61.37490533197709,66.45048584320118,2.5,0.06596039917336215,0.8888888889506172,0.395,Medium,Other
Mauritius,2009,32174906,12.425863356280509,54.63816051093899,2.5,0.05344271949284501,0.8888888889506172,0.388,Medium,Other
Mauritius,2010,36997475,14.988603230107334,27.55075730563901,2.5,0.024737834792888776,0.8888888889506172,0.37,Medium,Other
Mauritius,2011,38119244,3.0320150226468057,6.295130707393282,2.5,0.0022129620280980505,0.8888888889506172,0.357,Medium,Other
Mauritius,2012,39587409,3.851506079186673,6.679152891691863,2.5,0.0026199154905236868,0.8888888889506172,0.357,Medium,Other
Mauritius,2013,37370752,-5.599399041245667,5.235973038024562,2.5,0.0010905584315674401,0.8888888889506172,0.356,Medium,Other
Mauritius,2014,43197300,15.591198164810805,10.615879519301933,2.5,0.006791717530177459,0.8888888889506172,0.36,Medium,Other
Mauritius,2015,39609471,-8.30567882714892,13.08578166177428,2.5,0.009409105977585791,0.8888888889506172,0.361,Medium,Other
Mauritius,2016,39033831,-1.4532887854018517,12.305354624776534,2.5,0.008582076972850279,0.8888888889506172,0.361,Medium,Other
Mayotte,2000,2634,,,,0.5,0.5,0.5,Medium,Other
Mayotte,2001,5605,112.79422930903569,,,0.5,0.5,0.5,Medium,Other
Mayotte,2002,42272,654.1837644959858,382.8202115941254,,0.4012216433542062,0.5,0.441,Medium,Other
Mayotte,2003,38862,-8.066805450416348,352.67686719512375,,0.36927833675938593,0.5,0.422,Medium,Other
Mayotte,2004,61480,58.20081313365242,364.7288702999566,,0.3820500061920635,0.5,0.429,Medium,Other
Mayotte,2005,304864,395.8750813272609,216.63500662266108,,0.22511295137700313,0.5,0.335,Medium,Other
Mayotte,2006,299619,-1.720439277841923,214.35821494867486,,0.2227002046846658,0.5,0.334,Medium,Other
Mayotte,2007,178239,-40.51144954091696,241.5298962880979,,0.251494400054397,0.5,0.351,Medium,Other
Mayotte,2008,339968,90.73715629014973,67.42816670111884,,0.06699646069934813,0.5,0.24,Low,Other
Mayotte,2009,14378,-95.77077842620481,95.79926902436095,,0.09706169858232025,0.5,0.258,Low,Other
Mexico,1990,142392404,,,2.9,0.5,0.6666666668518517,0.567,Medium,Americas
Mexico,1991,160363765,12.621011019660845,,2.9,0.5,0.6666666668518517,0.567,Medium,Americas
Mexico,1992,207271000,29.25051990391969,11.758838499861369,2.9,0.008002926500822485,0.6666666668518517,0.271,Low,Americas
Mexico,1993,191414000,-7.650370770633619,18.480373453995554,2.9,0.015125827297285547,0.6666666668518517,0.276,Low,Americas
Mexico,1994,316515011,65.35624928166175,36.50403173608429,2.9,0.03422573986319513,0.6666666668518517,0.287,Low,Americas
Mexico,1995,536908000,69.63113322925464,43.4370657095035,2.9,0.04157276900879217,0.6666666668518517,0.292,Low,Americas
Mexico,1996,672914954,25.331519366446397,24.436002898541712,2.9,0.021437087746493624,0.6666666668518517,0.28,Low,Americas
Mexico,1997,649415838,-3.4921375814751188,36.83357101500546,2.9,0.03457495705961092,0.6666666668518517,0.287,Low,Americas
Mexico,1998,726699418,11.900476624963364,14.422948618337747,2.9,0.010826119746747525,0.6666666668518517,0.273,Low,Americas
Mexico,1999,759499135,4.513519095731544,7.698379185259658,2.9,0.003700003272223738,0.6666666668518517,0.269,Low,Americas
Mexico,2000,767397347,1.0399237650217996,5.546539679292438,2.9,0.0014196700692419878,0.6666666668518517,0.268,Low,Americas
Mexico,2001,989541308,28.94771031831571,15.209317952752706,2.9,0.011659445883803956,0.6666666668518517,0.274,Low,Americas
Mexico,2002,1003972848,1.4584070299367369,15.993131201798862,2.9,0.012490063302891432,0.6666666668518517,0.274,Low,Americas
Mexico,2003,1045430179,4.129327907879832,15.158868246493826,2.9,0.011605983653027091,0.6666666668518517,0.274,Low,Americas
Mexico,2004,1277579098,22.206066331666506,11.286922055184755,2.9,0.007502830311099691,0.6666666668518517,0.271,Low,Americas
Mexico,2005,1277316622,-0.02054479447972657,11.818150994978916,2.9,0.008065780747894893,0.6666666668518517,0.272,Low,Americas
Mexico,2006,1294625934,1.355130881558364,12.45442514974197,2.9,0.00874004900873955,0.6666666668518517,0.272,Low,Americas
Mexico,2007,1423655453,9.966548298730427,5.412809220587597,2.9,0.0012779541074386196,0.6666666668518517,0.267,Low,Americas
Mexico,2008,1921090044,34.94065856677473,17.44443733451846,2.9,0.014028031888817166,0.6666666668518517,0.275,Low,Americas
Mexico,2009,1557075917,-18.9483115659726,26.968489040124798,2.9,0.024120797297660784,0.6666666668518517,0.281,Low,Americas
Mexico,2010,1739572582,11.720473164315216,27.030145112834877,2.9,0.024186135065359705,0.6666666668518517,0.281,Low,Americas
Mexico,2011,1944312208,11.769536271065473,17.720811398656895,2.9,0.014320909193630195,0.6666666668518517,0.275,Low,Americas
Mexico,2012,2427480321,24.850335816026515,7.566406205245923,2.9,0.00356014973417537,0.6666666668518517,0.269,Low,Americas
Mexico,2013,2196849627,-9.500826515660144,17.337521945923474,2.9,0.013914732216677696,0.6666666668518517,0.275,Low,Americas
Mexico,2014,2286525035,4.082000283399467,17.30038197163541,2.9,0.01387537448749199,0.6666666668518517,0.275,Low,Americas
Mexico,2015,2346595571,2.6271540910550284,7.457632274986214,2.9,0.0034448805404914545,0.6666666668518517,0.269,Low,Americas
Mexico,2016,1870764300,-20.2775150895399,13.663372185764574,2.9,0.01002118640734381,0.6666666668518517,0.273,Low,Americas
Mongolia,1996,2023558,,,2.5,0.5,0.8888888889506172,0.656,Medium,Other
Mongolia,1997,837860,-58.59471287702156,,2.5,0.5,0.8888888889506172,0.656,Medium,Other
Mongolia,1998,120550,-85.61215477526079,19.104216376558515,2.5,0.015786922014535878,0.8888888889506172,0.365,Medium,Other
Mongolia,1999,264684,119.56366652841143,111.48054237304625,2.5,0.11367935439860147,0.8888888889506172,0.424,Medium,Other
Mongolia,2000,21692,-91.80456695531275,120.28576650507063,2.5,0.12301036858077963,0.8888888889506172,0.429,Medium,Other
Mongolia,2001,2849156,13034.593398487923,7518.2554830970885,2.5,0.9999999999989403,0.8888888889506172,0.956,High,Other
Mongolia,2002,2481,-99.91292158098749,7580.8711632694,2.5,0.9999999999989403,0.8888888889506172,0.956,High,Other
Mongolia,2003,18968,664.5304312777106,7372.4497028283795,2.5,0.9999999999989403,0.8888888889506172,0.956,High,Other
Mongolia,2004,16425,-13.406790383804301,418.6199204884735,2.5,0.4391590753153176,0.8888888889506172,0.619,Medium,Other
Mongolia,2005,25098,52.80365296803653,373.7629263370218,2.5,0.391623516615025,0.8888888889506172,0.591,Medium,Other
Mongolia,2006,1747,-93.03928599888437,73.02433385889262,2.5,0.0729267941391423,0.8888888889506172,0.399,Medium,Other
Mongolia,2007,11320,547.9679450486549,335.99308258092935,2.5,0.3515983063009605,0.8888888889506172,0.567,Medium,Other
Mongolia,2013,64132,466.53710247349824,348.962029193602,2.5,0.3653416730746281,0.8888888889506172,0.575,Medium,Other
Mongolia,2014,102468,59.776710534522536,261.538932738911,2.5,0.27269824451023733,0.8888888889506172,0.519,Medium,Other
Mongolia,2015,58056,-43.3423117461061,269.58751400715795,2.5,0.28122743409523426,0.8888888889506172,0.524,Medium,Other
Mongolia,2016,85724,47.65743420146067,56.36394145408825,2.5,0.055271552718939874,0.8888888889506172,0.389,Medium,Other
Montenegro,2006,11317556,,,2.8,0.5,0.7222222223765432,0.589,Medium,Other
Montenegro,2007,10112583,-10.646936494062853,,2.8,0.5,0.7222222223765432,0.589,Medium,Other
Montenegro,2008,12439311,23.008246261118458,23.79780794826126,2.8,0.02076078399286137,0.7222222223765432,0.301,Low,Other
Montenegro,2009,12551112,0.8987716441851257,17.101674238385154,2.8,0.013664801235832996,0.7222222223765432,0.297,Low,Other
Montenegro,2010,8739435,-30.369237403028514,26.819374277841664,2.8,0.023962778382892267,0.7222222223765432,0.303,Low,Other
Montenegro,2011,10858662,24.249016097722564,27.404610078381875,2.8,0.024582960614812764,0.7222222223765432,0.304,Low,Other
Montenegro,2012,12190733,12.267358538280316,28.707121784226526,2.8,0.025963249749701062,0.7222222223765432,0.304,Low,Other
Montenegro,2013,8350190,-31.50379062522327,29.34805238981392,2.8,0.02664245251397562,0.7222222223765432,0.305,Low,Other
Montenegro,2014,7384087,-11.569832542732561,21.91456084646651,2.8,0.01876508176519387,0.7222222223765432,0.3,Low,Other
Montenegro,2015,7358000,-0.3532867367353587,15.777238230856668,2.8,0.012261278624217834,0.7222222223765432,0.296,Low,Other
Montenegro,2016,10957617,48.92113346017939,32.17902099589525,2.8,0.029642467938520278,0.7222222223765432,0.307,Low,Other
Montserrat,1999,60,,,,0.5,0.5,0.5,Medium,Other
Montserrat,2000,74,23.33333333333334,,,0.5,0.5,0.5,Medium,Other
Montserrat,2003,182,145.94594594594597,86.70020983737759,,0.08741930344902336,0.5,0.252,Low,Other
Montserrat,2004,1975,985.1648351648353,523.5204603943256,,0.5503235852588721,0.5,0.53,Medium,Other
Montserrat,2008,9036,357.5189873417721,436.46130148364784,,0.45806582619405317,0.5,0.475,Medium,Other
Montserrat,2012,30,-99.66799468791501,544.6438462508125,,0.5727083207348999,0.5,0.544,Medium,Other
Montserrat,2014,11206,37253.333333333336,21435.005809817936,,0.9999999999989403,0.5,0.8,High,Other
Morocco,1993,335241877,,,2.54,0.5,0.8666666667407406,0.647,Medium,Other
Morocco,1994,300372860,-10.40115194200515,,2.54,0.5,0.8666666667407406,0.647,Medium,Other
Morocco,1995,376939148,25.490414813109275,25.37917023995106,2.54,0.02243657483585117,0.8666666667407406,0.36,Medium,Other
Morocco,1996,388866045,3.164143884572046,18.12311686113362,2.54,0.014747237691309789,0.8666666667407406,0.356,Medium,Other
Morocco,1997,359674852,-7.506747728514074,16.838166157032408,2.54,0.013385558185644365,0.8666666667407406,0.355,Medium,Other
Morocco,1998,356068546,-1.0026572555592472,5.377938769330568,2.54,0.001241001422266767,0.8666666667407406,0.347,Medium,Other
Morocco,1999,330515259,-7.17650780644915,3.663529307267119,2.54,0.0,0.8666666667407406,0.347,Medium,Other
Morocco,2000,335959995,1.6473478460490742,4.527681272634636,2.54,0.00033997214223763916,0.8666666667407406,0.347,Medium,Other
Morocco,2001,364726716,8.562543584988447,7.888790564109343,2.54,0.0039017847657842005,0.8666666667407406,0.349,Medium,Other
Morocco,2002,349681972,-4.124936106956312,6.352313687094376,2.54,0.002273559599104734,0.8666666667407406,0.348,Medium,Other
Morocco,2003,388727842,11.166108957999121,8.180940784974434,2.54,0.004211380275602517,0.8666666667407406,0.349,Medium,Other
Morocco,2004,454612676,16.948833317681423,10.888523912521821,2.54,0.007080642452664496,0.8666666667407406,0.351,Medium,Other
Morocco,2005,471568379,3.7297030846539903,6.62678199242695,2.54,0.0025644173457351816,0.8666666667407406,0.348,Medium,Other
Morocco,2006,546476162,15.884818901311437,7.344208277188434,2.54,0.003324683607831763,0.8666666667407406,0.349,Medium,Other
Morocco,2007,913051953,67.0799234239974,33.62027162454336,2.54,0.031169780571832756,0.8666666667407406,0.365,Medium,Other
Morocco,2008,1485756480,62.72419933151383,28.383794139566707,2.54,0.02562061510547453,0.8666666667407406,0.362,Medium,Other
Morocco,2009,755325962,-49.162196351315934,65.89103161169821,2.54,0.06536753801614892,0.8666666667407406,0.386,Medium,Other
Morocco,2010,1623905475,114.99399685668425,83.862936828255,2.54,0.08441260716396838,0.8666666667407406,0.397,Medium,Other
Morocco,2011,2377236109,46.390054445749065,82.44593108541946,2.54,0.08291098716152712,0.8666666667407406,0.396,Medium,Other
Morocco,2012,2501458847,5.225511152623996,55.452894412911334,2.54,0.05430610394280534,0.8666666667407406,0.379,Medium,Other
Morocco,2013,2031201645,-18.799317948563477,32.96808130863644,2.54,0.03047864574142298,0.8666666667407406,0.365,Medium,Other
Morocco,2014,2164297841,6.552584098562009,14.269270440075879,2.54,0.010663264918823554,0.8666666667407406,0.353,Medium,Other
Morocco,2015,1964505653,-9.231270494068756,12.80232098292993,2.54,0.009108718892063827,0.8666666667407406,0.352,Medium,Other
Morocco,2016,2232464707,13.640024582815503,11.707960375410162,2.54,0.007949010269537671,0.8666666667407406,0.351,Medium,Other
Mozambique,2000,17055,,,2.684105,0.5,0.7866083334518841,0.615,Medium,Other
Mozambique,2001,360386,2013.0812078569334,,2.684105,0.5,0.7866083334518841,0.615,Medium,Other
Mozambique,2002,200976,-44.233127812956106,1454.7409177844759,2.684105,0.9999999999989403,0.7866083334518841,0.915,High,Other
Mozambique,2003,250220,24.502428150624954,1168.4542792014222,2.684105,0.9999999999989403,0.7866083334518841,0.915,High,Other
Mozambique,2004,163713,-34.57237630884822,37.21052560582591,2.684105,0.03497442089837797,0.7866083334518841,0.336,Medium,Other
Mozambique,2005,106903,-34.70097060099076,34.144036771104055,2.684105,0.031724821526771495,0.7866083334518841,0.334,Medium,Other
Mozambique,2006,274687,156.94975819200585,110.61249657184703,2.684105,0.11275947461356438,0.7866083334518841,0.382,Medium,Other
Mozambique,2007,593918,116.21627525146803,100.96635873319772,2.684105,0.10253733289109257,0.7866083334518841,0.376,Medium,Other
Mozambique,2008,3284484,453.01977714095216,183.82658115640572,2.684105,0.19034542260880802,0.7866083334518841,0.429,Medium,Other
Mozambique,2009,2484012,-24.371316773045628,245.3241822788348,2.684105,0.25551525583954854,0.7866083334518841,0.468,Medium,Other
Mozambique,2010,123605,-95.02397733988403,298.11798889562357,2.684105,0.31146156122441443,0.7866083334518841,0.502,Medium,Other
Mozambique,2011,6581000,5224.218275959711,3050.874810626058,2.684105,0.9999999999989403,0.7866083334518841,0.915,High,Other
Mozambique,2012,11849418,80.05497644734842,3021.793254603324,2.684105,0.9999999999989403,0.7866083334518841,0.915,High,Other
Mozambique,2013,4209948,-64.47126770276819,3012.5720178540373,2.684105,0.9999999999989403,0.7866083334518841,0.915,High,Other
Mozambique,2014,26398660,527.0543009082297,308.38253561585105,2.684105,0.32233903913797807,0.7866083334518841,0.508,Medium,Other
Mozambique,2015,6605089,-74.97945350256414,344.5909559993572,2.684105,0.36070958814921467,0.7866083334518841,0.531,Medium,Other
Myanmar,1992,1192,,,2.3,0.5,1.0,0.7,High,Other
Myanmar,2012,137016,11394.630872483222,,2.3,0.5,1.0,0.7,High,Other
Myanmar,2015,17495,-87.23141822852806,8118.902686412384,2.3,0.9999999999989403,1.0,1.0,High,Other
Myanmar,2016,386018,2106.4475564446984,6095.2951585509545,2.3,0.9999999999989403,1.0,1.0,High,Other
Namibia,2000,358996,,,2.9,0.5,0.6666666668518517,0.567,Medium,Other
Namibia,2001,312647,-12.910728810348859,,2.9,0.5,0.6666666668518517,0.567,Medium,Other
Namibia,2002,309351,-1.0542240929866553,8.383814886817104,2.9,0.0044263686839731515,0.6666666668518517,0.269,Low,Other
Namibia,2003,326292,5.476303616280531,9.321189639134582,2.9,0.005419717288931285,0.6666666668518517,0.27,Low,Other
Namibia,2004,1952680,498.44556409596316,286.51974276678055,2.9,0.2991707441487853,0.6666666668518517,0.446,Medium,Other
Namibia,2005,793195,-59.379160948030396,305.06648098738106,2.9,0.3188249715454684,0.6666666668518517,0.458,Medium,Other
Namibia,2006,367656,-53.64872446245879,320.4188314356571,2.9,0.335094063349915,0.6666666668518517,0.468,Medium,Other
Namibia,2007,621044,68.919859869008,72.47589772922886,2.9,0.07234560901231522,0.6666666668518517,0.31,Low,Other
Namibia,2008,660059,6.28216358261251,61.289273399398674,2.9,0.06049099308122178,0.6666666668518517,0.303,Low,Other
Namibia,2009,2546514,285.80096627725703,146.6808646761059,2.9,0.1509816083449275,0.6666666668518517,0.357,Medium,Other
Namibia,2010,1044645,-58.97744917169119,183.14918048600742,2.9,0.18962757202741115,0.6666666668518517,0.38,Medium,Other
Namibia,2011,667429,-36.10949174121352,192.79585153653724,2.9,0.1998502788016686,0.6666666668518517,0.387,Medium,Other
Namibia,2012,1722250,158.04242848302965,119.24452391414941,2.9,0.12190694983330704,0.6666666668518517,0.34,Medium,Other
Namibia,2013,4370205,153.74974597183916,110.8752492630675,2.9,0.1130379171666922,0.6666666668518517,0.334,Medium,Other
Namibia,2014,2774029,-36.5240532194714,111.1145516902314,2.9,0.11329150916028778,0.6666666668518517,0.335,Medium,Other
Namibia,2015,499004,-82.01157954729385,125.07107067627457,2.9,0.12808141963161465,0.6666666668518517,0.344,Medium,Other
Namibia,2016,784142,57.14142572003431,70.95291381298854,2.9,0.07073168251724933,0.6666666668518517,0.309,Low,Other
Nepal,1994,629,,,2.51,0.5,0.8833333333981481,0.653,Medium,Other
Nepal,2009,3059,386.3275039745628,,2.51,0.5,0.8833333333981481,0.653,Medium,Other
Nepal,2011,115608,3679.274272638117,2328.464990208329,2.51,0.9999999999989403,0.8833333333981481,0.953,High,Other
Nepal,2012,61089,-47.1585011417895,2037.8791980628819,2.51,0.9999999999989403,0.8833333333981481,0.953,High,Other
Nepal,2015,19488,-68.09900309384669,2157.527372935398,2.51,0.9999999999989403,0.8833333333981481,0.953,High,Other
Neth. Antilles,2008,1400,,,,0.5,0.5,0.5,Medium,Other
Netherlands,1992,944600720,,,4.1,0.5,5.555556015224283e-10,0.3,Low,Europe
Netherlands,1993,715233860,-24.281884942878296,,4.1,0.5,5.555556015224283e-10,0.3,Low,Europe
Netherlands,1994,862461932,20.584605991668226,31.725399987862605,4.1,0.02916175966854085,5.555556015224283e-10,0.017,Low,Europe
Netherlands,1995,1099423189,27.474981585622025,28.10472237144052,4.1,0.025324879007541462,5.555556015224283e-10,0.015,Low,Europe
Netherlands,1996,1028041161,-6.492679862876716,17.955773024083005,4.1,0.014569901181369024,5.555556015224283e-10,0.009,Low,Europe
Netherlands,1997,835325250,-18.745933364432677,23.945484001767472,4.1,0.020917278288630964,5.555556015224283e-10,0.013,Low,Europe
Netherlands,1998,782317508,-6.345760768036168,7.117210209698796,4.1,0.0030841307093122028,5.555556015224283e-10,0.002,Low,Europe
Netherlands,1999,738032586,-5.660735129553052,7.3649615680361675,4.1,0.003346676148660198,5.555556015224283e-10,0.002,Low,Europe
Netherlands,2000,699818633,-5.17781378829254,0.5868806373127822,4.1,0.0,5.555556015224283e-10,0.0,Low,Europe
Netherlands,2001,702660400,0.4060719257813705,3.3719218193867504,4.1,0.0,5.555556015224283e-10,0.0,Low,Europe
Netherlands,2002,671992589,-4.364528156133463,3.016616159675179,4.1,0.0,5.555556015224283e-10,0.0,Low,Europe
Netherlands,2003,993678259,47.870419297139,28.879383165090296,4.1,0.026145797446815944,5.555556015224283e-10,0.016,Low,Europe
Netherlands,2004,923777366,-7.034559966154996,30.95743193810765,4.1,0.02834793361979089,5.555556015224283e-10,0.017,Low,Europe
Netherlands,2005,1105672714,19.690388040964415,27.455702976142483,4.1,0.02463710444425589,5.555556015224283e-10,0.015,Low,Europe
Netherlands,2006,1349139996,22.019832715162767,16.14417796272905,4.1,0.012650129582554388,5.555556015224283e-10,0.008,Low,Europe
Netherlands,2007,1689252964,25.209612716870346,2.770765537192808,4.1,0.0,5.555556015224283e-10,0.0,Low,Europe
Netherlands,2008,2921227881,72.93016163090185,28.516916252827027,4.1,0.025761686395446112,5.555556015224283e-10,0.015,Low,Europe
Netherlands,2009,1725113268,-40.94561128831017,57.1860357514257,4.1,0.05614273707864793,5.555556015224283e-10,0.034,Low,Europe
Netherlands,2010,1928170180,11.770642297326539,56.990031080249864,4.1,0.055935028298145326,5.555556015224283e-10,0.034,Low,Europe
Netherlands,2011,2725246404,41.338478951064374,41.68119452664638,4.1,0.039712048751856376,5.555556015224283e-10,0.024,Low,Europe
Netherlands,2012,3024310769,10.973846789084686,17.305599930833615,4.1,0.013880904028881334,5.555556015224283e-10,0.008,Low,Europe
Netherlands,2013,2921101639,-3.412649621127606,22.84602691125324,4.1,0.019752168854678825,5.555556015224283e-10,0.012,Low,Europe
Netherlands,2014,2821311229,-3.4161909557574255,8.307070059093132,4.1,0.0043450411600891485,5.555556015224283e-10,0.003,Low,Europe
Netherlands,2015,2471977481,-12.381964258647905,5.1774142279507105,4.1,0.001028502874650576,5.555556015224283e-10,0.001,Low,Europe
Netherlands,2016,2002683472,-18.98455841960803,7.814019516896749,4.1,0.0038225488835969936,5.555556015224283e-10,0.002,Low,Europe
New Caledonia,1999,30446,,,,0.5,0.5,0.5,Medium,Other
New Caledonia,2000,1104,-96.37390790251594,,,0.5,0.5,0.5,Medium,Other
New Caledonia,2001,4680,323.9130434782608,297.187753365568,,0.3104757781490983,0.5,0.386,Medium,Other
New Caledonia,2002,5050,7.9059829059829,218.851501959476,,0.22746180123164014,0.5,0.336,Medium,Other
New Caledonia,2003,1736,-65.62376237623762,206.96457381563508,,0.2148650639504948,0.5,0.329,Low,Other
New Caledonia,2004,983,-43.375576036866356,37.70809710629908,,0.03550170409502902,0.5,0.221,Low,Other
New Caledonia,2005,5067,415.46286876907425,271.5609345046003,,0.28331869428043094,0.5,0.37,Medium,Other
New Caledonia,2006,1243,-75.46871916321295,274.64416745350684,,0.2865860376145513,0.5,0.372,Medium,Other
New Caledonia,2007,3067,146.74175382139984,245.83271953114905,,0.25605415959059014,0.5,0.354,Medium,Other
New Caledonia,2008,3153,2.8040430388001303,112.71067990812688,,0.11498294765344212,0.5,0.269,Low,Other
New Caledonia,2009,453,-85.6327307326356,117.28670613230139,,0.11983222405522007,0.5,0.272,Low,Other
New Caledonia,2010,3377,645.4746136865342,399.03309687197515,,0.41840265546625816,0.5,0.451,Medium,Other
New Caledonia,2012,1363,-59.63873260290198,414.80486740110814,,0.43511621235916653,0.5,0.461,Medium,Other
New Caledonia,2013,3810,179.53044754218635,358.58302009686025,,0.37553716625218453,0.5,0.425,Medium,Other
New Caledonia,2014,2816,-26.089238845144358,129.49061786650762,,0.13276487310111643,0.5,0.28,Low,Other
New Caledonia,2015,2933,4.154829545454541,111.01859190437033,,0.11318981928739381,0.5,0.268,Low,Other
New Zealand,1989,11140124,,,3.6,0.5,0.27777777817901217,0.411,Medium,Other
New Zealand,1990,10841243,-2.6829234575844962,,3.6,0.5,0.27777777817901217,0.411,Medium,Other
New Zealand,1991,14285324,31.768322137968873,24.360709380938964,3.6,0.02135729819542222,0.27777777817901217,0.124,Low,Other
New Zealand,1992,6803501,-52.37419186292169,42.30065630146192,3.6,0.040368500708042085,0.27777777817901217,0.135,Low,Other
New Zealand,1993,4730273,-30.472957966787984,43.65318556081564,3.6,0.04180179411563863,0.27777777817901217,0.136,Low,Other
New Zealand,1994,6692220,41.47640104492911,49.09906329304264,3.6,0.04757286383423936,0.27777777817901217,0.14,Low,Other
New Zealand,1995,4961375,-25.86354005098458,40.27535363494778,3.6,0.03822226029200149,0.27777777817901217,0.134,Low,Other
New Zealand,1996,11109865,123.92713713436297,75.0222617184788,3.6,0.07504402510490096,0.27777777817901217,0.156,Low,Other
New Zealand,1997,4389217,-60.49261624691209,98.01961141104933,3.6,0.09941462520733703,0.27777777817901217,0.171,Low,Other
New Zealand,1998,3398240,-22.577534899732687,97.39252004012036,3.6,0.09875008806575783,0.27777777817901217,0.17,Low,Other
New Zealand,1999,7704858,126.73083713922502,98.98077662886372,3.6,0.10043318488785939,0.27777777817901217,0.171,Low,Other
New Zealand,2000,4057378,-47.34000289168211,94.16902103048697,3.6,0.09533410290466107,0.27777777817901217,0.168,Low,Other
New Zealand,2001,3327389,-17.99164386458447,93.19028922456377,3.6,0.09429692767496949,0.27777777817901217,0.168,Low,Other
New Zealand,2002,3236904,-2.7193995051375097,22.677323004628104,3.6,0.019573391060757287,0.27777777817901217,0.123,Low,Other
New Zealand,2003,4799018,48.25950970433477,34.69223251482191,3.6,0.032305751913385625,0.27777777817901217,0.13,Low,Other
New Zealand,2004,3621207,-24.542750204312636,37.3614705004435,3.6,0.035134379228942386,0.27777777817901217,0.132,Low,Other
New Zealand,2005,3612758,-0.23331999523915625,37.06452027021697,3.6,0.034819697084785786,0.27777777817901217,0.132,Low,Other
New Zealand,2006,3309269,-8.400479633565272,12.370824499785405,3.6,0.008651456278027917,0.27777777817901217,0.116,Low,Other
New Zealand,2007,3813321,15.231520918970332,12.002327907360035,3.6,0.008260955493669696,0.27777777817901217,0.116,Low,Other
New Zealand,2008,8498991,122.87635895325883,69.97558021064003,3.6,0.06969598898265028,0.27777777817901217,0.153,Low,Other
New Zealand,2009,23368573,174.95702725182318,81.45760097451463,3.6,0.0818636404792336,0.27777777817901217,0.16,Low,Other
New Zealand,2010,19373693,-17.095096050580405,99.3213826350923,3.6,0.10079412964372256,0.27777777817901217,0.172,Low,Other
New Zealand,2011,5192473,-73.19833136614686,130.13625749488415,3.6,0.1334490660800375,0.27777777817901217,0.191,Low,Other
New Zealand,2012,8185672,57.64496031081914,65.64248626035148,3.6,0.06510415117175322,0.27777777817901217,0.15,Low,Other
New Zealand,2013,5301142,-35.23876842365539,67.31552874246775,3.6,0.06687709674292114,0.27777777817901217,0.151,Low,Other
New Zealand,2014,5787475,9.174117576929653,46.456635876649976,3.6,0.044772648038702574,0.27777777817901217,0.138,Low,Other
New Zealand,2015,5440467,-5.995844474490175,22.574989083198293,3.6,0.019464946430857794,0.27777777817901217,0.123,Low,Other
New Zealand,2016,5960477,9.558186824770743,8.871331612625733,3.6,0.004942996700973272,0.27777777817901217,0.114,Low,Other
Nicaragua,1993,182189,,,2.5,0.5,0.8888888889506172,0.656,Medium,Other
Nicaragua,1994,30111,-83.47265751499816,,2.5,0.5,0.8888888889506172,0.656,Medium,Other
Nicaragua,1997,47680,58.34744777656007,100.281958160251,2.5,0.10181206441902375,0.8888888889506172,0.417,Medium,Other
Nicaragua,1998,33180,-30.411073825503355,71.65490107165255,2.5,0.07147558783619279,0.8888888889506172,0.398,Medium,Other
Nicaragua,1999,29237,-11.883664858348396,46.8219130001423,2.5,0.04515973710862595,0.8888888889506172,0.383,Medium,Other
Nicaragua,2000,16232,-44.48130793173034,16.349529579266434,2.5,0.012867743446496204,0.8888888889506172,0.363,Medium,Other
Nicaragua,2001,95931,490.9992607195663,300.19251672186914,2.5,0.31365996620284287,0.8888888889506172,0.544,Medium,Other
Nicaragua,2002,42047,-56.1695385224797,312.58858717741674,2.5,0.3267962484245881,0.8888888889506172,0.552,Medium,Other
Nicaragua,2003,85215,102.66606416629011,281.4915970003286,2.5,0.29384235060043895,0.8888888889506172,0.532,Medium,Other
Nicaragua,2004,7150,-91.6094584286804,103.46312973229601,2.5,0.10518319462645773,0.8888888889506172,0.419,Medium,Other
Nicaragua,2005,635730,8791.32867132867,5073.414213605377,2.5,0.9999999999989403,0.8888888889506172,0.956,High,Other
Nicaragua,2006,448036,-29.524169065483775,5110.738518585841,2.5,0.9999999999989403,0.8888888889506172,0.956,High,Other
Nicaragua,2007,763631,70.4396521708077,5064.111354784009,2.5,0.9999999999989403,0.8888888889506172,0.956,High,Other
Nicaragua,2008,1630205,113.48072563843007,73.36631773808882,2.5,0.07328919904548083,0.8888888889506172,0.4,Medium,Other
Nicaragua,2009,1809975,11.027447468263185,51.44417408004726,2.5,0.05005800920751087,0.8888888889506172,0.386,Medium,Other
Nicaragua,2010,3239290,78.9687702868824,52.12768396980947,2.5,0.050782333810655736,0.8888888889506172,0.386,Medium,Other
Nicaragua,2011,1404040,-56.65593386205001,67.8123929555246,2.5,0.06740363041760504,0.8888888889506172,0.396,Medium,Other
Nicaragua,2012,862746,-38.55260533887923,73.63543599842356,2.5,0.07357438727762743,0.8888888889506172,0.4,Medium,Other
Nicaragua,2013,1823965,111.41390397637312,92.25431770459885,2.5,0.09330506609416728,0.8888888889506172,0.412,Medium,Other
Nicaragua,2014,2834791,55.41915552107635,75.78044779700491,2.5,0.07584748506746192,0.8888888889506172,0.401,Medium,Other
Nicaragua,2015,698980,-75.34280304967808,95.84029187754588,2.5,0.09710517105038267,0.8888888889506172,0.414,Medium,Other
Niger,1995,273620,,,2.07,0.5,1.0,0.7,High,Other
Niger,1996,40584,-85.16775089540238,,2.07,0.5,1.0,0.7,High,Other
Niger,1997,4194,-89.66587817859255,3.1806563045839926,2.07,0.0,1.0,0.4,Medium,Other
Niger,1998,3626,-13.543156890796372,42.710233573933856,2.07,0.04080253524036408,1.0,0.424,Medium,Other
Niger,1999,343,-90.54054054054053,44.204130311191506,2.07,0.04238563766150097,1.0,0.425,Medium,Other
Niger,2000,25539,7345.772594752187,4271.303664682806,2.07,0.9999999999989403,1.0,1.0,High,Other
Niger,2001,25930,1.5309918164376102,4267.026969204085,2.07,0.9999999999989403,1.0,1.0,High,Other
Niger,2002,54385,109.73775549556497,4209.310981244115,2.07,0.9999999999989403,1.0,1.0,High,Other
Niger,2003,38774,-28.704606049462168,72.78871541933032,2.07,0.07267710611664864,1.0,0.444,Medium,Other
Niger,2004,105923,173.18048176613195,103.23828074662251,2.07,0.10494491913878022,1.0,0.463,Medium,Other
Niger,2005,31282,-70.4672261926116,130.29831843189365,2.07,0.13362080422990616,1.0,0.48,Medium,Other
Niger,2006,18468,-40.96285403746563,132.97373289419826,2.07,0.1364559768406946,1.0,0.482,Medium,Other
Niger,2007,6017,-67.41931990470003,16.226225147315354,2.07,0.012737076085165059,1.0,0.408,Medium,Other
Niger,2008,1167,-80.60495263420309,20.187873743949098,2.07,0.016935288269855565,1.0,0.41,Medium,Other
Niger,2009,2156,84.7472150814053,91.89654930808553,2.07,0.09292593412299353,1.0,0.456,Medium,Other
Niger,2011,2026,-6.029684601113172,82.80826799140951,2.07,0.08329496044350448,1.0,0.45,Medium,Other
Niger,2012,24943,1131.1451135241857,631.9751483606436,2.07,0.6652544736001273,1.0,0.799,High,Other
Niger,2013,28219,13.133945395501744,651.0866222793015,2.07,0.6855071589950107,1.0,0.811,High,Other
Niger,2014,1982,-92.97636344307027,678.1938955877308,2.07,0.7142331003099174,1.0,0.829,High,Other
Niger,2015,131204,6519.7780020181635,3787.6157094569717,2.07,0.9999999999989403,1.0,1.0,High,Other
Niger,2016,120459,-8.18953690436267,3793.6365423585175,2.07,0.9999999999989403,1.0,1.0,High,Other
Nigeria,1999,1707,,,2.6,0.5,0.8333333334259257,0.633,Medium,Middle East & Africa
Nigeria,2000,916,-46.338605741066196,,2.6,0.5,0.8333333334259257,0.633,Medium,Middle East & Africa
Nigeria,2006,1167141,127317.13973799127,90059.57921235912,2.6,0.9999999999989403,0.8333333334259257,0.933,High,Middle East & Africa
Nigeria,2007,402971,-65.47366599236939,73538.86294515037,2.6,0.9999999999989403,0.8333333334259257,0.933,High,Middle East & Africa
Nigeria,2008,9863092,2347.5934992840675,72857.78450502192,2.6,0.9999999999989403,0.8333333334259257,0.933,High,Middle East & Africa
Nigeria,2009,4158591,-57.83684264528811,1390.9856574317537,2.6,0.9999999999989403,0.8333333334259257,0.933,High,Middle East & Africa
Nigeria,2010,935992,-77.49256899752825,1394.4846070640172,2.6,0.9999999999989403,0.8333333334259257,0.933,High,Middle East & Africa
Nigeria,2011,35421951,3684.4288199044436,2166.294500329998,2.6,0.9999999999989403,0.8333333334259257,0.933,High,Middle East & Africa
Nigeria,2012,50028806,41.23673199141402,2138.4962696806438,2.6,0.9999999999989403,0.8333333334259257,0.933,High,Middle East & Africa
Nigeria,2013,15973468,-68.07145867123032,2135.651938350956,2.6,0.9999999999989403,0.8333333334259257,0.933,High,Middle East & Africa
Nigeria,2014,3865534,-75.8002833198151,65.45440936759309,2.6,0.06490484356443339,0.8333333334259257,0.372,Medium,Middle East & Africa
Norway,1993,1899137,,,3.7,0.5,0.2222222226543208,0.389,Medium,Europe
Norway,1994,3027905,59.43583848874514,,3.7,0.5,0.2222222226543208,0.389,Medium,Europe
Norway,1995,1802763,-40.461705370544976,70.6382306867846,3.7,0.07039820858524323,0.2222222226543208,0.131,Low,Europe
Norway,1996,2344906,30.072893663781652,51.34334013749312,3.7,0.049951154125356216,0.2222222226543208,0.119,Low,Europe
Norway,1997,3454003,47.29814329444335,46.500232837183184,3.7,0.04481884832286748,0.2222222226543208,0.116,Low,Europe
Norway,1998,3671908,6.3087669582220895,20.58143141826664,3.7,0.01735234661902421,0.2222222226543208,0.099,Low,Europe
Norway,1999,3945041,7.438448893599725,23.345950367733806,3.7,0.020281944450675063,0.2222222226543208,0.101,Low,Europe
Norway,2000,5120511,29.796141535664656,13.246379166230433,3.7,0.009579293308337842,0.2222222226543208,0.095,Low,Europe
Norway,2001,7004193,36.78699254820466,15.330119769062637,3.7,0.01178746118975412,0.2222222226543208,0.096,Low,Europe
Norway,2002,6316031,-9.82500053896288,25.137570807907935,3.7,0.02218054867535839,0.2222222226543208,0.102,Low,Europe
Norway,2003,6924054,9.626662693707488,23.411993435987995,3.7,0.020351931176427238,0.2222222226543208,0.101,Low,Europe
Norway,2004,6000602,-13.336868834356286,12.369479924945608,3.7,0.008650031414025473,0.2222222226543208,0.094,Low,Europe
Norway,2005,7456287,24.258982682070894,18.95115044760908,3.7,0.015624715995424917,0.2222222226543208,0.098,Low,Europe
Norway,2006,7066018,-5.234093054626254,19.786125370203145,3.7,0.016509550126580314,0.2222222226543208,0.099,Low,Europe
Norway,2007,6493973,-8.09571954104844,17.91115657211577,3.7,0.014522620528449515,0.2222222226543208,0.098,Low,Europe
Norway,2008,7540387,16.113617965458115,13.228792426929827,3.7,0.009560656404680231,0.2222222226543208,0.095,Low,Europe
Norway,2009,6335264,-15.982243351700653,16.725397822922996,3.7,0.013266056068594495,0.2222222226543208,0.097,Low,Europe
Norway,2010,6926708,9.335743545967468,16.916876957086252,3.7,0.013468969076790432,0.2222222226543208,0.097,Low,Europe
Norway,2011,10320408,48.994414085305735,32.75102192091202,3.7,0.030248624995231496,0.2222222226543208,0.107,Low,Europe
Norway,2012,10049898,-2.6211173046646996,27.018326345335144,3.7,0.024173610558827864,0.2222222226543208,0.103,Low,Europe
Norway,2013,10583265,5.307188192357781,27.795667572916855,3.7,0.024997369489912463,0.2222222226543208,0.104,Low,Europe
Norway,2014,12851759,21.4347273738303,12.2585970601583,3.7,0.008532527354119955,0.2222222226543208,0.094,Low,Europe
Norway,2015,19856234,54.50207244004497,25.078820632562287,3.7,0.02211829032609481,0.2222222226543208,0.102,Low,Europe
Norway,2016,24320570,22.48329668153588,18.79605813459687,3.7,0.015460362589927782,0.2222222226543208,0.098,Low,Europe
Oman,1989,28008,,,3.3,0.5,0.4444444447530864,0.478,Medium,Other
Oman,1990,44477,58.801056840902596,,3.3,0.5,0.4444444447530864,0.478,Medium,Other
Oman,1991,17346,-61.00006745059245,84.71218738028857,3.3,0.08531256937122522,0.4444444447530864,0.229,Low,Other
Oman,1992,53975,211.16683961720278,136.4077627589371,3.3,0.14009506437435112,0.4444444447530864,0.262,Low,Other
Oman,1993,725959,1244.9911996294582,689.0187252350204,3.3,0.7257043175604997,0.4444444447530864,0.613,Medium,Other
Oman,1994,2013573,177.36731688704182,606.8712068324339,3.3,0.6386514898581972,0.4444444447530864,0.561,Medium,Other
Oman,1995,5095277,153.04654959119932,623.5323265438377,3.3,0.6563075020149637,0.4444444447530864,0.572,Medium,Other
Oman,1996,4915958,-3.51931798801125,98.17021382027379,3.3,0.09957422060153406,0.4444444447530864,0.238,Low,Other
Oman,1997,2327464,-52.65492504207725,107.4246056836347,3.3,0.1093812238566121,0.4444444447530864,0.243,Low,Other
Oman,1998,957932,-58.84224202823331,30.312859472557893,3.3,0.027664871527639065,0.4444444447530864,0.194,Low,Other
Oman,1999,615824,-35.71318214654068,11.973992336420032,3.3,0.008230927908870386,0.4444444447530864,0.183,Low,Other
Oman,2000,1307424,112.30481436254513,92.85795210320109,3.3,0.09394474556737031,0.4444444447530864,0.234,Low,Other
Oman,2001,291619,-77.69514709841643,99.80965052451131,3.3,0.10131155367888149,0.4444444447530864,0.239,Low,Other
Oman,2002,550989,88.94139270760822,103.61271738636259,3.3,0.10534171467099555,0.4444444447530864,0.241,Low,Other
Oman,2003,98413,-82.13884487712096,97.5157513264054,3.3,0.09888067791364502,0.4444444447530864,0.237,Low,Other
Oman,2004,783342,695.9741091116011,408.9044174461624,3.3,0.4288634263556179,0.4444444447530864,0.435,Medium,Other
Oman,2005,154275726,19594.555634703614,11142.517288083034,3.3,0.9999999999989403,0.4444444447530864,0.778,High,Other
Oman,2006,284771948,84.5863606566337,11091.806884157526,3.3,0.9999999999989403,0.4444444447530864,0.778,High,Other
Oman,2007,298087101,4.67572494184012,11287.224944325668,3.3,0.9999999999989403,0.4444444447530864,0.778,High,Other
Oman,2008,413553768,38.735881764974465,40.10002160704253,3.3,0.0380364585890075,0.4444444447530864,0.201,Low,Other
Oman,2009,494441700,19.559229841184766,17.075113369409035,3.3,0.013636654326521993,0.4444444447530864,0.186,Low,Other
Oman,2010,776811649,57.10884599741486,18.776241489051298,3.3,0.015439362624696187,0.4444444447530864,0.187,Low,Other
Oman,2011,961941637,23.832030356177114,20.557143756287367,3.3,0.017326608657675074,0.4444444447530864,0.188,Low,Other
Oman,2012,990795123,2.9995048441800565,27.292127613482947,3.3,0.024463761437201716,0.4444444447530864,0.192,Low,Other
Oman,2013,905985058,-8.55979839133706,16.415654011054833,3.3,0.01293781639427751,0.4444444447530864,0.186,Low,Other
Oman,2014,658061127,-27.365123608914978,15.32573222003054,3.3,0.011782811645162223,0.4444444447530864,0.185,Low,Other
Oman,2015,684226815,3.9761789484945576,15.774812359978677,3.3,0.012258707896292314,0.4444444447530864,0.185,Low,Other
Oman,2016,503178637,-26.460257626705264,17.839435246074444,3.3,0.014446616476715924,0.4444444447530864,0.186,Low,Other
"Other Asia, nes",1997,22824138,,,,0.5,0.5,0.5,Medium,Other
"Other Asia, nes",1998,15859434,-30.514641998747116,,,0.5,0.5,0.5,Medium,Other
"Other Asia, nes",1999,16402628,3.425052873891965,23.99898839584539,,0.020973977613084744,0.5,0.213,Low,Other
"Other Asia, nes",2000,23321497,42.18146628698767,36.374640040798354,,0.03408862174721464,0.5,0.22,Low,Other
"Other Asia, nes",2001,26748664,14.695313083889939,19.935591972449707,,0.016667941890879903,0.5,0.21,Low,Other
"Other Asia, nes",2002,23767780,-11.144048166293462,26.666994892028153,,0.023801299902756114,0.5,0.214,Low,Other
"Other Asia, nes",2003,27283760,14.793051770085386,14.946656793287488,,0.011381100328105555,0.5,0.207,Low,Other
"Other Asia, nes",2004,40465800,48.314601799751934,29.809837652710808,,0.027131812554402106,0.5,0.216,Low,Other
"Other Asia, nes",2005,47823151,18.181652160589934,18.453416950772002,,0.015097261129052977,0.5,0.209,Low,Other
"Other Asia, nes",2006,49763387,4.057106149279033,22.606132557463024,,0.019497949588493452,0.5,0.212,Low,Other
"Other Asia, nes",2007,57903646,16.35792796820683,7.682653484490576,,0.003683338536073829,0.5,0.202,Low,Other
"Other Asia, nes",2008,134688353,132.60772387286286,70.93493096071705,,0.07071262584736049,0.5,0.242,Low,Other
"Other Asia, nes",2009,78747994,-41.53318216015307,88.68525885941413,,0.08952288653779177,0.5,0.254,Low,Other
"Other Asia, nes",2010,87328046,10.895581670308951,89.33800608767129,,0.09021461153569306,0.5,0.254,Low,Other
"Other Asia, nes",2011,122336248,40.08815449735357,41.35824017615415,,0.039369809692468984,0.5,0.224,Low,Other
"Other Asia, nes",2012,146630938,19.85894646695394,14.954202721850605,,0.011389096849873137,0.5,0.207,Low,Other
"Other Asia, nes",2013,123117084,-16.036079643710664,28.424178132191965,,0.025663410564428127,0.5,0.215,Low,Other
"Other Asia, nes",2014,112029693,-9.005566603575499,19.0220973602263,,0.01569989939086006,0.5,0.209,Low,Other
"Other Asia, nes",2015,125622121,12.132879807141839,14.661470519756042,,0.011078884606735537,0.5,0.207,Low,Other
"Other Asia, nes",2016,108854364,-13.347774155158554,13.631779105129612,,0.009987706795803727,0.5,0.206,Low,Other
Pakistan,2003,4600418,,,2.42,0.5,0.9333333333703703,0.673,High,Asia Pacific
Pakistan,2004,8784274,90.94512716018414,,2.42,0.5,0.9333333333703703,0.673,High,Asia Pacific
Pakistan,2005,7758211,-11.680680725578462,72.56740468077061,2.42,0.07244258015692226,0.9333333333703703,0.417,Medium,Asia Pacific
Pakistan,2006,1508773,-80.55256553347157,86.30068709696032,2.42,0.08699592383925536,0.9333333333703703,0.426,Medium,Asia Pacific
Pakistan,2007,112345,-92.55388318852471,43.64218719515535,2.42,0.041790138999946144,0.9333333333703703,0.398,Medium,Asia Pacific
Pakistan,2008,978389,770.8789888290534,495.07508653909696,2.42,0.5201796408367017,0.9333333333703703,0.685,High,Asia Pacific
Pakistan,2009,510176,-47.85550532559135,486.1139169273602,2.42,0.5106833691368243,0.9333333333703703,0.68,High,Asia Pacific
Pakistan,2010,363750,-28.701075707206925,467.26533213590716,2.42,0.4907092708781125,0.9333333333703703,0.668,High,Asia Pacific
Pakistan,2011,219090,-39.76907216494845,9.615812678913658,2.42,0.0057319332781389275,0.9333333333703703,0.377,Medium,Asia Pacific
Pakistan,2012,203159,-7.27144096033594,16.521833155372832,2.42,0.013050335858475974,0.9333333333703703,0.381,Medium,Asia Pacific
Pakistan,2013,51108,-74.8433492978406,33.79414087944347,2.42,0.03135403215464223,0.9333333333703703,0.392,Medium,Asia Pacific
Pakistan,2015,65121,27.41840807701339,52.00451173375843,2.42,0.050651806539093985,0.9333333333703703,0.404,Medium,Asia Pacific
Pakistan,2016,6516,-89.99401114847745,63.86533457764631,2.42,0.063220879683536,0.9333333333703703,0.411,Medium,Asia Pacific
Panama,1996,1715,,,3.1,0.5,0.555555555802469,0.522,Medium,Other
Panama,1997,16678,872.4781341107871,,3.1,0.5,0.555555555802469,0.522,Medium,Other
Panama,1998,39204,135.06415637366592,521.4304241996641,3.1,0.5481087458543051,0.555555555802469,0.551,Medium,Other
Panama,1999,3761,-90.40659116416691,503.6141755228196,3.1,0.5292286280305891,0.555555555802469,0.54,Medium,Other
Panama,2000,19494,418.31959585216697,254.90947260599714,3.1,0.26567291663750076,0.555555555802469,0.382,Medium,Other
Panama,2005,34987,79.47573612393558,258.9972650294867,3.1,0.2700048051284087,0.555555555802469,0.384,Medium,Other
Panama,2006,803021,2195.198216480407,1136.3974075711794,3.1,0.9999999999989403,0.555555555802469,0.822,High,Other
Panama,2007,1168503,45.5133800984034,1231.4341199920298,3.1,0.9999999999989403,0.555555555802469,0.822,High,Other
Panama,2008,1548833,32.548482973513984,1244.8806404742597,3.1,0.9999999999989403,0.555555555802469,0.822,High,Other
Panama,2009,1128514,-27.137786966057675,38.748616002350964,3.1,0.03660435593333632,0.555555555802469,0.244,Low,Other
Panama,2010,2784085,146.70362972900648,88.33146523994499,3.1,0.08914796669119476,0.555555555802469,0.276,Low,Other
Panama,2011,2561379,-7.999252896373498,95.32409938160511,3.1,0.09655815493493373,0.555555555802469,0.28,Low,Other
Panama,2012,2654359,3.6300758302461267,86.15709005885185,3.1,0.0868437521308447,0.555555555802469,0.274,Low,Other
Panama,2013,2102156,-20.80362904942399,12.221560657615752,3.1,0.008493279381302947,0.555555555802469,0.227,Low,Other
Panama,2014,1711601,-18.578782925720073,13.510423640426158,3.1,0.009859104781220774,0.555555555802469,0.228,Low,Other
Panama,2015,2434945,42.26125130798592,35.78556235952889,3.1,0.03346436822272584,0.555555555802469,0.242,Low,Other
Panama,2016,5609281,130.36581935115578,74.88704741481008,3.1,0.0749007366926756,0.555555555802469,0.267,Low,Other
Papua New Guinea,2001,639135,,,2.7,0.5,0.7777777779012344,0.611,Medium,Other
Papua New Guinea,2002,40301,-93.69444640021278,,2.7,0.5,0.7777777779012344,0.611,Medium,Other
Papua New Guinea,2003,6472,-83.9408451403191,6.8968375918604785,2.7,0.002850598888704212,0.7777777779012344,0.313,Low,Other
Papua New Guinea,2004,43752,576.0197775030903,383.8750443125595,2.7,0.4023394637421889,0.7777777779012344,0.553,Medium,Other
Papua New Guinea,2011,49810,13.846224172609256,356.1716436469237,2.7,0.37298179826659356,0.7777777779012344,0.535,Medium,Other
Papua New Guinea,2012,19724,-60.40152579803253,347.9903992294955,2.7,0.3643120237620191,0.7777777779012344,0.53,Medium,Other
Paraguay,1997,7394,,,2.7,0.5,0.7777777779012344,0.611,Medium,Other
Paraguay,2002,9125,23.410873681363277,,2.7,0.5,0.7777777779012344,0.611,Medium,Other
Paraguay,2005,267283,2829.1287671232876,1983.9421485492198,2.7,0.9999999999989403,0.7777777779012344,0.911,High,Other
Paraguay,2008,10767,-95.97168544202212,1655.4212832690464,2.7,0.9999999999989403,0.7777777779012344,0.911,High,Other
Paraguay,2009,32510,201.94111637410606,1609.7142421007898,2.7,0.9999999999989403,0.7777777779012344,0.911,High,Other
Paraguay,2010,301378,827.0316825592125,471.0671344159586,2.7,0.4947380917759221,0.7777777779012344,0.608,Medium,Other
Paraguay,2012,297243,-1.3720311369774807,431.7266042204104,2.7,0.4530484039627543,0.7777777779012344,0.583,Medium,Other
Paraguay,2013,972991,227.33857483607687,427.82260295610746,2.7,0.4489112814297839,0.7777777779012344,0.58,Medium,Other
Paraguay,2014,396915,-59.206714142268524,151.52645229935337,2.7,0.15611654257892,0.7777777779012344,0.405,Medium,Other
Paraguay,2015,474760,19.61251149490446,148.02634357716502,2.7,0.15240743039322074,0.7777777779012344,0.403,Medium,Other
Paraguay,2016,692876,45.942370882129914,54.714504333653544,2.7,0.05352362206633889,0.7777777779012344,0.343,Medium,Other
Peru,1992,119842,,,3.0,0.5,0.6111111113271603,0.544,Medium,Other
Peru,1994,399626,233.46072328565947,,3.0,0.5,0.6111111113271603,0.544,Medium,Other
Peru,1995,888824,122.41395704984161,78.52192143418414,3.0,0.07875266147240435,0.6111111113271603,0.292,Low,Other
Peru,1996,829023,-6.728103651566563,120.2079647382813,3.0,0.12292792100438354,0.6111111113271603,0.318,Low,Other
Peru,1997,1891970,128.21682872489663,76.29054106503153,3.0,0.07638803774923628,0.6111111113271603,0.29,Low,Other
Peru,1998,2107165,11.374123268339353,73.24620947183979,3.0,0.07316191870383791,0.6111111113271603,0.288,Low,Other
Peru,1999,665867,-68.39986427261273,98.88902102177356,3.0,0.10033595023963064,0.6111111113271603,0.305,Low,Other
Peru,2000,2126789,219.40147206574287,148.58716641195488,3.0,0.15300174187770427,0.6111111113271603,0.336,Medium,Other
Peru,2001,1576713,-25.86415483623434,155.34591696974164,3.0,0.16016408054880557,0.6111111113271603,0.341,Medium,Other
Peru,2002,1669686,5.896634327236483,133.3843389143145,3.0,0.13689110155070144,0.6111111113271603,0.327,Low,Other
Peru,2003,1588839,-4.8420481455794695,16.15547378471533,3.0,0.012662099916707496,0.6111111113271603,0.252,Low,Other
Peru,2004,3526797,121.97321440372497,70.32211904153921,3.0,0.07006322083243766,0.6111111113271603,0.286,Low,Other
Peru,2005,6535240,85.30241462720991,65.25958746970072,3.0,0.06469838818465255,0.6111111113271603,0.283,Low,Other
Peru,2006,6602702,1.032280375319039,62.011978153074374,3.0,0.061256853007665826,0.6111111113271603,0.281,Low,Other
Peru,2007,13632976,106.47571251890513,55.77944880309303,3.0,0.054652158012565566,0.6111111113271603,0.277,Low,Other
Peru,2008,29884138,119.20480165152495,64.86536296712418,3.0,0.06428062318862876,0.6111111113271603,0.283,Low,Other
Peru,2009,38278993,28.091340630270146,49.3420075354894,3.0,0.04783031510836474,0.6111111113271603,0.273,Low,Other
Peru,2010,34735995,-9.255724151364175,66.07895872443069,3.0,0.06556668689956519,0.6111111113271603,0.284,Low,Other
Peru,2011,34166811,-1.638599959494469,19.734458848373773,3.0,0.016454798420013267,0.6111111113271603,0.254,Low,Other
Peru,2012,32017140,-6.291693421431688,3.839647073363513,3.0,0.0,0.6111111113271603,0.244,Low,Other
Peru,2013,34347373,7.278079803505255,6.895616991220892,3.0,0.002849305401825515,0.6111111113271603,0.246,Low,Other
Peru,2014,39549985,15.147044870069104,10.844959321627542,3.0,0.007034476471040375,0.6111111113271603,0.249,Low,Other
Peru,2015,30579716,-22.680840460495755,19.959986736744067,3.0,0.016693793349989692,0.6111111113271603,0.254,Low,Other
Peru,2016,28477215,-6.875475887349635,18.99890294369399,3.0,0.015675319956382838,0.6111111113271603,0.254,Low,Other
Philippines,1996,104791483,,,3.3,0.5,0.4444444447530864,0.478,Medium,Asia Pacific
Philippines,1997,99089318,-5.441439358196698,,3.3,0.5,0.4444444447530864,0.478,Medium,Asia Pacific
Philippines,1998,91784987,-7.371461573688498,1.3647317964149357,3.3,0.0,0.4444444447530864,0.178,Low,Asia Pacific
Philippines,1999,44207274,-51.836051357723676,26.246538670211578,3.3,0.023355736801813957,0.4444444447530864,0.192,Low,Asia Pacific
Philippines,2000,43719862,-1.1025606328949444,27.659494888116,3.3,0.02485306546833954,0.4444444447530864,0.193,Low,Asia Pacific
Philippines,2001,36557669,-16.38201191028462,26.026709439871485,3.3,0.023122780816230305,0.4444444447530864,0.192,Low,Asia Pacific
Philippines,2002,57584925,57.51804361487052,39.01079995832836,3.3,0.036882195790094434,0.4444444447530864,0.2,Low,Asia Pacific
Philippines,2003,49762400,-13.584327842747035,41.88196204744112,3.3,0.039924804788019394,0.4444444447530864,0.202,Low,Asia Pacific
Philippines,2004,67633613,35.91308497982413,36.45160110943259,3.3,0.034170178424493276,0.4444444447530864,0.198,Low,Asia Pacific
Philippines,2005,92329377,36.514039254416296,28.752395285640457,3.3,0.02601122668673709,0.4444444447530864,0.193,Low,Asia Pacific
Philippines,2006,83666950,-9.38209189909296,26.326377929726224,3.3,0.023440343536594993,0.4444444447530864,0.192,Low,Asia Pacific
Philippines,2007,54150414,-35.278608817460174,36.35764193063065,3.3,0.03407060862174879,0.4444444447530864,0.198,Low,Asia Pacific
Philippines,2008,56670514,4.653888703417852,20.25768454287686,3.3,0.017009267710366906,0.4444444447530864,0.188,Low,Asia Pacific
Philippines,2009,97403845,71.87746876620882,54.154161178729204,3.3,0.05292981890504635,0.4444444447530864,0.21,Low,Asia Pacific
Philippines,2010,120825932,24.046367984754614,34.59983663521446,3.3,0.032207838759777604,0.4444444447530864,0.197,Low,Asia Pacific
Philippines,2011,178490484,47.725311152576076,23.915940531035996,3.3,0.020885970676212152,0.4444444447530864,0.19,Low,Asia Pacific
Philippines,2012,119569118,-33.01092847056205,41.50214415509073,3.3,0.03952230667019446,0.4444444447530864,0.201,Low,Asia Pacific
Philippines,2013,132282085,10.632316448131697,40.41238150134562,3.3,0.0383674705609896,0.4444444447530864,0.201,Low,Asia Pacific
Philippines,2014,56155970,-57.548318050777624,34.53359532184622,3.3,0.03213764195101755,0.4444444447530864,0.197,Low,Asia Pacific
Philippines,2015,12992728,-76.8631402858859,45.96577753746451,3.3,0.04425247886916129,0.4444444447530864,0.204,Low,Asia Pacific
Philippines,2016,11785519,-9.29142055463641,34.80356260826724,3.3,0.03242372990750203,0.4444444447530864,0.197,Low,Asia Pacific
Poland,1994,173663000,,,3.6,0.5,0.27777777817901217,0.411,Medium,Europe
Poland,1995,297763002,71.46024311453793,,3.6,0.5,0.27777777817901217,0.411,Medium,Europe
Poland,1996,304611001,2.2998152738935573,48.903807515882534,3.6,0.04736594866677566,0.27777777817901217,0.14,Low,Europe
Poland,1997,266963521,-12.359199069110439,44.765593872577604,3.6,0.04298062813255732,0.27777777817901217,0.137,Low,Europe
Poland,1998,236200000,-11.523492380069412,8.232749051548282,3.6,0.0042662821909775555,0.27777777817901217,0.114,Low,Europe
Poland,1999,186175000,-21.179085520745133,5.349755159321154,3.6,0.0012111348725049771,0.27777777817901217,0.112,Low,Europe
Poland,2000,249315000,33.91432791728213,29.419693507711454,3.6,0.02671837156806281,0.27777777817901217,0.127,Low,Europe
Poland,2001,190379000,-23.639171329442675,32.54161822953879,3.6,0.030026717093205747,0.27777777817901217,0.129,Low,Europe
Poland,2002,172378000,-9.45534959212938,29.984760023187853,3.6,0.02731718013792167,0.27777777817901217,0.128,Low,Europe
Poland,2003,308375000,78.89463852695819,55.557902773273945,3.6,0.054417382711533915,0.27777777817901217,0.144,Low,Europe
Poland,2004,324245062,5.146351682205097,47.35986326923498,3.6,0.04572981022828159,0.27777777817901217,0.139,Low,Europe
Poland,2005,450871944,39.052832823094775,36.913928621497085,3.6,0.034660113093639866,0.27777777817901217,0.132,Low,Europe
Poland,2006,409999420,-9.06521786150437,24.72166719680953,3.6,0.021739810037092053,0.27777777817901217,0.124,Low,Europe
Poland,2007,564567118,37.69949186757386,27.3986508471752,3.6,0.02457664553752789,0.27777777817901217,0.126,Low,Europe
Poland,2008,1167285122,106.75754658456746,58.267866732403014,3.6,0.05728916788777467,0.27777777817901217,0.145,Low,Europe
Poland,2009,376599073,-67.73718212438588,87.8771087855016,3.6,0.0886664790587839,0.27777777817901217,0.164,Low,Europe
Poland,2010,622316926,65.24653686547974,91.15576759178485,3.6,0.09214091779665606,0.27777777817901217,0.166,Low,Europe
Poland,2011,890687337,43.12439526994321,71.25581614566319,3.6,0.0710526721842497,0.27777777817901217,0.154,Low,Europe
Poland,2012,864134667,-2.981143763583116,34.80930498771459,3.6,0.03242981518406731,0.27777777817901217,0.131,Low,Europe
Poland,2013,768081230,-11.1155634264121,29.251389232551485,3.6,0.026540017268968118,0.27777777817901217,0.127,Low,Europe
Poland,2014,792358438,3.1607604836275005,7.161298711561764,3.6,0.0031308518864209284,0.27777777817901217,0.113,Low,Europe
Poland,2015,768104227,-3.06101504531463,7.157742483264276,3.6,0.003127083303568139,0.27777777817901217,0.113,Low,Europe
Poland,2016,577788032,-24.77739196193748,14.667718972793097,3.6,0.011085506176275529,0.27777777817901217,0.118,Low,Europe
Portugal,1988,16021599,,,3.4,0.5,0.38888888922839493,0.456,Medium,Other
Portugal,1989,12085752,-24.565881345551087,,3.4,0.5,0.38888888922839493,0.456,Medium,Other
Portugal,1990,20687094,71.16927436538496,67.69497780115292,3.4,0.06727920400276115,0.38888888922839493,0.196,Low,Other
Portugal,1991,18143776,-12.294225568849837,52.09281683650673,3.4,0.05074538464156458,0.38888888922839493,0.186,Low,Other
Portugal,1992,20074048,10.638755681287071,43.12002849113365,3.4,0.04123680041372505,0.38888888922839493,0.18,Low,Other
Portugal,1993,11010957,-45.14829794170064,28.040170744944227,3.4,0.02525647278263585,0.38888888922839493,0.171,Low,Other
Portugal,1994,12278328,11.510089449990591,32.463126354623604,3.4,0.029943538199967173,0.38888888922839493,0.174,Low,Other
Portugal,1995,27550477,124.38296973333829,86.30499279183447,3.4,0.08700048664189756,0.38888888922839493,0.208,Low,Other
Portugal,1996,34276337,24.41286225280237,61.78024365864574,3.4,0.061011280853954346,0.38888888922839493,0.192,Low,Other
Portugal,1997,36258547,5.783027515454764,63.779619819730414,3.4,0.06313004660424773,0.38888888922839493,0.193,Low,Other
Portugal,1998,36958886,1.931514244076027,12.02300506743872,3.4,0.008282867357700466,0.38888888922839493,0.161,Low,Other
Portugal,1999,31609348,-14.474294490369655,10.757507530080764,3.4,0.0069418026339018,0.38888888922839493,0.16,Low,Other
Portugal,2000,33767406,6.82727780402177,11.157030991556237,3.4,0.007365183007784852,0.38888888922839493,0.16,Low,Other
Portugal,2001,34092207,0.9618772611671655,11.003297264034341,3.4,0.0072022693135645405,0.38888888922839493,0.16,Low,Other
Portugal,2002,37765191,10.773676224598772,4.937077119795299,3.4,0.000773814415722474,0.38888888922839493,0.156,Low,Other
Portugal,2003,49593152,31.319743623168762,15.491999733725551,3.4,0.011959007560798384,0.38888888922839493,0.163,Low,Other
Portugal,2004,65601574,32.279501008526346,12.14881694804281,3.4,0.008416191896020124,0.38888888922839493,0.161,Low,Other
Portugal,2005,77959003,18.837092231963815,7.499289674243553,3.4,0.0034890254455426702,0.38888888922839493,0.158,Low,Other
Portugal,2006,77081748,-1.1252773460943333,16.80810206323382,3.4,0.013353698861974378,0.38888888922839493,0.164,Low,Other
Portugal,2007,99294203,28.816750497147513,15.245845388314208,3.4,0.011698154497480621,0.38888888922839493,0.163,Low,Other
Portugal,2008,122406139,23.276218854387707,15.930345984273858,3.4,0.012423528965278577,0.38888888922839493,0.163,Low,Other
Portugal,2009,64723964,-47.12359647255927,42.335500837225055,3.4,0.040405425930217266,0.38888888922839493,0.18,Low,Other
Portugal,2010,161513228,149.54161954604635,99.6462849295264,3.4,0.10113843296544729,0.38888888922839493,0.216,Low,Other
Portugal,2011,173538663,7.4454799454568565,101.52692925372912,3.4,0.10313137699477025,0.38888888922839493,0.217,Low,Other
Portugal,2012,168992997,-2.619396693173781,85.0936635851864,3.4,0.08571682482511188,0.38888888922839493,0.207,Low,Other
Portugal,2013,189996385,12.428555249540896,7.665655428677256,3.4,0.00366532546820805,0.38888888922839493,0.158,Low,Other
Portugal,2014,174904281,-7.943363764526357,10.565672145859827,3.4,0.006738512102738726,0.38888888922839493,0.16,Low,Other
Portugal,2015,137375614,-21.4566886444592,17.057915012207545,3.4,0.01361842899658705,0.38888888922839493,0.164,Low,Other
Portugal,2016,112007830,-18.46600227024281,7.097887895018426,3.4,0.003063654593132569,0.38888888922839493,0.157,Low,Other
Qatar,2000,188933192,,,3.5,0.5,0.33333333370370355,0.433,Medium,Other
Qatar,2001,173147664,-8.355084584608086,,3.5,0.5,0.33333333370370355,0.433,Medium,Other
Qatar,2002,186966496,7.980952027166821,11.551322265897749,3.5,0.007783018762744094,0.33333333370370355,0.138,Low,Other
Qatar,2003,278611243,49.01666820562332,29.558738450424187,3.5,0.026865719359891745,0.33333333370370355,0.149,Low,Other
Qatar,2004,394385685,41.55411703898826,21.858549361384412,3.5,0.01870572564275684,0.33333333370370355,0.145,Low,Other
Qatar,2005,685239764,73.74863998930388,16.851544964887818,3.5,0.013399735887877457,0.33333333370370355,0.141,Low,Other
Qatar,2006,673929776,-1.6505154245543774,37.83331911475067,3.5,0.03563440353791237,0.33333333370370355,0.155,Low,Other
Qatar,2007,896381337,33.008121754216724,37.740437186737154,3.5,0.03553597531228549,0.33333333370370355,0.155,Low,Other
Qatar,2009,785834482,-12.33256990489975,23.70339546400415,3.5,0.0206607338162425,0.33333333370370355,0.146,Low,Other
Qatar,2010,40577,-99.99483644445117,67.6143946515521,3.5,0.0671938089576725,0.33333333370370355,0.174,Low,Other
Qatar,2013,67188,65.58148704931367,82.83597462015686,3.5,0.0833243215298216,0.33333333370370355,0.183,Low,Other
Qatar,2014,272269,305.2345656962553,203.7400244453633,3.5,0.2114479657081333,0.33333333370370355,0.26,Low,Other
Rep. of Korea,1988,235711249,,,,0.5,0.5,0.5,Medium,Other
Rep. of Korea,1989,183006836,-22.359736000550402,,,0.5,0.5,0.5,Medium,Other
Rep. of Korea,1990,188692031,3.1065478887357,18.00738202973593,,0.014624591937272,0.5,0.209,Low,Other
Rep. of Korea,1991,168175622,-10.872959971478602,12.753458868646607,,0.009056939053809547,0.5,0.205,Low,Other
Rep. of Korea,1992,184084313,9.459570186694478,10.40191741110882,,0.006564979012671982,0.5,0.204,Low,Other
Rep. of Korea,1993,197930664,7.521744126019048,11.221497904386828,,0.007433499460482029,0.5,0.204,Low,Other
Rep. of Korea,1994,225171703,13.762920029409887,3.1944291708978416,,0.0,0.5,0.2,Low,Other
Rep. of Korea,1995,253383646,12.529080086053268,3.3052496395769397,,0.0,0.5,0.2,Low,Other
Rep. of Korea,1996,295172481,16.492317345532225,2.0281033952111014,,0.0,0.5,0.2,Low,Other
Rep. of Korea,1997,214206130,-27.43018276151563,24.295527546408074,,0.021288224130604712,0.5,0.213,Low,Other
Rep. of Korea,1998,177713751,-17.036103962104164,22.954222288155613,,0.019866824947605565,0.5,0.212,Low,Other
Rep. of Korea,1999,143841379,-19.060073747472693,5.510475670445369,,0.0013814525550739712,0.5,0.201,Low,Other
Rep. of Korea,2000,126743414,-11.88668039674453,3.698436356800821,,0.0,0.5,0.2,Low,Other
Rep. of Korea,2001,129340718,2.0492615103456124,10.733685946814306,,0.006916558582419587,0.5,0.204,Low,Other
Rep. of Korea,2002,127877623,-1.131194431748861,7.303038810210158,,0.0032810557711649086,0.5,0.202,Low,Other
Rep. of Korea,2003,135884053,6.261009402716211,3.7080722268849575,,0.0,0.5,0.2,Low,Other
Rep. of Korea,2004,221392656,62.92762183065,35.04587846078271,,0.03268051526838399,0.5,0.22,Low,Other
Rep. of Korea,2005,197416236,-10.82981722754164,38.60777368912908,,0.036455103443857446,0.5,0.222,Low,Other
Rep. of Korea,2006,239275776,21.203696741538526,36.984662943964345,,0.034735071204440054,0.5,0.221,Low,Other
Rep. of Korea,2007,332927381,39.139609769774594,25.313983710602265,,0.022367495795872126,0.5,0.213,Low,Other
Rep. of Korea,2008,783329397,135.28536302635922,61.34646067996875,,0.06055159520991704,0.5,0.236,Low,Other
Rep. of Korea,2009,362014490,-53.785152020791585,94.53983012757499,,0.09572705428124499,0.5,0.257,Low,Other
Rep. of Korea,2010,424139347,17.160875798093045,95.51124977929186,,0.09675648072299223,0.5,0.258,Low,Other
Rep. of Korea,2011,604205122,42.454390584988566,49.89180011872801,,0.048412937687249205,0.5,0.229,Low,Other
Rep. of Korea,2012,540510788,-10.541839464909398,26.50724027732681,,0.02363200579358914,0.5,0.214,Low,Other
Rep. of Korea,2013,462642467,-14.406432346730513,31.771813142354816,,0.02921094431123851,0.5,0.218,Low,Other
Rep. of Korea,2014,356551774,-22.931464482269416,6.339217342924455,,0.0022596812274299264,0.5,0.201,Low,Other
Rep. of Korea,2015,303584444,-14.855438638204621,4.797568359696661,,0.0006259751103850866,0.5,0.2,Low,Other
Rep. of Korea,2016,280765345,-7.516557403053237,7.710390516250859,,0.0037127318408717645,0.5,0.202,Low,Other
Rep. of Moldova,1994,3500,,,,0.5,0.5,0.5,Medium,Other
Rep. of Moldova,1995,52897,1411.3428571428572,,,0.5,0.5,0.5,Medium,Other
Rep. of Moldova,1996,88623,67.5388018224096,950.2129601030709,,0.9999999999989403,0.5,0.8,High,Other
Rep. of Moldova,1999,474,-99.46515013032734,828.275366238415,,0.8732764489091227,0.5,0.724,High,Other
Rep. of Moldova,2000,2699,469.40928270042195,292.40620253837056,,0.3054087045672783,0.5,0.383,Medium,Other
Rep. of Moldova,2001,3325,23.19377547239718,299.38036320854576,,0.31279931622536367,0.5,0.388,Medium,Other
Rep. of Moldova,2002,163115,4805.714285714285,2641.81603538608,,0.9999999999989403,0.5,0.8,High,Other
Rep. of Moldova,2003,705362,332.4323330165834,2676.390054553811,,0.9999999999989403,0.5,0.8,High,Other
Rep. of Moldova,2004,724521,2.7161939543099756,2682.901253933232,,0.9999999999989403,0.5,0.8,High,Other
Rep. of Moldova,2005,1439133,98.63233777902917,169.59514378730296,,0.17526417743744316,0.5,0.305,Low,Other
Rep. of Moldova,2006,185161,-87.13385072818149,92.89959989880259,,0.09398888029529856,0.5,0.256,Low,Other
Rep. of Moldova,2007,250322,35.1915360146035,94.42573127665001,,0.09560614219766962,0.5,0.257,Low,Other
Rep. of Moldova,2008,205239,-18.010003115986606,61.3351589171453,,0.06053961858017906,0.5,0.236,Low,Other
Rep. of Moldova,2009,99917,-51.316757536335686,43.63375701788664,,0.04178120542795829,0.5,0.225,Low,Other
Rep. of Moldova,2010,55150,-44.80418747560475,17.652581370769667,,0.014248604917405058,0.5,0.209,Low,Other
Rep. of Moldova,2011,25231,-54.25022665457841,4.834708988719688,,0.0006653335334022199,0.5,0.2,Low,Other
Rep. of Moldova,2012,38917,54.242796559787564,60.097516294866054,,0.059228072083712904,0.5,0.236,Low,Other
Rep. of Moldova,2013,9976,-74.36595832155612,69.18042904706938,,0.06885335662338206,0.5,0.241,Low,Other
Rep. of Moldova,2014,37509,275.9923817161187,177.23057335153757,,0.18335554461704448,0.5,0.31,Low,Other
Rep. of Moldova,2015,83213,121.8480897917833,175.59963071517382,,0.1816272128174165,0.5,0.309,Low,Other
Rep. of Moldova,2016,22415,-73.06310312090659,174.92406321520977,,0.18091130487133067,0.5,0.309,Low,Other
Romania,1989,411456000,,,3.2,0.5,0.5000000002777776,0.5,Medium,Other
Romania,1990,111163000,-72.98301641001711,,3.2,0.5,0.5000000002777776,0.5,Medium,Other
Romania,1991,144305022,29.81389671023631,72.68839435237558,3.2,0.07257079453564967,0.5000000002777776,0.244,Low,Other
Romania,1992,211263598,46.40072470935903,64.67200045071493,3.2,0.06407571433499103,0.5000000002777776,0.238,Low,Other
Romania,1993,168256588,-20.357037562145464,34.75831874610462,3.2,0.03237578437957839,0.5000000002777776,0.219,Low,Other
Romania,1994,208213000,23.747309080105673,33.948415416899465,3.2,0.03151751895240758,0.5000000002777776,0.219,Low,Other
Romania,1995,335533008,61.14892345818945,40.798888531991274,3.2,0.03877705724843682,0.5000000002777776,0.223,Low,Other
Romania,1996,355619992,5.986589551869059,28.157908889688407,3.2,0.025381241474712143,0.5000000002777776,0.215,Low,Other
Romania,1997,180330000,-49.29137729692093,55.22016046669844,3.2,0.05405947265662506,0.5000000002777776,0.232,Low,Other
Romania,1998,48257000,-73.23961625908058,40.63242435855792,3.2,0.03860065292983669,0.5000000002777776,0.223,Low,Other
Romania,1999,83694000,73.43390596182937,78.68516952706418,3.2,0.0789256576672811,0.5000000002777776,0.247,Low,Other
Romania,2000,146758000,75.35068224723398,85.2407110894512,3.2,0.08587265303881496,0.5000000002777776,0.252,Low,Other
Romania,2001,168030000,14.494610174573097,34.59522155669018,3.2,0.032202948099129304,0.5000000002777776,0.219,Low,Other
Romania,2002,144457000,-14.029042432898887,45.65412622841628,3.2,0.04392221779448325,0.5000000002777776,0.226,Low,Other
Romania,2003,227896998,57.761131686245726,36.14650684332878,3.2,0.03384686593622145,0.5000000002777776,0.22,Low,Other
Romania,2004,262987223,15.397405541954523,36.08884923191273,3.2,0.03378576539161669,0.5000000002777776,0.22,Low,Other
Romania,2005,405210139,54.07978166300498,23.468290142205873,3.2,0.02041158955152963,0.5000000002777776,0.212,Low,Other
Romania,2006,409116099,0.9639344192224231,27.46496113064186,3.2,0.02464691543482685,0.5000000002777776,0.215,Low,Other
Romania,2007,513434676,25.498526519730035,26.583602663823065,3.2,0.02371292803937162,0.5000000002777776,0.214,Low,Other
Romania,2008,831616450,61.97122805939972,30.697703617803246,3.2,0.028072696033111025,0.5000000002777776,0.217,Low,Other
Romania,2009,329290306,-60.40358436873152,62.82916696555787,3.2,0.06212283895924066,0.5000000002777776,0.237,Low,Other
Romania,2010,542686445,64.80486522430454,71.48517336470842,3.2,0.07129572510733342,0.5000000002777776,0.243,Low,Other
Romania,2011,878114739,61.80885796769808,71.4399666046122,3.2,0.07124781889696746,0.5000000002777776,0.243,Low,Other
Romania,2012,747268752,-14.9007847367427,45.17804772792056,3.2,0.04341771101835256,0.5000000002777776,0.226,Low,Other
Romania,2013,489223902,-34.531732968810125,50.910465319566484,3.2,0.04949243087145392,0.5000000002777776,0.23,Low,Other
Romania,2014,404761996,-17.264468406942225,10.716961279769087,3.2,0.006898835228300347,0.5000000002777776,0.204,Low,Other
Romania,2015,151134359,-62.660931487253556,22.913784406413562,3.2,0.01982397238163169,0.5000000002777776,0.212,Low,Other
Romania,2016,81641063,-45.981136559423916,22.962656092070723,3.2,0.01987576236279928,0.5000000002777776,0.212,Low,Other
Russian Federation,1996,1937646308,,,2.6,0.5,0.8333333334259257,0.633,Medium,CIS
Russian Federation,1997,1599149265,-17.469495934445845,,2.6,0.5,0.8333333334259257,0.633,Medium,CIS
Russian Federation,1998,1496000719,-6.450213764129142,7.791809146438958,2.6,0.0037990122559512156,0.8333333334259257,0.336,Medium,CIS
Russian Federation,1999,1441633294,-3.6341844164581527,7.311753615877279,2.6,0.003290290967686378,0.8333333334259257,0.335,Medium,CIS
Russian Federation,2000,1581234688,9.683557849351399,8.617722696294974,2.6,0.004674243928809018,0.8333333334259257,0.336,Medium,CIS
Russian Federation,2001,1675983375,5.992069850165094,6.875731644854836,2.6,0.0028282326334124605,0.8333333334259257,0.335,Medium,CIS
Russian Federation,2002,1646501176,-1.7590985352107125,5.840121005049842,2.6,0.001730782140120664,0.8333333334259257,0.334,Medium,CIS
Russian Federation,2003,1964488838,19.312932576976195,10.657989884885799,2.6,0.006836342449723877,0.8333333334259257,0.337,Medium,CIS
Russian Federation,2004,2841225334,44.62924293795352,23.226508885743712,2.6,0.02015537070925984,0.8333333334259257,0.345,Medium,CIS
Russian Federation,2005,3881148644,36.60122615251888,12.937347220062152,2.6,0.009251808007656534,0.8333333334259257,0.339,Medium,CIS
Russian Federation,2006,4083713870,5.219208141207177,20.826389312001375,2.6,0.017611931786443432,0.8333333334259257,0.344,Medium,CIS
Russian Federation,2007,5696829841,39.50119970084975,19.01094354285936,2.6,0.01568807954090782,0.8333333334259257,0.343,Medium,CIS
Russian Federation,2008,11832361578,107.70080743578943,52.16786947676761,2.6,0.05082491893168414,0.8333333334259257,0.364,Medium,CIS
Russian Federation,2009,5504913837,-53.4757808007209,80.90508636044945,2.6,0.08127813332775151,0.8333333334259257,0.382,Medium,CIS
Russian Federation,2010,7371152339,33.901320842780706,80.6835533721837,2.6,0.08104337184702895,0.8333333334259257,0.382,Medium,CIS
Russian Federation,2011,10077950419,36.721505071583074,51.28070090107539,2.6,0.04988477448588186,0.8333333334259257,0.363,Medium,CIS
Russian Federation,2012,11176891825,10.904413698326621,14.161764157230495,2.6,0.010549339068116914,0.8333333334259257,0.34,Medium,CIS
Russian Federation,2013,9121229312,-18.392076663048496,27.575089743248167,2.6,0.024763620203573807,0.8333333334259257,0.348,Medium,CIS
Russian Federation,2014,8988265601,-1.4577389346529301,14.707588514746389,2.6,0.01112775646494792,0.8333333334259257,0.34,Medium,CIS
Russian Federation,2015,8852738891,-1.5078182601204193,9.762619901568923,2.6,0.005887506862195729,0.8333333334259257,0.337,Medium,CIS
Russian Federation,2016,6637347167,-25.024930151867952,13.592090601624404,2.6,0.009945648356004378,0.8333333334259257,0.339,Medium,CIS
Rwanda,2004,282,,,2.8,0.5,0.7222222223765432,0.589,Medium,Other
Rwanda,2007,29986,10533.333333333332,,2.8,0.5,0.7222222223765432,0.589,Medium,Other
Rwanda,2008,71070,137.01060494897618,7351.310300644408,2.8,0.9999999999989403,0.7222222223765432,0.889,High,Other
Rwanda,2009,12552,-82.33853946813001,6066.631817173702,2.8,0.9999999999989403,0.7222222223765432,0.889,High,Other
Rwanda,2010,244894,1851.035691523263,1058.6100920250778,2.8,0.9999999999989403,0.7222222223765432,0.889,High,Other
Rwanda,2011,271175,10.731581827239545,1090.360581084958,2.8,0.9999999999989403,0.7222222223765432,0.889,High,Other
Rwanda,2012,139624,-48.51147782797087,1080.0083645410396,2.8,0.9999999999989403,0.7222222223765432,0.889,High,Other
Rwanda,2013,183478,31.40864034836417,41.48193614035376,2.8,0.03950089196577841,0.7222222223765432,0.313,Low,Other
Rwanda,2014,15648,-91.47145706842237,62.35958018729838,2.8,0.061625211548285104,0.7222222223765432,0.326,Low,Other
Rwanda,2015,9706,-37.97290388548057,61.61089218379354,2.8,0.06083181682329198,0.7222222223765432,0.325,Low,Other
Rwanda,2016,167319,1623.8718318565836,975.2771076097922,2.8,0.9999999999989403,0.7222222223765432,0.889,High,Other
Réunion,1994,4811,,,,0.5,0.5,0.5,Medium,Other
Saint Kitts and Nevis,1993,27,,,,0.5,0.5,0.5,Medium,Other
Saint Kitts and Nevis,1994,7,-74.07407407407408,,,0.5,0.5,0.5,Medium,Other
Saint Kitts and Nevis,1995,66,842.8571428571429,648.3682813736967,,0.6826264966561678,0.5,0.61,Medium,Other
Saint Kitts and Nevis,1996,13611,20522.727272727272,11635.909052760877,,0.9999999999989403,0.5,0.8,High,Other
Saint Kitts and Nevis,1997,1518,-88.8472558959665,11640.463664621215,,0.9999999999989403,0.5,0.8,High,Other
Saint Kitts and Nevis,2000,663,-56.324110671936765,11890.720598745269,,0.9999999999989403,0.5,0.8,High,Other
Saint Kitts and Nevis,2001,4347,555.6561085972851,363.07991099184943,,0.3803025818835984,0.5,0.428,Medium,Other
Saint Kitts and Nevis,2002,786,-81.91856452726019,360.9423612006804,,0.37803739168316175,0.5,0.427,Medium,Other
Saint Kitts and Nevis,2003,1004,27.735368956743002,340.8875074177475,,0.35678499398558794,0.5,0.414,Medium,Other
Saint Kitts and Nevis,2004,13068,1201.593625498008,711.4973335065964,,0.7495252004173999,0.5,0.65,Medium,Other
Saint Kitts and Nevis,2005,15,-99.8852157943067,717.4117128532023,,0.7557927475842285,0.5,0.653,Medium,Other
Saint Kitts and Nevis,2006,1719,11360.0,6274.499135429525,,0.9999999999989403,0.5,0.8,High,Other
Saint Kitts and Nevis,2009,2074,20.651541593949972,6581.847786782197,,0.9999999999989403,0.5,0.8,High,Other
Saint Kitts and Nevis,2010,5932,186.01735776277724,6499.564823936696,,0.9999999999989403,0.5,0.8,High,Other
Saint Kitts and Nevis,2011,2148,-63.789615643964936,127.06932894771283,,0.13019900073924723,0.5,0.278,Low,Other
Saint Lucia,1992,1185,,,,0.5,0.5,0.5,Medium,Other
Saint Lucia,1993,66,-94.43037974683544,,,0.5,0.5,0.5,Medium,Other
Saint Lucia,1995,377,471.2121212121212,399.96964815539644,,0.41939513143017576,0.5,0.452,Medium,Other
Saint Lucia,1998,178504,47248.54111405835,27171.66234948681,,0.9999999999989403,0.5,0.8,High,Other
Saint Lucia,1999,217,-99.87843409671491,27173.263470537382,,0.9999999999989403,0.5,0.8,High,Other
Saint Lucia,2000,32959,15088.479262672812,24175.844078742713,,0.9999999999989403,0.5,0.8,High,Other
Saint Lucia,2001,555508,1585.451621711824,8325.245766087886,,0.9999999999989403,0.5,0.8,High,Other
Saint Lucia,2002,139138,-74.95301597816773,8316.83410822745,,0.9999999999989403,0.5,0.8,High,Other
Saint Lucia,2003,6035,-95.6625795972344,964.6689764482473,,0.9999999999989403,0.5,0.8,High,Other
Saint Lucia,2004,741,-87.72162386081193,10.448142977730205,,0.006613964865985427,0.5,0.204,Low,Other
Saint Lucia,2006,4129,457.2199730094467,316.93940529012076,,0.33140686876826186,0.5,0.399,Medium,Other
Saint Lucia,2008,148,-96.41559699685153,317.1617025914211,,0.3316424402017646,0.5,0.399,Medium,Other
Saint Lucia,2009,229,54.72972972972974,286.168845876692,,0.2987988940051881,0.5,0.379,Medium,Other
Saint Lucia,2010,37,-83.84279475982532,83.87026657316528,,0.08442037459301778,0.5,0.251,Low,Other
Saint Lucia,2013,222,500.0,305.0520084407656,,0.31880963479359287,0.5,0.391,Medium,Other
Saint Vincent and the Grenadines,1993,2723,,,,0.5,0.5,0.5,Medium,Other
Saint Vincent and the Grenadines,1994,7407,172.0161586485494,,,0.5,0.5,0.5,Medium,Other
Saint Vincent and the Grenadines,1997,27371,269.5288240853247,68.95186698191885,,0.0686111463355518,0.5,0.241,Low,Other
Saint Vincent and the Grenadines,1999,1462,-94.65858024916884,188.52789438287667,,0.19532746732831893,0.5,0.317,Low,Other
Saint Vincent and the Grenadines,2002,56,-96.16963064295486,210.7012531760866,,0.2188248732164299,0.5,0.331,Medium,Other
Saint Vincent and the Grenadines,2003,215,283.92857142857144,219.01489976208003,,0.22763495607592057,0.5,0.337,Medium,Other
Saint Vincent and the Grenadines,2004,37,-82.7906976744186,215.6913927338528,,0.2241129910753741,0.5,0.334,Medium,Other
Saint Vincent and the Grenadines,2005,4810,12900.0,7392.029441824137,,0.9999999999989403,0.5,0.8,High,Other
Saint Vincent and the Grenadines,2006,674,-85.987525987526,7496.540719385579,,0.9999999999989403,0.5,0.8,High,Other
Saint Vincent and the Grenadines,2007,317,-52.967359050445104,7487.949494144514,,0.9999999999989403,0.5,0.8,High,Other
Saint Vincent and the Grenadines,2008,680,114.51104100946372,107.50117927957709,,0.10946236992387916,0.5,0.266,Low,Other
Saint Vincent and the Grenadines,2009,624,-8.235294117647063,86.71469974086358,,0.0874346585942075,0.5,0.252,Low,Other
Saint Vincent and the Grenadines,2010,2289,266.8269230769231,137.79575105029636,,0.14156593419403768,0.5,0.285,Low,Other
Saint Vincent and the Grenadines,2011,1005,-56.09436435124508,174.27366974859592,,0.18022207418623115,0.5,0.308,Low,Other
Saint Vincent and the Grenadines,2012,2199,118.80597014925374,161.64698542824763,,0.16684140735703043,0.5,0.3,Low,Other
Saint Vincent and the Grenadines,2015,1496,-31.96907685311505,94.78508260251465,,0.09598695162032046,0.5,0.258,Low,Other
Samoa,2001,622,,,,0.5,0.5,0.5,Medium,Other
Samoa,2003,211,-66.07717041800643,,,0.5,0.5,0.5,Medium,Other
Samoa,2008,76,-63.98104265402844,1.4821861561422314,,0.0,0.5,0.2,Low,Other
Samoa,2011,115677,152106.57894736843,87856.31887919128,,0.9999999999989403,0.5,0.8,High,Other
Samoa,2012,2432,-97.89759416305748,87865.50627454353,,0.9999999999989403,0.5,0.8,High,Other
Samoa,2013,421,-82.6891447368421,87870.90553096365,,0.9999999999989403,0.5,0.8,High,Other
Samoa,2014,23,-94.53681710213777,7.9891499339895615,,0.0040081369369073545,0.5,0.202,Low,Other
Saudi Arabia,1991,145902289,,,3.4,0.5,0.38888888922839493,0.456,Medium,Middle East & Africa
Saudi Arabia,1992,297229315,103.71806161313893,,3.4,0.5,0.38888888922839493,0.456,Medium,Middle East & Africa
Saudi Arabia,1993,158845678,-46.55786963678196,106.26113003594247,3.4,0.10814827309846495,0.38888888922839493,0.22,Low,Middle East & Africa
Saudi Arabia,1994,254301243,60.09327178546211,77.30938253451457,3.4,0.07746771772768922,0.38888888922839493,0.202,Low,Middle East & Africa
Saudi Arabia,1995,319010253,25.44580955901974,54.40502798935068,3.4,0.05319566583099037,0.38888888922839493,0.187,Low,Middle East & Africa
Saudi Arabia,1996,420242793,31.733318615311077,18.458360132465994,3.4,0.015102499485033487,0.38888888922839493,0.165,Low,Middle East & Africa
Saudi Arabia,1998,281049700,-33.12206546276214,35.76765204905684,3.4,0.0334453884263554,0.38888888922839493,0.176,Low,Middle East & Africa
Saudi Arabia,1999,239498959,-14.784125725805797,33.43245306021168,3.4,0.03097074671861358,0.38888888922839493,0.174,Low,Middle East & Africa
Saudi Arabia,2000,250147512,4.446179242056747,18.78588864526773,3.4,0.015449585845607261,0.38888888922839493,0.165,Low,Middle East & Africa
Saudi Arabia,2001,325968673,30.310579703067365,22.62853765374367,3.4,0.019521692569707007,0.38888888922839493,0.167,Low,Middle East & Africa
Saudi Arabia,2002,317839064,-2.4939847517187586,17.28811025211761,3.4,0.013862369981627815,0.38888888922839493,0.164,Low,Middle East & Africa
Saudi Arabia,2003,443809888,39.63352471991926,22.127598932624142,3.4,0.01899084108414762,0.38888888922839493,0.167,Low,Middle East & Africa
Saudi Arabia,2004,460865643,3.8430317712975226,22.71506188340414,3.4,0.019613383457066424,0.38888888922839493,0.167,Low,Middle East & Africa
Saudi Arabia,2005,635149157,37.81655600654092,20.159617678969887,3.4,0.016905344938589906,0.38888888922839493,0.166,Low,Middle East & Africa
Saudi Arabia,2006,669040547,5.335973389318371,19.198166018275952,3.4,0.01588648171070393,0.38888888922839493,0.165,Low,Middle East & Africa
Saudi Arabia,2007,1135848076,69.77268135588798,32.21870969914423,3.4,0.02968452658999078,0.38888888922839493,0.173,Low,Middle East & Africa
Saudi Arabia,2008,1714919477,50.981413204418715,33.13786169983249,3.4,0.03065856430049115,0.38888888922839493,0.174,Low,Middle East & Africa
Saudi Arabia,2009,1067910403,-37.72824804181754,57.41510483390946,3.4,0.056385484659550573,0.38888888922839493,0.189,Low,Middle East & Africa
Saudi Arabia,2010,1249532228,17.007215632489725,44.75790634573194,3.4,0.04297248155718942,0.38888888922839493,0.181,Low,Middle East & Africa
Saudi Arabia,2011,1615079086,29.254696262223987,35.66671322361944,3.4,0.03333842219840178,0.38888888922839493,0.176,Low,Middle East & Africa
Saudi Arabia,2012,1618563354,0.21573358420665656,14.578614500749696,3.4,0.010991080971435082,0.38888888922839493,0.162,Low,Middle East & Africa
Saudi Arabia,2013,1038202630,-35.85653428799921,32.61886521279718,3.4,0.03010857675804869,0.38888888922839493,0.174,Low,Middle East & Africa
Saudi Arabia,2014,1124423842,8.30485393780982,23.511949400145024,3.4,0.020457855853091667,0.38888888922839493,0.168,Low,Middle East & Africa
Saudi Arabia,2015,1070582940,-4.788310242891491,22.682201919899065,3.4,0.019578561312746833,0.38888888922839493,0.167,Low,Middle East & Africa
Senegal,1996,42900310,,,2.25,0.5,1.0,0.7,High,Other
Senegal,1997,42211913,-1.6046434163296208,,2.25,0.5,1.0,0.7,High,Other
Senegal,1998,52003368,23.195951815782422,17.536669066089186,2.25,0.014125771092547737,1.0,0.408,Medium,Other
Senegal,1999,34796536,-33.08791845943516,28.207978139953042,2.25,0.025434300531166045,1.0,0.415,Medium,Other
Senegal,2000,14505738,-58.31269526368948,41.728932741979456,2.25,0.03976263757930992,1.0,0.424,Medium,Other
Senegal,2001,20045002,38.186709287042135,50.047472470094355,2.25,0.04857790576717456,1.0,0.429,Medium,Other
Senegal,2002,37458973,86.87437895990233,73.89396770421122,2.25,0.07384835679584487,1.0,0.444,Medium,Other
Senegal,2003,49848634,33.07528212265722,29.695562761501446,2.25,0.027010713918574847,1.0,0.416,Medium,Other
Senegal,2004,68879429,38.17716449361481,29.69789757150595,2.25,0.027013188148070664,1.0,0.416,Medium,Other
Senegal,2005,35389478,-48.62112169948447,48.70707355757254,2.25,0.04715746705090968,1.0,0.428,Medium,Other
Senegal,2006,10042476,-71.62298918339513,57.90668087722629,2.25,0.05690641438979173,1.0,0.434,Medium,Other
Senegal,2007,26154310,160.4368683579627,127.85806362051265,2.25,0.13103483345713385,1.0,0.479,Medium,Other
Senegal,2008,42466017,62.3671853702124,116.49235102238784,2.25,0.1189904352846956,1.0,0.471,Medium,Other
Senegal,2009,11081797,-73.9043174216221,117.68841386407065,2.25,0.12025791912964719,1.0,0.472,Medium,Other
Senegal,2010,9287287,-16.19331233012119,68.40106527038438,2.25,0.06802745436986932,1.0,0.441,Medium,Other
Senegal,2011,13065081,40.677045944633775,57.29119564389189,2.25,0.056254176427980286,1.0,0.434,Medium,Other
Senegal,2012,7373127,-43.566159291320126,42.97368968234565,2.25,0.04108172321412968,1.0,0.425,Medium,Other
Senegal,2013,11456479,55.381549782066685,53.39130577226301,2.25,0.052121410793003115,1.0,0.431,Medium,Other
Senegal,2014,31812608,177.68224425672145,110.82942229120349,2.25,0.11298935370959244,1.0,0.468,Medium,Other
Senegal,2015,10508492,-66.96752432243215,122.32488508683505,2.25,0.1251712499076258,1.0,0.475,Medium,Other
Senegal,2016,17345601,65.06270357345278,122.4531551844644,2.25,0.12530717945151734,1.0,0.475,Medium,Other
Serbia,2005,14898443,,,2.8,0.5,0.7222222223765432,0.589,Medium,Other
Serbia,2006,8920679,-40.12341423865568,,2.8,0.5,0.7222222223765432,0.589,Medium,Other
Serbia,2007,25709918,188.2058417302091,161.45316523886328,2.8,0.16663601350119883,0.7222222223765432,0.389,Medium,Other
Serbia,2008,64311976,150.14461734183672,122.32799473461547,2.8,0.1251745452431114,0.7222222223765432,0.364,Medium,Other
Serbia,2009,26070071,-59.46311616984059,133.36914401836043,2.8,0.1368749993155376,0.7222222223765432,0.371,Medium,Other
Serbia,2010,39475786,51.42185842148264,104.86265832575734,2.8,0.10666629385915712,0.7222222223765432,0.353,Medium,Other
Serbia,2011,60519679,53.30835717875257,64.57094505127945,2.8,0.06396862457200718,0.7222222223765432,0.327,Low,Other
Serbia,2012,66622826,10.08456604669037,24.428899341655576,2.8,0.021429560011928937,0.7222222223765432,0.302,Low,Other
Serbia,2013,70483592,5.794959823529555,26.281234653941773,2.8,0.023392504601406204,0.7222222223765432,0.303,Low,Other
Serbia,2014,86539307,22.779365444371802,8.832031548012425,2.8,0.004901349895080669,0.7222222223765432,0.292,Low,Other
Serbia,2015,80054344,-7.4936618108115916,15.174066025223901,2.8,0.011622088943107347,0.7222222223765432,0.296,Low,Other
Serbia,2016,85442278,6.730345576250052,15.14567927423362,2.8,0.011592007122121904,0.7222222223765432,0.296,Low,Other
Serbia and Montenegro,1992,22591000,,,,0.5,0.5,0.5,Medium,Other
Serbia and Montenegro,1996,13617000,-39.72378380771103,,,0.5,0.5,0.5,Medium,Other
Serbia and Montenegro,1997,16361000,20.151281486377325,42.33806469343718,,0.04040814288305319,0.5,0.224,Low,Other
Serbia and Montenegro,1998,12454000,-23.879958437748307,31.023647796428705,,0.02841810345349583,0.5,0.217,Low,Other
Serbia and Montenegro,1999,1648000,-86.76730367753332,53.73569908049372,,0.05248636900362497,0.5,0.231,Low,Other
Serbia and Montenegro,2000,2595000,57.46359223300972,72.311989280469,,0.0721719130294504,0.5,0.243,Low,Other
Serbia and Montenegro,2001,2186982,-15.723236994219658,72.11810073113483,,0.07196644673166257,0.5,0.243,Low,Other
Serbia and Montenegro,2002,2226440,1.8042215253714966,38.21319432268983,,0.03603696239383592,0.5,0.222,Low,Other
Serbia and Montenegro,2004,12594876,465.6957295053988,273.0283148575438,,0.28487369693325015,0.5,0.371,Medium,Other
Seychelles,1996,6034,,,,0.5,0.5,0.5,Medium,Other
Seychelles,2010,114,-98.11070599933709,,,0.5,0.5,0.5,Medium,Other
Sierra Leone,2014,2,,,2.08,0.5,1.0,0.7,High,Other
Singapore,1989,29679643,,,4.3,0.5,5.555556015224283e-10,0.3,Low,Asia Pacific
Singapore,1990,29485234,-0.6550247251963293,,4.3,0.5,5.555556015224283e-10,0.3,Low,Asia Pacific
Singapore,1991,28106362,-4.676483150854427,2.8436005230426185,4.3,0.0,5.555556015224283e-10,0.0,Low,Asia Pacific
Singapore,1992,34949688,24.347960792649005,15.725455790450363,4.3,0.01220640407717914,5.555556015224283e-10,0.007,Low,Asia Pacific
Singapore,1993,23884968,-31.658995067423778,28.00968106527194,4.3,0.02522416245990398,5.555556015224283e-10,0.015,Low,Asia Pacific
Singapore,1994,20492747,-14.202325914776193,28.657863981351387,4.3,0.02591105059493574,5.555556015224283e-10,0.016,Low,Asia Pacific
Singapore,1995,14281366,-30.310143388780432,9.712676274949596,4.3,0.005834580930804677,5.555556015224283e-10,0.004,Low,Asia Pacific
Singapore,1996,15497087,8.512638076777801,19.504870048426035,4.3,0.016211500087539236,5.555556015224283e-10,0.01,Low,Asia Pacific
Singapore,1997,15868961,2.399638073916721,20.874653422651427,4.3,0.017663077912222096,5.555556015224283e-10,0.011,Low,Asia Pacific
Singapore,1998,13075387,-17.604013268417507,13.660126363173102,4.3,0.010017746765583445,5.555556015224283e-10,0.006,Low,Asia Pacific
Singapore,1999,15771718,20.621424054217297,19.119639160839437,4.3,0.01580326574601803,5.555556015224283e-10,0.009,Low,Asia Pacific
Singapore,2000,6222388,-60.54717691503233,40.60714458029911,4.3,0.03857386360955154,5.555556015224283e-10,0.023,Low,Asia Pacific
Singapore,2001,5952592,-4.335891622316057,41.575068617587284,4.3,0.039599585701776206,5.555556015224283e-10,0.024,Low,Asia Pacific
Singapore,2002,7772205,30.568414566293136,45.97113260108476,4.3,0.04425815370194667,5.555556015224283e-10,0.027,Low,Asia Pacific
Singapore,2003,7324037,-5.766291547894065,20.57736419328946,4.3,0.01734803652613218,5.555556015224283e-10,0.01,Low,Asia Pacific
Singapore,2004,8116020,10.813476229025065,18.190460671508482,4.3,0.014818602830943694,5.555556015224283e-10,0.009,Low,Asia Pacific
Singapore,2005,10163432,25.22679835683008,15.509159530950045,4.3,0.011977192028208215,5.555556015224283e-10,0.007,Low,Asia Pacific
Singapore,2006,10053965,-1.0770672741255094,13.172080490514492,4.3,0.009500558004565045,5.555556015224283e-10,0.006,Low,Asia Pacific
Singapore,2007,9510455,-5.405926915401038,16.578079053020666,4.3,0.01310994039105482,5.555556015224283e-10,0.008,Low,Asia Pacific
Singapore,2008,34696528,264.8251108911193,154.78346228026888,4.3,0.15956803976601447,5.555556015224283e-10,0.096,Low,Asia Pacific
Singapore,2009,28306137,-18.417955249009353,159.90661920414937,4.3,0.16499711791297386,5.555556015224283e-10,0.099,Low,Asia Pacific
Singapore,2010,29945030,5.789885776360082,157.00950180048812,4.3,0.16192700371989163,5.555556015224283e-10,0.097,Low,Asia Pacific
Singapore,2011,21719728,-27.468003872428916,17.195009794932083,4.3,0.013763710177704605,5.555556015224283e-10,0.008,Low,Asia Pacific
Singapore,2012,14564974,-32.941268877768636,20.960861124771554,4.3,0.017754433371099096,5.555556015224283e-10,0.011,Low,Asia Pacific
Singapore,2013,9423192,-35.30237678419474,4.01888996459408,4.3,0.0,5.555556015224283e-10,0.0,Low,Asia Pacific
Singapore,2014,23974595,154.42116641579625,108.86174705717336,4.3,0.11090418185713732,5.555556015224283e-10,0.067,Low,Asia Pacific
Singapore,2015,28527525,18.990644054675364,97.71061128247956,4.3,0.09908717362419188,5.555556015224283e-10,0.059,Low,Asia Pacific
Singapore,2016,26569915,-6.862179596722817,86.62381560397651,4.3,0.08733834745464844,5.555556015224283e-10,0.052,Low,Asia Pacific
Slovakia,1994,77218182,,,,0.5,0.5,0.5,Medium,Other
Slovakia,1995,103022662,33.417621772032916,,,0.5,0.5,0.5,Medium,Other
Slovakia,1996,112193157,8.901434715402722,17.335562116581077,,0.013912655359221898,0.5,0.208,Low,Other
Slovakia,1997,83111969,-25.920643270605183,29.817920342554814,,0.027140377889302583,0.5,0.216,Low,Other
Slovakia,1998,69385309,-16.51586427942767,18.014189182091602,,0.014631805567977893,0.5,0.209,Low,Other
Slovakia,1999,42255478,-39.100252475635735,11.344650404979744,,0.00756400581811395,0.5,0.205,Low,Other
Slovakia,2000,57540098,36.171925448340694,38.626326397966196,,0.036474763998396574,0.5,0.222,Low,Other
Slovakia,2001,67228316,16.837333158521915,39.09121963436078,,0.03696741760004876,0.5,0.222,Low,Other
Slovakia,2002,61431711,-8.622267141125473,22.46678064822785,,0.019350276500121076,0.5,0.212,Low,Other
Slovakia,2003,80605226,31.211103659476457,20.17215058428395,,0.0169186262265476,0.5,0.21,Low,Other
Slovakia,2004,116753384,44.84592351369376,27.783247811391984,,0.02498420810194661,0.5,0.215,Low,Other
Slovakia,2005,96248989,-17.562141924725715,32.811340592951254,,0.0303125455014911,0.5,0.218,Low,Other
Slovakia,2006,123767332,28.590786548417668,32.3756310522102,,0.029850818253779304,0.5,0.218,Low,Other
Slovakia,2007,125664670,1.5329877192472807,23.190663567648237,,0.0201173849446162,0.5,0.212,Low,Other
Slovakia,2008,212895407,69.41548249002682,34.17312143705343,,0.031755642937605376,0.5,0.219,Low,Other
Slovakia,2009,151134485,-29.009983291936404,50.379358353878985,,0.04892960969225649,0.5,0.229,Low,Other
Slovakia,2010,182966536,21.062069983564633,49.215233642035955,,0.04769597111211804,0.5,0.229,Low,Other
Slovakia,2011,340599948,86.15423095729373,57.74512415649923,,0.05673521056468435,0.5,0.234,Low,Other
Slovakia,2012,316998249,-6.929448797214732,47.758220898822714,,0.046151955154467295,0.5,0.228,Low,Other
Slovakia,2013,347074473,9.48782023083037,49.68540478627816,,0.04819421778354789,0.5,0.229,Low,Other
Slovakia,2014,310400736,-10.566532503241744,10.684351203250834,,0.006864277892574268,0.5,0.204,Low,Other
Slovakia,2015,330398238,6.442478925049966,10.807078213058938,,0.006994333351911276,0.5,0.204,Low,Other
Slovakia,2016,246803872,-25.301093161398757,15.885360746948939,,0.012375857505566289,0.5,0.207,Low,Other
Slovenia,1994,355874,,,3.3,0.5,0.4444444447530864,0.478,Medium,Other
Slovenia,1995,547778,53.9247036872601,,3.3,0.5,0.4444444447530864,0.478,Medium,Other
Slovenia,1996,675771,23.365852589917814,21.6083708362007,3.3,0.01844060810212827,0.4444444447530864,0.189,Low,Other
Slovenia,1997,714296,5.700895717632148,24.39750580414865,3.3,0.021396291858919583,0.4444444447530864,0.191,Low,Other
Slovenia,1998,895871,25.420133950071122,10.840657496004479,3.3,0.007029917768695471,0.4444444447530864,0.182,Low,Other
Slovenia,1999,840454,-6.1858236286251085,15.963912468182283,3.3,0.012459099818751372,0.4444444447530864,0.185,Low,Other
Slovenia,2000,620558,-26.163954243777766,26.009550848785093,3.3,0.023104597626981204,0.4444444447530864,0.192,Low,Other
Slovenia,2001,1036276,66.99099842399905,49.04388883971385,3.3,0.047514394725584594,0.4444444447530864,0.206,Low,Other
Slovenia,2002,950732,-8.254943663657176,49.43097825445348,3.3,0.04792459857327201,0.4444444447530864,0.207,Low,Other
Slovenia,2003,1235098,29.910216548932823,37.6242732801973,3.3,0.035412874861561194,0.4444444447530864,0.199,Low,Other
Slovenia,2004,1284631,4.0104509925528165,19.48425525050372,3.3,0.016189654309522496,0.4444444447530864,0.187,Low,Other
Slovenia,2005,3062113,138.3651803514005,71.27934522047654,3.3,0.07107760626059857,0.4444444447530864,0.22,Low,Other
Slovenia,2006,6475019,111.4559129594499,71.08660125736381,3.3,0.07087335289619039,0.4444444447530864,0.22,Low,Other
Slovenia,2007,9371558,44.73406178422026,48.20563670354045,3.3,0.04662608768721772,0.4444444447530864,0.206,Low,Other
Slovenia,2008,11962526,27.647142556232374,44.286337677761864,3.3,0.04247275391110984,0.4444444447530864,0.203,Low,Other
Slovenia,2009,9941628,-16.893572477919793,31.816671230675645,3.3,0.029258481029444776,0.4444444447530864,0.195,Low,Other
Slovenia,2010,5783905,-41.821349581778755,35.19266203586131,3.3,0.03283606379278644,0.4444444447530864,0.197,Low,Other
Slovenia,2011,6271040,8.422251057028074,25.122050068098186,3.3,0.02216410113908774,0.4444444447530864,0.191,Low,Other
Slovenia,2012,9198903,46.68863537786396,44.3898505886537,3.3,0.04258244793196474,0.4444444447530864,0.203,Low,Other
Slovenia,2013,8984417,-2.3316475888483623,25.764803664470378,3.3,0.022845235751162183,0.4444444447530864,0.191,Low,Other
Slovenia,2014,21734396,141.9121463306968,73.34482174930623,3.3,0.07326641945768354,0.4444444447530864,0.222,Low,Other
Slovenia,2015,22721311,4.54079791313271,81.3678785491565,3.3,0.08176856042097236,0.4444444447530864,0.227,Low,Other
So. African Customs Union,1992,72143152,,,,0.5,0.5,0.5,Medium,Other
So. African Customs Union,1993,80095288,11.022717721011134,,,0.5,0.5,0.5,Medium,Other
So. African Customs Union,1994,84849698,5.935942199246469,3.5968934658135328,,0.0,0.5,0.2,Low,Other
So. African Customs Union,1995,160028601,88.6024402821092,46.328965998875404,,0.044637354555846324,0.5,0.227,Low,Other
So. African Customs Union,1996,202775765,26.71220252684705,43.00349681108707,,0.04111331022848002,0.5,0.225,Low,Other
So. African Customs Union,1997,132783018,-34.51731374308956,61.56017249174279,,0.060778068484948156,0.5,0.236,Low,Other
So. African Customs Union,1998,142916680,7.631745499262554,31.330657770643864,,0.02874344604336278,0.5,0.217,Low,Other
So. African Customs Union,1999,154416138,8.046267237666038,24.455311110923187,,0.02145754891827786,0.5,0.213,Low,Other
Solomon Isds,2014,245082,,,,0.5,0.5,0.5,Medium,Other
South Africa,2000,131628519,,,3.7,0.5,0.2222222226543208,0.389,Medium,Middle East & Africa
South Africa,2001,125532084,-4.631545691097538,,3.7,0.5,0.2222222226543208,0.389,Medium,Middle East & Africa
South Africa,2002,140956306,12.287075549546355,11.963271807586057,3.7,0.008219567220591431,0.2222222226543208,0.094,Low,Middle East & Africa
South Africa,2003,145347842,3.1155299997716934,8.469299205719592,3.7,0.004516957563946337,0.2222222226543208,0.092,Low,Middle East & Africa
South Africa,2004,143356154,-1.3702907264354192,6.961363479419639,3.7,0.0029189778377127175,0.2222222226543208,0.091,Low,Middle East & Africa
South Africa,2005,193992542,35.322088788738014,20.01547622507948,3.7,0.016752596305468864,0.2222222226543208,0.099,Low,Middle East & Africa
South Africa,2006,167144892,-13.839526882430352,25.55607240363549,3.7,0.022624040432802184,0.2222222226543208,0.102,Low,Middle East & Africa
South Africa,2007,186013550,11.288803249817537,24.582840371656907,3.7,0.021592693387368786,0.2222222226543208,0.102,Low,Middle East & Africa
South Africa,2008,325129339,74.7879866816154,45.677155910231285,3.7,0.04394662265736973,0.2222222226543208,0.115,Low,Middle East & Africa
South Africa,2009,213410991,-34.36120171240529,54.817294376606945,3.7,0.05363255005433826,0.2222222226543208,0.121,Low,Middle East & Africa
South Africa,2010,272890451,27.87085131899323,54.75337332410188,3.7,0.053564812057153695,0.2222222226543208,0.121,Low,Middle East & Africa
South Africa,2011,313569319,14.906665971980093,32.83347202774585,3.7,0.03033599847995524,0.2222222226543208,0.107,Low,Middle East & Africa
South Africa,2012,367032898,17.050003224326925,6.94927753771153,3.7,0.0029061702030866794,0.2222222226543208,0.091,Low,Middle East & Africa
South Africa,2013,478367000,30.333548465729088,8.356984825418156,3.7,0.004397936507839011,0.2222222226543208,0.092,Low,Middle East & Africa
South Africa,2014,361179902,-24.497320676384447,28.603778620928683,3.7,0.025853735612649604,0.2222222226543208,0.104,Low,Middle East & Africa
South Africa,2015,412619275,14.242036368900735,28.184211764520576,3.7,0.025409114984166422,0.2222222226543208,0.104,Low,Middle East & Africa
South Africa,2016,329213769,-20.21367179223511,21.237872056502137,3.7,0.01804798557304653,0.2222222226543208,0.1,Low,Middle East & Africa
Spain,1989,182394083,,,3.9,0.5,0.11111111160493814,0.344,Medium,Europe
Spain,1990,226265299,24.052982025738203,,3.9,0.5,0.11111111160493814,0.344,Medium,Europe
Spain,1991,181127598,-19.949016132606356,31.114111283523414,3.9,0.028513968824824654,0.11111111160493814,0.062,Low,Europe
Spain,1992,195355204,7.855018316976747,22.254640721697108,3.9,0.019125468972977587,0.11111111160493814,0.056,Low,Europe
Spain,1993,114246817,-41.518416371442044,24.752236973885292,3.9,0.021772205240117325,0.11111111160493814,0.058,Low,Europe
Spain,1994,142932007,25.108086818733867,34.57960707557852,3.9,0.032186401223942986,0.11111111160493814,0.064,Low,Europe
Spain,1995,238231159,66.67446571291762,54.578009178675494,3.9,0.05337897631879152,0.11111111160493814,0.076,Low,Europe
Spain,1996,219128366,-8.01859550202667,37.425914216433085,3.9,0.03520267109963584,0.11111111160493814,0.066,Low,Europe
Spain,1997,203607996,-7.0827753993291775,42.85646541930038,3.9,0.04095749908938621,0.11111111160493814,0.069,Low,Europe
Spain,1998,195535264,-3.964840359216537,2.122506730921071,3.9,0.0,0.11111111160493814,0.044,Low,Europe
Spain,1999,223590448,14.347889698300143,11.57836349691802,3.9,0.007811674718159926,0.11111111160493814,0.049,Low,Europe
Spain,2000,146751294,-34.366027121158595,24.60566984317198,3.9,0.021616886084713537,0.11111111160493814,0.057,Low,Europe
Spain,2001,150080669,2.2687193477149092,25.367488041093857,3.9,0.02242419505294262,0.11111111160493814,0.058,Low,Europe
Spain,2002,159381310,6.197094577183693,22.371498320767685,3.9,0.019249304538986302,0.11111111160493814,0.056,Low,Europe
Spain,2003,228645701,43.45828943180352,22.731803923319628,3.9,0.019631125221449438,0.11111111160493814,0.056,Low,Europe
Spain,2004,296037805,29.47446801109985,18.822769976379064,3.9,0.015488669487147496,0.11111111160493814,0.054,Low,Europe
Spain,2005,334569600,13.01583593352207,15.237983278561016,3.9,0.011689822914262649,0.11111111160493814,0.051,Low,Europe
Spain,2006,342808391,2.4625043638154764,13.613140448156765,3.9,0.009967955160871704,0.11111111160493814,0.05,Low,Europe
Spain,2007,456752794,33.238510489085435,15.639117230111644,3.9,0.012114909946091733,0.11111111160493814,0.052,Low,Europe
Spain,2008,818696415,79.24278203758507,38.64101144594067,3.9,0.036490325940814076,0.11111111160493814,0.066,Low,Europe
Spain,2009,563681897,-31.148849967786894,55.45033454080141,3.9,0.05430339121197599,0.11111111160493814,0.077,Low,Europe
Spain,2010,1004044564,78.12254914406094,63.41372880063898,3.9,0.06274230698091927,0.11111111160493814,0.082,Low,Europe
Spain,2011,920526191,-8.318193832679322,57.638932979065366,3.9,0.05662267834883151,0.11111111160493814,0.078,Low,Europe
Spain,2012,1019416208,10.742770598691198,45.41541032191589,3.9,0.04366924734470612,0.11111111160493814,0.071,Low,Europe
Spain,2013,1023127461,0.36405669940065,9.54305630252611,3.9,0.005654832369662676,0.11111111160493814,0.048,Low,Europe
Spain,2014,922476320,-9.83759549388148,10.290309990312393,3.9,0.00644670713103978,0.11111111160493814,0.048,Low,Europe
Spain,2015,846161426,-8.272829594151531,5.494209142988697,3.9,0.0013642146976251227,0.11111111160493814,0.045,Low,Europe
Spain,2016,799873991,-5.470284224466648,2.212696717961138,3.9,0.0,0.11111111160493814,0.044,Low,Europe
Sri Lanka,1990,72668,,,2.8,0.5,0.7222222223765432,0.589,Medium,Other
Sri Lanka,1991,134056,84.47734903946717,,2.8,0.5,0.7222222223765432,0.589,Medium,Other
Sri Lanka,1992,99370,-25.874261502655603,78.03037212919192,2.8,0.07823176007712462,0.7222222223765432,0.336,Medium,Other
Sri Lanka,1993,144465,45.38089966790781,55.951330481866435,2.8,0.054834303334279536,0.7222222223765432,0.322,Low,Other
Sri Lanka,1994,156897,8.605544595576786,35.63374281658397,2.8,0.033303483015590836,0.7222222223765432,0.309,Low,Other
Sri Lanka,1999,114159,-27.23952656838563,36.31120619998389,2.8,0.034021400054797174,0.7222222223765432,0.309,Low,Other
Sri Lanka,2000,831518,628.385847808758,368.61387315747766,2.8,0.38616699585840114,0.7222222223765432,0.521,Medium,Other
Sri Lanka,2001,155354,-81.31682056191207,395.06262430684774,2.8,0.4141950924037339,0.7222222223765432,0.537,Medium,Other
Sri Lanka,2002,193224,24.37658508953744,382.9003706234098,2.8,0.4013065889533037,0.7222222223765432,0.53,Medium,Other
Sri Lanka,2003,210083,8.725106612015065,57.04327805261669,2.8,0.05599145482935716,0.7222222223765432,0.322,Low,Other
Sri Lanka,2004,224843,7.02579456690926,9.564747528633164,2.8,0.005677818853072863,0.7222222223765432,0.292,Low,Other
Sri Lanka,2005,226299,0.6475629661585991,4.258642411419062,2.8,5.4868050403191126e-05,0.7222222223765432,0.289,Low,Other
Sri Lanka,2006,277397,22.579861157141657,11.28152272364159,2.8,0.007497108567002308,0.7222222223765432,0.293,Low,Other
Sri Lanka,2007,266843,-3.8046554216520034,14.124391831199,2.8,0.010509735112670447,0.7222222223765432,0.295,Low,Other
Sri Lanka,2008,538404,101.76808085653364,54.94318201487638,2.8,0.053765954874072576,0.7222222223765432,0.321,Low,Other
Sri Lanka,2009,351691,-34.678977124984215,71.55024576910473,2.8,0.07136468320756872,0.7222222223765432,0.332,Medium,Other
Sri Lanka,2010,290016,-17.536701251951293,74.32506114794187,2.8,0.07430519230360495,0.7222222223765432,0.333,Medium,Other
Sri Lanka,2011,460580,58.811927617786594,49.77201359200744,2.8,0.04828599829730247,0.7222222223765432,0.318,Low,Other
Sri Lanka,2012,691831,50.208649963090025,41.818182106076655,2.8,0.03985721632820429,0.7222222223765432,0.313,Low,Other
Sri Lanka,2013,597541,-13.629051025467199,39.574747505407316,2.8,0.03747981857412554,0.7222222223765432,0.311,Low,Other
Sri Lanka,2014,1521448,154.61817682803357,84.93500559060193,2.8,0.08554869281899981,0.7222222223765432,0.34,Medium,Other
Sri Lanka,2015,899405,-40.884933300382265,105.88632180224789,2.8,0.10775108378314911,0.7222222223765432,0.354,Medium,Other
Sri Lanka,2016,1106457,23.020997214825357,99.68554869107899,2.8,0.10118004130049925,0.7222222223765432,0.35,Medium,Other
State of Palestine,2007,426370,,,,0.5,0.5,0.5,Medium,Other
State of Palestine,2008,223032,-47.69050355325187,,,0.5,0.5,0.5,Medium,Other
State of Palestine,2009,644637,189.03341224577642,167.38908613052618,,0.17292638853242023,0.5,0.304,Low,Other
State of Palestine,2010,179591,-72.14075518470085,144.2497676769184,,0.14840534222863797,0.5,0.289,Low,Other
State of Palestine,2011,302363,68.36200032295605,130.71250877000665,,0.1340597272897971,0.5,0.28,Low,Other
State of Palestine,2012,283402,-6.2709392352900295,70.29690916102271,,0.07003650558372809,0.5,0.242,Low,Other
State of Palestine,2013,217885,-23.118044332785225,48.68692361659215,,0.047136113888032856,0.5,0.228,Low,Other
State of Palestine,2014,345965,58.78330311861761,43.2506456845105,,0.04137521720647914,0.5,0.225,Low,Other
State of Palestine,2015,290872,-15.924443224025552,45.35200468715811,,0.04360205554262545,0.5,0.226,Low,Other
Sudan,2012,5081,,,2.4,0.5,0.9444444444753086,0.678,High,Other
Sudan,2015,244,-95.19779570950601,,2.4,0.5,0.9444444444753086,0.678,High,Other
Suriname,1994,7061,,,,0.5,0.5,0.5,Medium,Other
Suriname,1995,3338,-52.726242741821274,,,0.5,0.5,0.5,Medium,Other
Suriname,1996,33612,906.9502696225286,678.5937696382874,,0.7146568522077548,0.5,0.629,Medium,Other
Suriname,2000,4720,-85.95739616803523,563.9073432647579,,0.5931221070440673,0.5,0.556,Medium,Other
Suriname,2001,60835,1188.8771186440679,669.6456054189024,,0.70517436249669,0.5,0.623,Medium,Other
Suriname,2002,11859,-80.50628749897263,734.4575080213103,,0.7738564054849562,0.5,0.664,High,Other
Suriname,2003,7896,-33.41765747533518,719.6707685460058,,0.7581866992192828,0.5,0.655,Medium,Other
Suriname,2004,3451,-56.294326241134755,23.547470208334584,,0.020495497730232962,0.5,0.212,Low,Other
Suriname,2005,126026,3551.8690234714577,2076.6016583494247,,0.9999999999989403,0.5,0.8,High,Other
Suriname,2006,5853,-95.35572024820274,2094.5411940689987,,0.9999999999989403,0.5,0.8,High,Other
Suriname,2007,1040,-82.23133435844866,2101.9477471893138,,0.9999999999989403,0.5,0.8,High,Other
Suriname,2008,731934,70278.26923076923,40626.443155436136,,0.9999999999989403,0.5,0.8,High,Other
Suriname,2009,669,-99.90859831624162,40627.75788957465,,0.9999999999989403,0.5,0.8,High,Other
Suriname,2011,25152,3659.6412556053815,39592.22087510749,,0.9999999999989403,0.5,0.8,High,Other
Suriname,2012,704,-97.20101781170484,2169.795931358553,,0.9999999999989403,0.5,0.8,High,Other
Suriname,2014,8000,1036.3636363636363,1927.0192076597152,,0.9999999999989403,0.5,0.8,High,Other
Suriname,2016,47931,499.1375,567.0391483555061,,0.596440922928754,0.5,0.558,Medium,Other
Swaziland,2000,131162,,,,0.5,0.5,0.5,Medium,Other
Swaziland,2001,1240766,845.9797807291746,,,0.5,0.5,0.5,Medium,Other
Swaziland,2002,910595,-26.610255277788074,617.014331656337,,0.6494002953586976,0.5,0.59,Medium,Other
Swaziland,2003,598276,-34.29834339085982,506.024053025439,,0.5317824075615917,0.5,0.519,Medium,Other
Swaziland,2004,404600,-32.3723498853372,4.000372567739578,,0.0,0.5,0.2,Low,Other
Swaziland,2005,879488,117.37221947602569,87.01638269559886,,0.087754356070041,0.5,0.253,Low,Other
Swaziland,2006,1649931,87.60130894338525,79.2710770919565,,0.07954655177690087,0.5,0.248,Low,Other
Swaziland,2007,1469921,-10.910153212467677,67.14062658904355,,0.06669175058368379,0.5,0.24,Low,Other
Sweden,1992,45927902,,,4.0,0.5,0.05555555608024676,0.322,Low,Europe
Sweden,1993,46509181,1.265633688209844,,4.0,0.5,0.05555555608024676,0.322,Low,Europe
Sweden,1994,55165079,18.611159805200607,12.265139140572533,4.0,0.008539460084532135,0.05555555608024676,0.027,Low,Europe
Sweden,1995,72088174,30.677188008740085,14.78454057697499,4.0,0.011209303598017641,0.05555555608024676,0.029,Low,Europe
Sweden,1996,59356338,-17.66147662444606,25.159225242064394,4.0,0.02220349616984477,0.05555555608024676,0.036,Low,Europe
Sweden,1997,47872205,-19.347778833660524,28.407649853644827,4.0,0.025645895325835912,0.05555555608024676,0.038,Low,Europe
Sweden,1998,66850127,39.642882545309966,33.58206695277894,4.0,0.0311292945684427,0.05555555608024676,0.041,Low,Europe
Sweden,1999,20934346,-68.68465784664852,54.23541550199152,4.0,0.05301592520187148,0.05555555608024676,0.054,Low,Europe
Sweden,2000,55990178,167.45606478463668,118.2042768870486,4.0,0.12080458609817576,0.05555555608024676,0.095,Low,Europe
Sweden,2001,57720476,3.0903598841925506,121.05796063766866,4.0,0.12382867306623403,0.05555555608024676,0.097,Low,Europe
Sweden,2002,53955452,-6.522856810813549,97.78988022128605,4.0,0.09917117598246455,0.05555555608024676,0.082,Low,Europe
Sweden,2003,62532922,15.897318402596273,11.247935946335916,4.0,0.007461516208344101,0.05555555608024676,0.027,Low,Europe
Sweden,2004,60856528,-2.6808182736127395,11.990083952175056,4.0,0.008247980410041615,0.05555555608024676,0.027,Low,Europe
Sweden,2005,62390373,2.520428046765999,9.58419985563967,4.0,0.005698432745059316,0.05555555608024676,0.026,Low,Europe
Sweden,2006,74121970,18.803537205972475,11.208405607318928,4.0,0.007419625377575547,0.05555555608024676,0.027,Low,Europe
Sweden,2007,81573365,10.05288310604804,8.149145868200561,4.0,0.004177686775597315,0.05555555608024676,0.025,Low,Europe
Sweden,2008,163638166,100.60244664419571,49.94473443952528,4.0,0.04846903289739688,0.05555555608024676,0.051,Low,Europe
Sweden,2009,133840097,-18.209730485490773,62.06761396287878,4.0,0.061315811021969376,0.05555555608024676,0.059,Low,Europe
Sweden,2010,150001154,12.074899347988378,61.73953199899434,4.0,0.060968138161855735,0.05555555608024676,0.059,Low,Europe
Sweden,2011,179714090,19.80847160682511,20.092911827995763,4.0,0.016834655853094623,0.05555555608024676,0.032,Low,Europe
Sweden,2012,201649010,12.205453673665767,4.427773443589553,4.0,0.0002340984749973286,0.05555555608024676,0.022,Low,Europe
Sweden,2013,176144155,-12.64814292914208,16.975172914796268,4.0,0.01353074608552976,0.05555555608024676,0.03,Low,Europe
Sweden,2014,152401130,-13.479314712429712,14.595087288055758,4.0,0.011008537405214413,0.05555555608024676,0.029,Low,Europe
Sweden,2015,149080034,-2.17918069242663,6.297923542950935,4.0,0.0022159216334194155,0.05555555608024676,0.024,Low,Europe
Sweden,2016,154575536,3.68627632590961,8.72500363514243,4.0,0.004787930979456853,0.05555555608024676,0.025,Low,Europe
Switzerland,1988,4140875,,,4.1,0.5,5.555556015224283e-10,0.3,Low,Europe
Switzerland,1989,3608284,-12.861798532918767,,4.1,0.5,5.555556015224283e-10,0.3,Low,Europe
Switzerland,1990,4851997,34.468268018814484,33.46741101274118,4.1,0.031007792130058172,5.555556015224283e-10,0.019,Low,Europe
Switzerland,1991,6128784,26.314670021436527,25.302872196928995,4.1,0.022355720775711803,5.555556015224283e-10,0.013,Low,Europe
Switzerland,1992,6001752,-2.0727113241386874,19.18144829127043,4.1,0.0158687657110379,5.555556015224283e-10,0.01,Low,Europe
Switzerland,1993,5160585,-14.015357515605443,20.71626309147892,4.1,0.017495229552619833,5.555556015224283e-10,0.01,Low,Europe
Switzerland,1994,5243900,1.614448749511932,8.170197787777031,4.1,0.0041999957772973035,5.555556015224283e-10,0.003,Low,Europe
Switzerland,1995,5166283,-1.4801388279715444,8.27646284861094,4.1,0.004312606288380712,5.555556015224283e-10,0.003,Low,Europe
Switzerland,1996,5204317,0.7361966040187795,1.594780123448242,4.1,0.0,5.555556015224283e-10,0.0,Low,Europe
Switzerland,1997,4325898,-16.878660542776313,9.594354295195403,4.1,0.0057091935409329855,5.555556015224283e-10,0.003,Low,Europe
Switzerland,1998,7123591,64.67311526993933,42.912517402660754,4.1,0.04101689812839223,5.555556015224283e-10,0.025,Low,Europe
Switzerland,1999,6520083,-8.471963087156464,44.85451888825963,4.1,0.04307486316508325,5.555556015224283e-10,0.026,Low,Europe
Switzerland,2000,7650063,17.330760973441595,37.097352931505704,4.1,0.03485449029658032,5.555556015224283e-10,0.021,Low,Europe
Switzerland,2001,6474847,-15.362174141572426,17.234092103329573,4.1,0.013805126224412935,5.555556015224283e-10,0.008,Low,Europe
Switzerland,2002,8050272,24.331462967387484,21.187349455828418,4.1,0.017994446095079986,5.555556015224283e-10,0.011,Low,Europe
Switzerland,2003,9022075,12.071679068732077,20.324465676224087,4.1,0.017080036573603286,5.555556015224283e-10,0.01,Low,Europe
Switzerland,2004,6790193,-24.738012042684197,25.537779330251286,4.1,0.02260465501743691,5.555556015224283e-10,0.014,Low,Europe
Switzerland,2005,6508136,-4.153887820272562,18.44780271735687,4.1,0.015091311650557802,5.555556015224283e-10,0.009,Low,Europe
Switzerland,2006,7448516,14.449298539551103,19.60199829698737,4.1,0.01631442819603789,5.555556015224283e-10,0.01,Low,Europe
Switzerland,2007,8544143,14.709332704662238,10.816401504795683,4.1,0.007004213369286842,5.555556015224283e-10,0.004,Low,Europe
Switzerland,2008,11032499,29.12352941658396,8.398112252658004,4.1,0.0044415197944308645,5.555556015224283e-10,0.003,Low,Europe
Switzerland,2009,9199632,-16.613343903316924,23.383543778402093,4.1,0.020321782692478182,5.555556015224283e-10,0.012,Low,Europe
Switzerland,2010,11172389,21.44386862431018,24.49214226487762,4.1,0.021496579386411533,5.555556015224283e-10,0.013,Low,Europe
Switzerland,2011,14827869,32.7188750767629,25.84938756648591,4.1,0.02293487044727632,5.555556015224283e-10,0.014,Low,Europe
Switzerland,2012,5238970,-64.66808548146736,53.270715058696005,4.1,0.05199361919546271,5.555556015224283e-10,0.031,Low,Europe
Switzerland,2013,20983151,300.5205412514292,189.1052112748159,4.1,0.1959392577865202,5.555556015224283e-10,0.118,Low,Europe
Switzerland,2014,7669150,-63.450913544872265,210.49126447001638,4.1,0.21860234536647863,5.555556015224283e-10,0.131,Low,Europe
Switzerland,2015,10290913,34.18583545764524,188.38892844882466,4.1,0.1951802032630281,5.555556015224283e-10,0.117,Low,Europe
Switzerland,2016,10702947,4.003862436695371,49.99005410069328,4.1,0.04851705875054378,5.555556015224283e-10,0.029,Low,Europe
Syria,2002,725180,,,,0.5,0.5,0.5,Medium,Other
Syria,2003,23495,-96.76011473013597,,,0.5,0.5,0.5,Medium,Other
Syria,2004,248847,959.1487550542669,746.6403221395744,,0.7867666971041006,0.5,0.672,High,Other
Syria,2005,680423,173.43026036078393,548.528323939694,,0.5768247538729822,0.5,0.546,Medium,Other
Syria,2006,346036,-49.143988371939216,529.708584278229,,0.5568812231856313,0.5,0.534,Medium,Other
Syria,2007,325239,-6.010068316591333,118.03859736975971,,0.12062901329022231,0.5,0.272,Low,Other
Syria,2008,1339345,311.80332002004684,197.12468317487756,,0.2044375997833923,0.5,0.323,Low,Other
Syria,2009,4089353,205.32484162034427,161.7639537136251,,0.16696536021880404,0.5,0.3,Low,Other
Syria,2010,17501869,327.9862609072878,66.6400501695024,,0.06616128303396923,0.5,0.24,Low,Other
TFYR of Macedonia,1994,137507,,,,0.5,0.5,0.5,Medium,Other
TFYR of Macedonia,1995,235134,70.99784010995805,,,0.5,0.5,0.5,Medium,Other
TFYR of Macedonia,1996,8083560,3337.8524585980763,2310.01505388354,,0.9999999999989403,0.5,0.8,High,Other
TFYR of Macedonia,1997,4811567,-40.47712888875693,1919.1090193428897,,0.9999999999989403,0.5,0.8,High,Other
TFYR of Macedonia,1998,5845101,21.48019553712959,1932.8422292459602,,0.9999999999989403,0.5,0.8,High,Other
TFYR of Macedonia,1999,4838767,-17.216708488014156,31.297517442456915,,0.028708326792827206,0.5,0.217,Low,Other
TFYR of Macedonia,2000,3388075,-29.980612829673348,26.79733330308374,,0.023939421266142992,0.5,0.214,Low,Other
TFYR of Macedonia,2001,6719078,98.31550364144832,70.67590678010681,,0.07043813444696435,0.5,0.242,Low,Other
TFYR of Macedonia,2002,6841408,1.8206367004520496,66.81126691311108,,0.06634272371496547,0.5,0.24,Low,Other
TFYR of Macedonia,2003,2869321,-58.05949594001702,78.89870100863973,,0.07915193984398078,0.5,0.247,Low,Other
TFYR of Macedonia,2004,377002,-86.86093330094472,45.23931538129305,,0.04348263717286671,0.5,0.226,Low,Other
TFYR of Macedonia,2005,197661,-47.57030466681874,20.344120469586635,,0.017100865021904416,0.5,0.21,Low,Other
TFYR of Macedonia,2006,13470,-93.18530210815487,24.71328634172267,,0.02173092873248223,0.5,0.213,Low,Other
TFYR of Macedonia,2007,9672,-28.19599109131403,33.36590716219952,,0.030900227137418718,0.5,0.219,Low,Other
TFYR of Macedonia,2009,47320,389.247311827957,261.7962785220039,,0.2729709572902596,0.5,0.364,Medium,Other
TFYR of Macedonia,2010,49744,5.122569737954352,231.99168632144102,,0.24138663094630886,0.5,0.345,Medium,Other
TFYR of Macedonia,2011,642337,1191.2853811514956,605.2271057642215,,0.6369092138917479,0.5,0.582,Medium,Other
TFYR of Macedonia,2012,829911,29.201805282896665,677.9872493968766,,0.7140141145681983,0.5,0.628,Medium,Other
TFYR of Macedonia,2013,415407,-49.94559657601839,694.904896202227,,0.7319419719291117,0.5,0.639,Medium,Other
TFYR of Macedonia,2014,93411,-77.5133784457171,55.39618557335436,,0.05424600882447252,0.5,0.233,Low,Other
TFYR of Macedonia,2015,119240,27.65091905664214,54.52939773600895,,0.05332746212061366,0.5,0.232,Low,Other
TFYR of Macedonia,2016,351107,194.45404226769543,137.1429238128567,,0.14087412440933195,0.5,0.285,Low,Other
Thailand,1989,96676,,,3.5,0.5,0.33333333370370355,0.433,Medium,Asia Pacific
Thailand,1990,1533773,1486.508544002648,,3.5,0.5,0.33333333370370355,0.433,Medium,Asia Pacific
Thailand,1991,82940,-94.59242012996708,1118.0072134787604,3.5,0.9999999999989403,0.33333333370370355,0.733,High,Asia Pacific
Thailand,1992,937234,1030.0144682903303,813.7370330174149,3.5,0.8578699820848427,0.33333333370370355,0.648,Medium,Asia Pacific
Thailand,1993,3052449,225.68696824912453,579.4051931975016,3.5,0.6095453866048629,0.33333333370370355,0.499,Medium,Asia Pacific
Thailand,1994,1552864,-49.1272745261264,560.80485263646,3.5,0.5898343560886505,0.33333333370370355,0.487,Medium,Asia Pacific
Thailand,1995,3805763,145.0802517155398,141.26622268573152,3.5,0.14524363956116357,0.33333333370370355,0.22,Low,Asia Pacific
Thailand,1996,9375514,146.35044273644996,112.49423287464208,3.5,0.1147535758272564,0.33333333370370355,0.202,Low,Asia Pacific
Thailand,1997,22552551,140.54735559031747,3.050583357809729,3.5,0.0,0.33333333370370355,0.133,Low,Asia Pacific
Thailand,1998,19290139,-14.4658225138256,91.21826605768149,3.5,0.09220714825972003,0.33333333370370355,0.189,Low,Asia Pacific
Thailand,1999,20910479,8.399835791748323,83.68083283584889,3.5,0.08421962911931048,0.33333333370370355,0.184,Low,Asia Pacific
Thailand,2000,19401815,-7.2148705919171,11.684988154106435,3.5,0.007924666298326126,0.33333333370370355,0.138,Low,Asia Pacific
Thailand,2001,17801231,-8.249661178606226,9.328233097901418,3.5,0.0054271813367124085,0.33333333370370355,0.137,Low,Asia Pacific
Thailand,2002,31539879,77.17807830256234,49.02574032677016,3.5,0.04749516250285819,0.33333333370370355,0.162,Low,Asia Pacific
Thailand,2003,32398690,2.72293688888281,46.479143466262634,3.5,0.04479649963347556,0.33333333370370355,0.16,Low,Asia Pacific
Thailand,2004,39995992,23.44941107186742,38.427257030602966,3.5,0.03626380751821479,0.33333333370370355,0.155,Low,Asia Pacific
Thailand,2005,68359180,70.91507569058419,34.9588897709519,3.5,0.03258833218634883,0.33333333370370355,0.153,Low,Asia Pacific
Thailand,2006,54976715,-19.576690358193293,45.264029951300756,3.5,0.04350882753438285,0.33333333370370355,0.159,Low,Asia Pacific
Thailand,2007,55163804,0.3403058913214352,47.55040237202565,3.5,0.04593172707261642,0.33333333370370355,0.161,Low,Asia Pacific
Thailand,2008,91074162,65.0976825311032,44.27180064304635,3.5,0.04245734882032925,0.33333333370370355,0.159,Low,Asia Pacific
Thailand,2009,76546680,-15.951266177996782,42.871640269932776,3.5,0.04097358008225366,0.33333333370370355,0.158,Low,Asia Pacific
Thailand,2010,88701928,15.87952344895951,40.834132859985196,3.5,0.03881440613580433,0.33333333370370355,0.157,Low,Asia Pacific
Thailand,2011,132070967,48.89300602349928,32.42393364300814,3.5,0.029902005157487102,0.33333333370370355,0.151,Low,Asia Pacific
Thailand,2012,139534510,5.651161015577322,22.599286823030774,3.5,0.019490695071843225,0.33333333370370355,0.145,Low,Asia Pacific
Thailand,2013,124085197,-11.072037304606585,30.94438275112148,3.5,0.028334105221216575,0.33333333370370355,0.15,Low,Asia Pacific
Thailand,2014,160562787,29.3972132711366,20.335931262762113,3.5,0.017092186809530185,0.33333333370370355,0.144,Low,Asia Pacific
Thailand,2015,143597849,-10.565921479676355,23.220208635664175,3.5,0.02014869424969879,0.33333333370370355,0.145,Low,Asia Pacific
Timor-Leste,2005,23,,,1.71,0.5,1.0,0.7,High,Other
Togo,1995,70816,,,2.5,0.5,0.8888888889506172,0.656,Medium,Other
Togo,1997,40953,-42.16984862178039,,2.5,0.5,0.8888888889506172,0.656,Medium,Other
Togo,1998,23771,-41.95541230190707,0.15162937591511086,2.5,0.0,0.8888888889506172,0.356,Medium,Other
Togo,1999,98778,315.5399436287913,206.4619702539668,2.5,0.2143324482110631,0.8888888889506172,0.484,Medium,Other
Togo,2000,107027,8.351049828909263,193.51945902076238,2.5,0.2006170953637909,0.8888888889506172,0.476,Medium,Other
Togo,2001,2740845,2460.8911769927213,1336.1543078501336,2.5,0.9999999999989403,0.8888888889506172,0.956,High,Other
Togo,2002,46736,-98.29483243306353,1447.7430394924368,2.5,0.9999999999989403,0.8888888889506172,0.956,High,Other
Togo,2003,39926,-14.57120849024307,1453.9805533997467,2.5,0.9999999999989403,0.8888888889506172,0.956,High,Other
Togo,2004,79047,97.98376997445273,98.49158859716235,2.5,0.09991478576557516,0.8888888889506172,0.416,Medium,Other
Togo,2005,19074,-75.87005199438309,88.17721059066801,2.5,0.08898450096919963,0.8888888889506172,0.409,Medium,Other
Togo,2008,15717133,82300.82310999265,47510.098219600324,2.5,0.9999999999989403,0.8888888889506172,0.956,High,Other
Togo,2009,24790913,57.7317758906793,47521.68539719878,2.5,0.9999999999989403,0.8888888889506172,0.956,High,Other
Togo,2010,30245908,22.00401009837758,47493.38799793752,2.5,0.9999999999989403,0.8888888889506172,0.956,High,Other
Togo,2011,46802171,54.73885260776432,19.820026714537452,2.5,0.016545475836140373,0.8888888889506172,0.365,Medium,Other
Togo,2012,24014052,-48.69030327674329,52.86278802406915,2.5,0.05156133344233198,0.8888888889506172,0.386,Medium,Other
Togo,2013,20803091,-13.371175343503051,52.57376879816809,2.5,0.05125505588989619,0.8888888889506172,0.386,Medium,Other
Togo,2014,6742631,-67.58832137012716,27.519916456047877,2.5,0.024705152330681067,0.8888888889506172,0.37,Medium,Other
Togo,2015,12793535,89.74099279643212,79.92093096648797,2.5,0.08023521064902914,0.8888888889506172,0.404,Medium,Other
Togo,2016,21290224,66.41392703424034,84.90511142054262,2.5,0.08551701356579677,0.8888888889506172,0.407,Medium,Other
Tonga,2011,18,,,,0.5,0.5,0.5,Medium,Other
Trinidad and Tobago,1991,67000481,,,2.5,0.5,0.8888888889506172,0.656,Medium,Other
Trinidad and Tobago,1992,59958010,-10.51107528616101,,2.5,0.5,0.8888888889506172,0.656,Medium,Other
Trinidad and Tobago,1993,58076740,-3.137645829139424,5.213801969660606,2.5,0.0010670634528779483,0.8888888889506172,0.356,Medium,Other
Trinidad and Tobago,1994,58808030,1.2591788037689344,5.947526238582109,2.5,0.001844600907514075,0.8888888889506172,0.357,Medium,Other
Trinidad and Tobago,1995,96293132,63.74146863957184,37.40807524696776,2.5,0.03518376690428765,0.8888888889506172,0.377,Medium,Other
Trinidad and Tobago,1996,115665194,20.117802378678462,32.04868297945908,2.5,0.029504346993316895,0.8888888889506172,0.373,Medium,Other
Trinidad and Tobago,1997,85364931,-26.196526329260294,44.97570499859245,2.5,0.04320328571256683,0.8888888889506172,0.381,Medium,Other
Trinidad and Tobago,1998,49681900,-41.8005738211163,32.203490113688005,2.5,0.02966839819103017,0.8888888889506172,0.373,Medium,Other
Trinidad and Tobago,1999,48104182,-3.175639417977172,19.430787811945002,2.5,0.01613299414732837,0.8888888889506172,0.365,Medium,Other
Trinidad and Tobago,2000,61007668,26.824042034432672,34.40252981544266,2.5,0.03199875007493253,0.8888888889506172,0.375,Medium,Other
Trinidad and Tobago,2001,65648379,7.6067667428297625,15.196188335105202,2.5,0.011645532251778412,0.8888888889506172,0.363,Medium,Other
Trinidad and Tobago,2002,62872683,-4.228125724170583,15.671659515651998,2.5,0.012149395442808752,0.8888888889506172,0.363,Medium,Other
Trinidad and Tobago,2003,79976664,27.204153193207926,15.87508736632551,2.5,0.012364970666246946,0.8888888889506172,0.363,Medium,Other
Trinidad and Tobago,2004,103048664,28.84841508267961,18.640231162945536,2.5,0.01529523065681137,0.8888888889506172,0.365,Medium,Other
Trinidad and Tobago,2005,144421143,40.14848654418266,7.046878482673565,2.5,0.003009599234304918,0.8888888889506172,0.357,Medium,Other
Trinidad and Tobago,2006,151699354,5.039574434056382,17.921998668411142,2.5,0.014534110043398794,0.8888888889506172,0.364,Medium,Other
Trinidad and Tobago,2007,233416987,53.86814831129736,25.18297856173817,2.5,0.022228667881481697,0.8888888889506172,0.369,Medium,Other
Trinidad and Tobago,2008,364594617,56.198836119840756,28.887516879500748,2.5,0.026154416853134254,0.8888888889506172,0.371,Medium,Other
Trinidad and Tobago,2009,153313267,-57.94966248774869,65.24126333836969,2.5,0.06467896985676422,0.8888888889506172,0.394,Medium,Other
Trinidad and Tobago,2010,218662721,42.62478732515693,62.35563926678428,2.5,0.061621035301927654,0.8888888889506172,0.393,Medium,Other
Trinidad and Tobago,2011,475729993,117.56337377691372,88.06800174997046,2.5,0.08886877089508807,0.8888888889506172,0.409,Medium,Other
Trinidad and Tobago,2012,332992340,-30.003921363015685,73.78666056049008,2.5,0.07373464197554071,0.8888888889506172,0.4,Medium,Other
Trinidad and Tobago,2013,242196674,-27.266592979285953,84.41891457901806,2.5,0.08500178424788583,0.8888888889506172,0.407,Medium,Other
Trinidad and Tobago,2014,448529629,85.19231564674583,65.73263030039149,2.5,0.06519967802075108,0.8888888889506172,0.395,Medium,Other
Trinidad and Tobago,2015,505037582,12.598488337545266,57.017679423657356,2.5,0.055964327618705574,0.8888888889506172,0.389,Medium,Other
Tunisia,1991,239615880,,,2.57,0.5,0.8500000000833333,0.64,Medium,Other
Tunisia,1992,236451048,-1.3207939306860594,,2.57,0.5,0.8500000000833333,0.64,Medium,Other
Tunisia,1993,183360009,-22.45328978199327,14.942931119855912,2.57,0.011377152181970154,0.8500000000833333,0.347,Medium,Other
Tunisia,1994,229782842,25.317861431823996,23.938404390997245,2.57,0.020909775930086673,0.8500000000833333,0.353,Medium,Other
Tunisia,1995,298104504,29.733143434617283,28.939596332503033,2.57,0.026209606148406932,0.8500000000833333,0.356,Medium,Other
Tunisia,1996,327369658,9.81707877852125,10.459593757367118,2.57,0.006626099410840501,0.8500000000833333,0.344,Medium,Other
Tunisia,1997,279658025,-14.57423797045968,22.191327176436424,2.57,0.019058374759372873,0.8500000000833333,0.351,Medium,Other
Tunisia,1998,303679148,8.589463148786812,13.741666701588432,2.57,0.010104156156504665,0.8500000000833333,0.346,Medium,Other
Tunisia,1999,288563127,-4.977628888763874,11.638427311883948,2.57,0.007875325148958666,0.8500000000833333,0.345,Medium,Other
Tunisia,2000,266452846,-7.662198989131419,8.71195945452956,2.57,0.004774107886203509,0.8500000000833333,0.343,Medium,Other
Tunisia,2001,288768582,8.375116398644145,8.589705157737429,2.57,0.004644553367193516,0.8500000000833333,0.343,Medium,Other
Tunisia,2002,289479255,0.24610468184520506,8.018910808117047,2.57,0.004039674934622551,0.8500000000833333,0.342,Medium,Other
Tunisia,2003,346543611,19.71276180049586,9.777301724957105,2.57,0.005903065387475865,0.8500000000833333,0.344,Medium,Other
Tunisia,2004,437529781,26.255330386108323,13.52920153352158,2.57,0.009879003966540493,0.8500000000833333,0.346,Medium,Other
Tunisia,2005,419891146,-4.031413578222232,15.936739148236892,2.57,0.012430303886928907,0.8500000000833333,0.347,Medium,Other
Tunisia,2006,456977113,8.83228125986728,15.200461318130074,2.57,0.011650060389234934,0.8500000000833333,0.347,Medium,Other
Tunisia,2007,661666581,44.792061172656595,25.305836293279064,2.57,0.022358861868393275,0.8500000000833333,0.353,Medium,Other
Tunisia,2008,1525443879,130.5457042570509,62.53125939788472,2.57,0.06180714231174404,0.8500000000833333,0.377,Medium,Other
Tunisia,2009,661205755,-56.65486196493499,93.70985141218452,2.57,0.09484751469791426,0.8500000000833333,0.397,Medium,Other
Tunisia,2010,812785240,22.924707453582283,93.94966632514891,2.57,0.09510164977959037,0.8500000000833333,0.397,Medium,Other
Tunisia,2011,471901084,-41.94024930866117,42.341646776014116,2.57,0.040411938864032874,0.8500000000833333,0.364,Medium,Other
Tunisia,2012,551341699,16.834166670403317,35.8212908674887,2.57,0.03350223020210107,0.8500000000833333,0.36,Medium,Other
Tunisia,2013,600057898,8.83593587939373,31.87638794812966,2.57,0.02932176363635196,0.8500000000833333,0.358,Medium,Other
Tunisia,2014,498524673,-16.92057138792964,17.638743831806693,2.57,0.014233941091660934,0.8500000000833333,0.349,Medium,Other
Tunisia,2015,257753356,-48.296770458941765,28.61237980402285,2.57,0.025862850401805654,0.8500000000833333,0.356,Medium,Other
Tunisia,2016,312536246,21.25399678598172,34.830716204153994,2.57,0.032452504937474855,0.8500000000833333,0.359,Medium,Other
Turkey,1993,9497,,,3.4,0.5,0.38888888922839493,0.456,Medium,Middle East & Africa
Turkey,1994,31986986,336711.4773086238,,3.4,0.5,0.38888888922839493,0.456,Medium,Middle East & Africa
Turkey,1995,20390414,-36.25403156146065,238116.60437983065,3.4,0.9999999999989403,0.38888888922839493,0.756,High,Middle East & Africa
Turkey,1996,19388883,-4.911773738385106,194412.34623936284,3.4,0.9999999999989403,0.38888888922839493,0.756,High,Middle East & Africa
Turkey,1997,7880690,-59.354595104834054,27.325183632098177,3.4,0.024498791343752675,0.38888888922839493,0.17,Low,Middle East & Africa
Turkey,1998,14115827,79.11917611275155,69.76174530714704,3.4,0.06946938526567266,0.38888888922839493,0.197,Low,Middle East & Africa
Turkey,1999,8372318,-40.68843433686173,75.1412829253848,3.4,0.07517015347516932,0.38888888922839493,0.201,Low,Middle East & Africa
Turkey,2000,6022753,-28.06349448265104,65.82980265715968,3.4,0.06530265287130847,0.38888888922839493,0.195,Low,Middle East & Africa
Turkey,2001,18742801,211.19989479893997,141.92374062326988,3.4,0.1459404201437149,0.38888888922839493,0.243,Low,Middle East & Africa
Turkey,2002,34903960,86.22595416768284,119.67144839347547,3.4,0.12235936743353848,0.38888888922839493,0.229,Low,Middle East & Africa
Turkey,2003,20371402,-41.635843039013345,126.42061761782335,3.4,0.12951155263700945,0.38888888922839493,0.233,Low,Middle East & Africa
Turkey,2004,39177657,92.31694018899633,75.64069389060484,3.4,0.07569938597729894,0.38888888922839493,0.201,Low,Middle East & Africa
Turkey,2005,37754762,-3.6319042764604292,69.03360082066855,3.4,0.06869776078137421,0.38888888922839493,0.197,Low,Middle East & Africa
Turkey,2006,37557667,-0.5220401071525771,54.520528664568666,3.4,0.05331806344658206,0.38888888922839493,0.188,Low,Middle East & Africa
Turkey,2007,84346154,124.57772470265525,73.14065373981951,3.4,0.07305005987801777,0.38888888922839493,0.199,Low,Middle East & Africa
Turkey,2008,217320797,157.65347522543826,83.43006061184991,3.4,0.0839538824280797,0.38888888922839493,0.206,Low,Middle East & Africa
Turkey,2009,83679409,-61.4949833816411,118.14052711331243,3.4,0.12073702960740124,0.38888888922839493,0.228,Low,Middle East & Africa
Turkey,2010,205483896,145.5608834426639,123.1830681516922,3.4,0.1260806780185995,0.38888888922839493,0.231,Low,Middle East & Africa
Turkey,2011,200598345,-2.3775833995283047,106.65582414318798,3.4,0.10856653574085873,0.38888888922839493,0.221,Low,Middle East & Africa
Turkey,2012,147397383,-26.521137051255327,93.16734311188644,3.4,0.09427261137141972,0.38888888922839493,0.212,Low,Middle East & Africa
Turkey,2013,98500703,-33.17337052042505,16.20464902846339,3.4,0.012714211582457875,0.38888888922839493,0.163,Low,Middle East & Africa
Turkey,2014,151355908,53.65972362654101,48.327371250064694,3.4,0.046755091419893584,0.38888888922839493,0.184,Low,Middle East & Africa
Turkey,2015,134435224,-11.179401071017326,45.14390513711875,3.4,0.04338152965667327,0.38888888922839493,0.182,Low,Middle East & Africa
Turkey,2016,146239422,8.780584171898287,33.20805691390258,3.4,0.030732951110887814,0.38888888922839493,0.174,Low,Middle East & Africa
